Crash ID,$1000 Damage to Any One Person's Property,Active School Zone Flag,Adjusted Average Daily Traffic Amount,Agency,At Intersection Flag,Average Daily Traffic Amount,Average Daily Traffic Year,Case ID,City,Construction Zone Flag,Construction Zone Workers Present Flag,County,Crash Death Count,Crash Incapacitating Injury Count,Crash Non-incapacitating Injury Count,Crash Not Injured Count,Crash Possible Injury Count,Crash Severity,Crash Time,Crash Total Injury Count,Crash Unknown Injury Count,Crash Year,Day of Week,First Harmful Event,Highway System,Intersecting Street Name,Intersection Related,Latitude,Light Condition,Longitude,Manner of Collision,Number of Lanes,Other Factor,Outside Shoulder Width on Divided Highway,Physical Feature 1,Population Group,Private Drive Flag,Property Damages,Right of Way Usual Width,Road Class,Roadway Alignment,Roadway Part,Roadway Relation,Roadway Type,Speed Limit,Street Name,Street Number,Surface Condition,Traffic Control Type,Weather Condition,Person Helmet,Person Type
11567521,No,No,No Data,Austin Police Department,TRUE,No Data,No Data,102181077,Austin,Yes,No,Travis,0,0,1,1,0,Non-Incapacitating Injury,1210,1,0,2010,Friday,Pedalcyclist,No Data,KASPER ST,Intersection,30.22571479,Daylight,-97.70297248,One Motor Vehicle - Going Straight,No Data,Construction - Within Posted Road Construction Zone (Not Related To Crash),No Data,Not Applicable,"250,000 Pop And Over",No,NONE,No Data,City Street,"Straight, Level",Main/Proper Lane,On Roadway,No Data,35,MONTOPOLIS DR,1903,Dry,Stop Sign,Clear,Not Worn,Pedalcyclist
11623078,Yes,No,No Data,Austin Police Department,TRUE,No Data,No Data,10-2191638,Austin,No,No,Travis,0,0,1,2,0,Non-Incapacitating Injury,1727,1,0,2010,Saturday,Pedalcyclist,No Data,KINNEY AVE,Intersection,30.26192478,Daylight,-97.76152246,One Motor Vehicle - Turning Left,No Data,Not Applicable,No Data,Not Applicable,"250,000 Pop And Over",No,NONE,No Data,City Street,"Straight, Level",Main/Proper Lane,On Roadway,No Data,35,BARTON SPRINGS RD,NO DATA,Dry,Signal Light,Clear,"Worn, Not Damaged",Pedalcyclist
11622607,No,No,No Data,Austin Police Department,FALSE,No Data,No Data,102200433,Austin,No,No,Travis,0,0,0,2,0,Not Injured,253,0,0,2010,Sunday,Pedalcyclist,No Data,W 4TH ST,Intersection Related,30.26683863,"Dark, Lighted",-97.74591197,One Motor Vehicle - Going Straight,No Data,Not Applicable,No Data,Not Applicable,"250,000 Pop And Over",No,NONE,No Data,City Street,"Straight, Level",Main/Proper Lane,On Roadway,No Data,30,LAVACA ST,396,Dry,Signal Light,Clear,Not Worn,Pedalcyclist
11623632,Yes,No,No Data,Austin Police Department,FALSE,No Data,No Data,102231611,Austin,No,No,Travis,0,0,1,0,0,Non-Incapacitating Injury,1732,1,1,2010,Wednesday,Pedalcyclist,No Data,N/A,Driveway Access,30.19939958,Daylight,-97.76536591,One Motor Vehicle - Going Straight,No Data,One Vehicle Leaving Driveway,No Data,Entrance To Or Exit From Private Property Or Driveway,"250,000 Pop And Over",No,NONE,No Data,City Street,"Straight, Level",Main/Proper Lane,On Roadway,No Data,45,E STASSNEY LN,990,Dry,None,Clear,Not Worn,Pedalcyclist
11569952,No,No,No Data,Austin Police Department,FALSE,No Data,No Data,102331590,Austin,No,No,Travis,0,0,1,1,0,Non-Incapacitating Injury,1720,1,0,2010,Saturday,Pedalcyclist,No Data,N/A,Driveway Access,30.32153395,Daylight,-97.71373435,One Motor Vehicle - Turning Left,No Data,One Vehicle Leaving Driveway,No Data,Entrance To Or Exit From Private Property Or Driveway,"250,000 Pop And Over",No,NONE,No Data,City Street,"Straight, Level",Main/Proper Lane,On Roadway,No Data,35,AIRPORT BLVD,NO DATA,Dry,Marked Lanes,Clear,Not Worn,Pedalcyclist
11596472,Yes,No,No Data,Austin Police Department,TRUE,No Data,No Data,10-2261632,Austin,No,No,Travis,0,0,0,2,0,Not Injured,1737,0,0,2010,Saturday,Pedalcyclist,No Data,HUDSON ST,Intersection,30.27375478,Daylight,-97.67930248,One Motor Vehicle - Turning Left,No Data,Not Applicable,No Data,Not Applicable,"250,000 Pop And Over",No,NONE,No Data,City Street,"Straight, Level",Main/Proper Lane,On Roadway,No Data,0,ELEANOR ST,1199,Dry,Stop Sign,Clear,Not Worn,Pedalcyclist
11606387,No,No,No Data,Austin Police Department,FALSE,No Data,No Data,102280459,Austin,No,No,Travis,0,0,1,1,0,Non-Incapacitating Injury,738,1,0,2010,Monday,Pedalcyclist,No Data,UNKNOWN,Intersection Related,30.30066537,Daylight,-97.67325628,One Motor Vehicle - Going Straight,No Data,Not Applicable,No Data,Not Applicable,"250,000 Pop And Over",No,NONE,No Data,City Street,"Straight, Grade",Main/Proper Lane,On Roadway,No Data,25,ROGGE LN,3595,Dry,Stop Sign,Clear,Not Worn,Pedalcyclist
11623654,No,No,No Data,Austin Police Department,FALSE,No Data,No Data,10-2310181,Austin,No,No,Travis,0,0,3,0,0,Non-Incapacitating Injury,148,3,1,2010,Thursday,Pedalcyclist,No Data,GUADALUPE ST,Intersection Related,30.26717299,"Dark, Lighted",-97.74701274,One Motor Vehicle - Going Straight,No Data,"Slowing/Stopping - For Officer, Flagman, Or Traffic Control",No Data,Not Applicable,"250,000 Pop And Over",No,NONE,No Data,City Street,"Straight, Level",Main/Proper Lane,On Roadway,No Data,30,W 4TH ST,401,Dry,Signal Light,Clear,Not Worn,Pedalcyclist
11623654,No,No,No Data,Austin Police Department,FALSE,No Data,No Data,10-2310181,Austin,No,No,Travis,0,0,3,0,0,Non-Incapacitating Injury,148,3,1,2010,Thursday,Pedalcyclist,No Data,GUADALUPE ST,Intersection Related,30.26717299,"Dark, Lighted",-97.74701274,One Motor Vehicle - Going Straight,No Data,"Slowing/Stopping - For Officer, Flagman, Or Traffic Control",No Data,Not Applicable,"250,000 Pop And Over",No,NONE,No Data,City Street,"Straight, Level",Main/Proper Lane,On Roadway,No Data,30,W 4TH ST,401,Dry,Signal Light,Clear,Not Worn,Pedalcyclist
11623654,No,No,No Data,Austin Police Department,FALSE,No Data,No Data,10-2310181,Austin,No,No,Travis,0,0,3,0,0,Non-Incapacitating Injury,148,3,1,2010,Thursday,Pedalcyclist,No Data,GUADALUPE ST,Intersection Related,30.26717299,"Dark, Lighted",-97.74701274,One Motor Vehicle - Going Straight,No Data,"Slowing/Stopping - For Officer, Flagman, Or Traffic Control",No Data,Not Applicable,"250,000 Pop And Over",No,NONE,No Data,City Street,"Straight, Level",Main/Proper Lane,On Roadway,No Data,30,W 4TH ST,401,Dry,Signal Light,Clear,Not Worn,Pedalcyclist
11569813,No,No,No Data,Austin Police Department,FALSE,No Data,No Data,102320640,Austin,No,No,Travis,0,0,2,1,0,Non-Incapacitating Injury,854,2,0,2010,Friday,Pedalcyclist,No Data,E 31ST ST,Intersection Related,30.29390344,Daylight,-97.73520627,One Motor Vehicle - Turning Left,No Data,Not Applicable,No Data,Not Applicable,"250,000 Pop And Over",No,NONE,No Data,City Street,"Straight, Grade",Main/Proper Lane,On Roadway,No Data,30,WALLING DR,3101,Dry,Center Stripe/Divider,Cloudy,Not Worn,Pedalcyclist
11569813,No,No,No Data,Austin Police Department,FALSE,No Data,No Data,102320640,Austin,No,No,Travis,0,0,2,1,0,Non-Incapacitating Injury,854,2,0,2010,Friday,Pedalcyclist,No Data,E 31ST ST,Intersection Related,30.29390344,Daylight,-97.73520627,One Motor Vehicle - Turning Left,No Data,Not Applicable,No Data,Not Applicable,"250,000 Pop And Over",No,NONE,No Data,City Street,"Straight, Grade",Main/Proper Lane,On Roadway,No Data,30,WALLING DR,3101,Dry,Center Stripe/Divider,Cloudy,Not Worn,Pedalcyclist
11569818,No,No,No Data,Austin Police Department,TRUE,No Data,No Data,102321587,Austin,No,No,Travis,0,0,1,1,0,Non-Incapacitating Injury,1720,1,0,2010,Friday,Pedalcyclist,No Data,AVENUE G,Intersection,30.31510477,Daylight,-97.72168247,One Motor Vehicle - Going Straight,No Data,Not Applicable,No Data,Not Applicable,"250,000 Pop And Over",No,"GIRO HELMET SERIAL:Y1875392, TREK 5200 BIKE SERIAL:WR0014426",No Data,City Street,"Straight, Level",Main/Proper Lane,On Roadway,No Data,35,E 51ST ST,300,Dry,Stop Sign,Clear,"Worn, Damaged",Pedalcyclist
11569852,No,No,No Data,Austin Police Department,FALSE,No Data,No Data,10-2320294,Austin,Yes,No,Travis,0,0,0,0,1,Possible Injury,225,1,1,2010,Friday,Pedalcyclist,No Data,N/A,Non Intersection,30.26838173,"Dark, Lighted",-97.7475518,One Motor Vehicle - Going Straight,No Data,Construction-Within Posted Road Construction Zone (Related To Crash),No Data,Not Applicable,"250,000 Pop And Over",No,NONE,No Data,City Street,"Straight, Grade",Main/Proper Lane,On Roadway,No Data,35,W 5TH ST,464,Dry,None,Clear,"Worn, Not Damaged",Pedalcyclist
11587175,No,No,22775,Austin Police Department,FALSE,22775,2014,10-2322078,Austin,No,No,Travis,0,1,0,0,0,Incapacitating Injury,2055,1,1,2010,Friday,Pedalcyclist,State Loop,N/A,Non Intersection,30.27098831,"Dark, Lighted",-97.69712876,One Motor Vehicle - Going Straight,4,Not Applicable,2,Not Applicable,"250,000 Pop And Over",No,NONE,160,US & State Highways,"Straight, Level",Main/Proper Lane,On Roadway,"4 Or More Lanes, Undivided",45,SL0111,1141,Dry,Marked Lanes,Clear,Not Worn,Pedalcyclist
11569828,Yes,No,No Data,Austin Police Department,FALSE,No Data,No Data,10-2330716,Austin,No,No,Travis,0,0,1,1,0,Non-Incapacitating Injury,725,1,0,2010,Saturday,Pedalcyclist,No Data,FM1626,Intersection Related,No Data,Daylight,No Data,One Motor Vehicle - Turning Left,No Data,Vision Obstructed By Headlight Or Sun Glare,No Data,Not Applicable,"250,000 Pop And Over",No,NONE,No Data,Farm To Market,"Straight, Level",Main/Proper Lane,On Roadway,No Data,35,OLD SAN ANTONIO RD,NO DATA,Dry,Stop Sign,Clear,"Worn, Unk Damage",Pedalcyclist
11569829,No,No,No Data,Austin Police Department,TRUE,No Data,No Data,102331036,Austin,No,No,Travis,0,0,1,1,0,Non-Incapacitating Injury,1140,1,0,2010,Saturday,Pedalcyclist,No Data,MEDICAL ARTS ST,Intersection,30.28837477,Daylight,-97.72909247,One Motor Vehicle - Turning Right,No Data,Not Applicable,No Data,Not Applicable,"250,000 Pop And Over",No,NONE,No Data,City Street,"Straight, Level",Main/Proper Lane,On Roadway,No Data,30,E DEAN KEETON ST,824,Dry,Signal Light,Cloudy,Not Worn,Pedalcyclist
11569875,No,No,No Data,Austin Police Department,TRUE,No Data,No Data,10-2340784,Austin,No,No,Travis,0,0,1,1,0,Non-Incapacitating Injury,844,1,0,2010,Sunday,Pedalcyclist,No Data,STECK AVE,Intersection Related,30.37228476,Daylight,-97.74796246,One Motor Vehicle - Turning Left,No Data,Not Applicable,No Data,Not Applicable,"250,000 Pop And Over",No,NONE,No Data,City Street,"Straight, Level",Main/Proper Lane,On Roadway,No Data,0,SUMMERWOOD DR,8201,Dry,None,Clear,"Worn, Not Damaged",Pedalcyclist
11584489,No,No,No Data,Austin Police Department,FALSE,No Data,No Data,102351192,Austin,No,No,Travis,0,0,1,1,0,Non-Incapacitating Injury,1427,1,0,2010,Monday,Pedalcyclist,No Data,N/A,Driveway Access,No Data,Daylight,No Data,One Motor Vehicle - Turning Right,No Data,One Vehicle Leaving Driveway,No Data,In A Parking Lot,"250,000 Pop And Over",Yes,NONE,No Data,Non Trafficway,"Straight, Level",Other (Explain In Narrative),Not Applicable,No Data,0,CAMERON RD,NO DATA,Dry,None,Clear,Not Worn,Pedalcyclist
11596571,No,No,No Data,Austin Police Department,FALSE,No Data,No Data,10-2352286,Austin,No,No,Travis,0,0,1,2,0,Non-Incapacitating Injury,2238,1,0,2010,Monday,Pedalcyclist,No Data,N/A,Driveway Access,No Data,"Dark, Lighted",No Data,One Motor Vehicle - Going Straight,No Data,One Vehicle Leaving Driveway,No Data,In A Parking Lot,"250,000 Pop And Over",Yes,NONE,No Data,Non Trafficway,"Straight, Level",Other (Explain In Narrative),Off Roadway,No Data,35,E WILLIAM CANNON DR,NO DATA,Dry,None,Clear,Not Worn,Pedalcyclist
11596822,No,No,No Data,Austin Police Department,FALSE,No Data,No Data,10-2361689,Austin,No,No,Travis,0,0,1,2,0,Non-Incapacitating Injury,1805,1,0,2010,Tuesday,Pedalcyclist,No Data,N/A,Non Intersection,30.25738446,Daylight,-97.70134609,One Motor Vehicle - Going Straight,No Data,Not Applicable,No Data,Not Applicable,"250,000 Pop And Over",No,NONE,No Data,City Street,"Straight, Level",Main/Proper Lane,On Roadway,No Data,30,GONZALES ST,3550,Dry,None,Clear,Not Worn,Pedalcyclist
11587216,No,No,44866,Austin Police Department,TRUE,44866,2014,102381739,Austin,No,No,Travis,0,1,0,1,0,Incapacitating Injury,1742,1,0,2010,Thursday,Pedalcyclist,State Loop,WAYMAKER WAY,Intersection,30.3276179,Daylight,-97.81115444,One Motor Vehicle - Turning Left,4,Not Applicable,10,Not Applicable,"250,000 Pop And Over",No,NONE,350,US & State Highways,"Straight, Grade",Other (Explain In Narrative),On Roadway,"4 Or More Lanes, Divided",60,SL0360,NO DATA,Dry,None,Clear,"Worn, Unk Damage",Pedalcyclist
11606139,Yes,No,No Data,Austin Police Department,FALSE,No Data,No Data,10-2462063,Austin,No,No,Travis,0,0,1,1,0,Non-Incapacitating Injury,2032,1,0,2010,Friday,Pedalcyclist,No Data,MIDDLEHAM PL,Intersection Related,30.20127862,"Dark, Unknown Lighting",-97.78722671,One Motor Vehicle - Going Straight,No Data,Not Applicable,No Data,Not Applicable,"250,000 Pop And Over",No,NONE,No Data,City Street,"Straight, Level",Main/Proper Lane,On Roadway,No Data,30,EBERHART LN,795,Dry,Center Stripe/Divider,Clear,"Worn, Damaged",Pedalcyclist
11623532,No,No,No Data,Austin Police Department,FALSE,No Data,No Data,2010-2471109,Austin,No,No,Travis,0,0,1,1,0,Non-Incapacitating Injury,1200,1,0,2010,Saturday,Pedalcyclist,No Data,E 10TH ST,Intersection,30.2659921,Daylight,-97.71397263,One Motor Vehicle - Turning Right,No Data,Not Applicable,No Data,Not Applicable,"250,000 Pop And Over",No,NONE,No Data,City Street,"Straight, Grade",Main/Proper Lane,On Roadway,No Data,30,NORTHWESTERN AVE,993,Dry,Stop Sign,Clear,Not Worn,Pedalcyclist
11623245,No,No,14685,Austin Police Department,FALSE,14685,2014,102480419,Austin,No,No,Travis,0,1,0,0,0,Incapacitating Injury,242,1,1,2010,Sunday,Pedalcyclist,Farm To Market,N/A,Non Intersection,30.28287615,"Dark, Lighted",-97.70193316,One Motor Vehicle - Going Straight,4,Not Applicable,0,Not Applicable,"250,000 Pop And Over",No,NONE,100,Farm To Market,"Straight, Grade",Main/Proper Lane,On Roadway,"4 Or More Lanes, Undivided",0,FM0969,3283,Dry,None,Clear,"Worn, Not Damaged",Pedalcyclist
11623501,Yes,No,No Data,Austin Police Department,FALSE,No Data,No Data,102500392,Austin,No,No,Travis,0,0,1,1,0,Non-Incapacitating Injury,724,1,0,2010,Tuesday,Pedalcyclist,No Data,N/A,Driveway Access,30.1742358,Daylight,-97.79330319,One Motor Vehicle - Going Straight,No Data,One Vehicle Leaving Driveway,No Data,Entrance To Or Exit From Private Property Or Driveway,"250,000 Pop And Over",No,BLU/WHI TREK BICYCLE,No Data,City Street,"Straight, Level",Main/Proper Lane,On Roadway,No Data,40,RALPH ABLANEDO DR,494,Dry,None,Clear,Not Worn,Pedalcyclist
11623317,Yes,No,No Data,Austin Police Department,FALSE,No Data,No Data,10-2510970,Austin,No,No,Travis,0,0,1,1,0,Non-Incapacitating Injury,1232,1,0,2010,Wednesday,Pedalcyclist,No Data,N/A,Driveway Access,30.23611996,Daylight,-97.76341297,One Motor Vehicle - Turning Left,No Data,One Vehicle Entering Driveway,No Data,Entrance To Or Exit From Private Property Or Driveway,"250,000 Pop And Over",No,NONE,No Data,City Street,"Straight, Grade",Main/Proper Lane,Not Applicable,No Data,35,S 1ST ST,2888,Dry,Center Stripe/Divider,Cloudy,Not Worn,Pedalcyclist
11623774,No,No,No Data,Austin Police Department,FALSE,No Data,No Data,10-2570988,Austin,No,No,Travis,0,0,1,3,0,Non-Incapacitating Injury,1245,1,0,2010,Tuesday,Pedalcyclist,No Data,N/A,Driveway Access,30.25771976,Daylight,-97.72634887,One Motor Vehicle - Going Straight,No Data,One Vehicle Leaving Driveway,No Data,Entrance To Or Exit From Private Property Or Driveway,"250,000 Pop And Over",No,NONE,No Data,City Street,"Straight, Level",Main/Proper Lane,On Roadway,No Data,35,E CESAR CHAVEZ ST,1726,Dry,None,Clear,Not Worn,Pedalcyclist
11630529,Yes,No,No Data,Austin Police Department,TRUE,No Data,No Data,102571773,Austin,No,No,Travis,0,1,0,0,0,Incapacitating Injury,1830,1,1,2010,Tuesday,Pedalcyclist,Interstate,FERNWOOD RD,Intersection,No Data,Daylight,No Data,One Motor Vehicle - Going Straight,No Data,Not Applicable,No Data,Not Applicable,"250,000 Pop And Over",No,NONE,No Data,Interstate,"Straight, Level",Service/Frontage Road,On Roadway,No Data,0,IH0035,NO DATA,Dry,None,Clear,Not Worn,Pedalcyclist
11630219,No,No,No Data,Austin Police Department,FALSE,No Data,No Data,10-2600597,Austin,No,No,Travis,0,0,1,0,0,Non-Incapacitating Injury,750,1,1,2010,Friday,Pedalcyclist,No Data,GALSWORTHY LN,Intersection Related,30.18875248,Daylight,-97.88120412,One Motor Vehicle - Going Straight,No Data,Not Applicable,No Data,Not Applicable,"250,000 Pop And Over",No,NONE,No Data,City Street,"Straight, Level",Other (Explain In Narrative),On Roadway,No Data,30,DAHLGREEN AVE,NO DATA,Dry,Stop Sign,Clear,"Worn, Damaged",Pedalcyclist
11630330,No,No,No Data,Austin Police Department,TRUE,No Data,No Data,10-2601916,Austin,No,No,Travis,0,0,1,1,0,Non-Incapacitating Injury,1941,1,0,2010,Friday,Pedalcyclist,No Data,WOODWARD ST,Intersection,30.22964479,"Dark, Lighted",-97.76025246,One Motor Vehicle - Turning Right,No Data,Not Applicable,No Data,Not Applicable,"250,000 Pop And Over",No,NONE,No Data,City Street,"Straight, Grade",Main/Proper Lane,On Roadway,No Data,0,S CONGRESS AVE,3401,Dry,Signal Light,Clear,Unknown If Worn,Pedalcyclist
11649335,No,No,No Data,Austin Police Department,TRUE,No Data,No Data,10-2601745,Austin,No,No,Travis,0,0,1,0,0,Non-Incapacitating Injury,1809,1,1,2010,Friday,Pedalcyclist,No Data,PEDERNALES ST,Intersection,30.25890478,Daylight,-97.71464247,One Motor Vehicle - Turning Left,No Data,Not Applicable,No Data,Not Applicable,"250,000 Pop And Over",No,NONE,No Data,City Street,"Straight, Level",Main/Proper Lane,On Roadway,No Data,30,E 6TH ST,2500,Dry,Stop Sign,Cloudy,"Worn, Damaged",Pedalcyclist
11630374,No,No,No Data,Austin Police Department,TRUE,No Data,No Data,10-2620907,Austin,No,No,Travis,0,0,1,1,0,Non-Incapacitating Injury,1005,1,0,2010,Sunday,Pedalcyclist,No Data,BRODIE LN,Intersection,30.1907948,Daylight,-97.84525244,One Motor Vehicle - Turning Right,No Data,Not Applicable,No Data,Not Applicable,"250,000 Pop And Over",No,NONE,No Data,City Street,"Straight, Level",Main/Proper Lane,On Roadway,No Data,30,SILK OAK DR,NO DATA,Dry,Signal Light,Cloudy,Not Worn,Pedalcyclist
11649355,No,No,No Data,Austin Police Department,FALSE,No Data,No Data,102651844,Austin,No,No,Travis,0,0,1,1,0,Non-Incapacitating Injury,2032,1,0,2010,Wednesday,Pedalcyclist,No Data,N/A,Non Intersection,No Data,"Dark, Lighted",No Data,One Motor Vehicle - Going Straight,No Data,Not Applicable,No Data,In A Parking Lot,"250,000 Pop And Over",Yes,NONE,No Data,Non Trafficway,"Straight, Level",Other (Explain In Narrative),Not Applicable,No Data,0,HARDIN CT,NO DATA,Dry,None,Clear,Unknown If Worn,Pedalcyclist
11649405,No,No,No Data,Austin Police Department,FALSE,No Data,No Data,10-2650904,Austin,No,No,Travis,0,0,0,1,1,Possible Injury,1201,1,0,2010,Wednesday,Pedalcyclist,No Data,N/A,Non Intersection,No Data,Daylight,No Data,One Motor Vehicle - Going Straight,No Data,Not Applicable,No Data,In A Parking Lot,"250,000 Pop And Over",Yes,NONE,No Data,Non Trafficway,"Straight, Level",Other (Explain In Narrative),Not Applicable,No Data,25,N LAMAR BLVD,NO DATA,Dry,None,Cloudy,Not Worn,Pedalcyclist
11649273,No,No,No Data,Austin Police Department,FALSE,No Data,No Data,10-2661030,Austin,No,No,Travis,0,0,2,0,0,Non-Incapacitating Injury,1314,2,0,2010,Thursday,Pedalcyclist,No Data,N/A,Driveway Access,30.19637948,Daylight,-97.78826258,One Motor Vehicle - Going Straight,No Data,One Vehicle Leaving Driveway,No Data,Entrance To Or Exit From Private Property Or Driveway,"250,000 Pop And Over",No,NONE,No Data,City Street,"Straight, Level",Other (Explain In Narrative),On Roadway,No Data,0,S 1ST ST,6749,Dry,None,Cloudy,Not Worn,Pedalcyclist
11662822,No,No,No Data,Austin Police Department,FALSE,No Data,No Data,10-2671275,Austin,No,No,Travis,0,0,1,1,0,Non-Incapacitating Injury,1447,1,0,2010,Friday,Pedalcyclist,No Data,N/A,Non Intersection,No Data,Daylight,No Data,One Motor Vehicle - Going Straight,No Data,Not Applicable,No Data,In A Parking Lot,"250,000 Pop And Over",Yes,BICYLE,No Data,Non Trafficway,Other (Explain In Narrative),Entrance/On Ramp,Not Applicable,No Data,0,CAMINO LA COSTA,NO DATA,Dry,Stop Sign,Clear,Not Worn,Pedalcyclist
11654412,No,No,No Data,Austin Police Department,FALSE,No Data,No Data,10-2690902,Austin,No,No,Travis,0,0,1,1,0,Non-Incapacitating Injury,1020,1,0,2010,Sunday,Pedalcyclist,No Data,N/A,Driveway Access,No Data,Daylight,No Data,One Motor Vehicle - Going Straight,No Data,One Vehicle Leaving Driveway,No Data,In A Parking Lot,"250,000 Pop And Over",Yes,NONE,No Data,Non Trafficway,"Straight, Level",Main/Proper Lane,Not Applicable,No Data,30,BARTON SPRINGS RD,NO DATA,Dry,None,Cloudy,Not Worn,Pedalcyclist
11654493,Yes,No,No Data,Austin Police Department,FALSE,No Data,No Data,10-2700536,Austin,No,No,Travis,0,0,1,2,0,Non-Incapacitating Injury,838,1,0,2010,Monday,Pedalcyclist,No Data,N/A,Non Intersection,30.2832242,Daylight,-97.7767753,One Motor Vehicle - Going Straight,No Data,Not Applicable,No Data,Not Applicable,"250,000 Pop And Over",No,NONE,No Data,City Street,"Straight, Level",Main/Proper Lane,On Roadway,No Data,35,EXPOSITION BLVD,702,Dry,Warning Sign,Cloudy,Not Worn,Pedalcyclist
11654497,No,No,No Data,Austin Police Department,TRUE,No Data,No Data,10-2701863,Austin,No,No,Travis,0,0,0,5,0,Not Injured,2038,0,0,2010,Monday,Pedalcyclist,No Data,MANOR RD,Intersection,30.28378478,"Dark, Lighted",-97.72206247,One Motor Vehicle - Turning Right,No Data,Not Applicable,No Data,Not Applicable,"250,000 Pop And Over",No,NONE,No Data,City Street,"Straight, Level",Main/Proper Lane,On Roadway,No Data,0,CHICON ST,2299,Dry,Stop Sign,Clear,"Worn, Not Damaged",Pedalcyclist
11672507,No,No,No Data,Austin Police Department,TRUE,No Data,No Data,10-2701724,Austin,No,No,Travis,0,1,0,1,0,Incapacitating Injury,1928,1,0,2010,Monday,Pedalcyclist,No Data,CHATAM BERRY LN,Intersection,30.1578648,Dusk,-97.84361244,One Motor Vehicle - Turning Left,No Data,Vision Obstructed By Headlight Or Sun Glare,No Data,Not Applicable,"250,000 Pop And Over",No,NONE,No Data,City Street,"Straight, Level",Main/Proper Lane,On Roadway,No Data,30,MASON DELLS LN,2700,Dry,None,Clear,"Worn, Unk Damage",Pedalcyclist
11673861,No,No,No Data,Austin Police Department,TRUE,No Data,No Data,102711878,Austin,No,No,Travis,0,0,1,1,0,Non-Incapacitating Injury,2114,1,0,2010,Tuesday,Pedalcyclist,No Data,E 9TH ST,Intersection,30.26417478,"Dark, Not Lighted",-97.72136247,One Motor Vehicle - Turning Left,No Data,Not Applicable,No Data,Not Applicable,"250,000 Pop And Over",No,NONE,No Data,City Street,"Straight, Level",Main/Proper Lane,On Roadway,No Data,35,CHICON ST,899,Dry,None,Clear,Not Worn,Pedalcyclist
11672303,No,No,No Data,Austin Police Department,FALSE,No Data,No Data,10-2721817,Austin,No,No,Travis,0,0,0,2,0,Not Injured,2022,0,0,2010,Wednesday,Pedalcyclist,No Data,N/A,Non Intersection,30.25754477,"Dark, Lighted",-97.75055247,One Motor Vehicle - Going Straight,No Data,Not Applicable,No Data,Not Applicable,"250,000 Pop And Over",No,NONE,No Data,City Street,"Curve, Hillcrest",Main/Proper Lane,On Roadway,No Data,35,S 1ST ST,600,Dry,None,Clear,Not Worn,Pedalcyclist
11672327,No,No,No Data,Austin Police Department,FALSE,No Data,No Data,102720399,Austin,No,No,Travis,0,0,0,1,1,Possible Injury,733,1,0,2010,Wednesday,Pedalcyclist,No Data,N/A,Driveway Access,30.31669352,Daylight,-97.69095326,One Motor Vehicle - Going Straight,No Data,One Vehicle Leaving Driveway,No Data,Entrance To Or Exit From Private Property Or Driveway,"250,000 Pop And Over",No,NONE,No Data,City Street,"Straight, Level",Main/Proper Lane,On Roadway,No Data,0,BERKMAN DR,6271,Dry,None,Clear,Unknown If Worn,Pedalcyclist
11672556,No,No,148494,Austin Police Department,FALSE,148494,2014,,Austin,No,No,Travis,0,0,0,1,1,Possible Injury,1138,1,0,2010,Thursday,Pedalcyclist,Interstate,N/A,Non Intersection,30.264138,Daylight,-97.73526419,One Motor Vehicle - Going Straight,6,Vehicle Changing Lanes,5,Not Applicable,"250,000 Pop And Over",No,NONE,300,Interstate,"Straight, Level",Service/Frontage Road,On Roadway,"4 Or More Lanes, Divided",0,IH0035,NO DATA,Dry,None,Clear,Not Worn,Pedalcyclist
11690819,No,No,No Data,Austin Police Department,TRUE,No Data,No Data,10-2741932,Austin,No,No,Travis,0,0,1,1,0,Non-Incapacitating Injury,2046,1,0,2010,Friday,Pedalcyclist,No Data,COLEMAN ST,Intersection,30.23105479,"Dark, Not Lighted",-97.75934246,One Motor Vehicle - Turning Left,No Data,Not Applicable,No Data,Not Applicable,"250,000 Pop And Over",No,NONE,No Data,City Street,"Straight, Level",Main/Proper Lane,On Roadway,No Data,40,S CONGRESS AVE,3201,Dry,Bike Lane,Clear,"Worn, Not Damaged",Pedalcyclist
11673854,No,No,No Data,Austin Police Department,FALSE,No Data,No Data,102750145,Austin,No,No,Travis,0,0,1,1,0,Non-Incapacitating Injury,119,1,0,2010,Saturday,Pedalcyclist,No Data,N/A,Non Intersection,30.26584623,"Dark, Lighted",-97.73491641,One Motor Vehicle - Going Straight,No Data,Not Applicable,No Data,Not Applicable,"250,000 Pop And Over",No,NONE,No Data,City Street,"Straight, Level",Main/Proper Lane,On Roadway,No Data,0,E 6TH ST,NO DATA,Dry,Signal Light,Clear,Not Worn,Pedalcyclist
11673911,Yes,No,No Data,Austin Police Department,TRUE,No Data,No Data,102761353,Austin,Yes,Yes,Travis,0,0,1,1,0,Non-Incapacitating Injury,1552,1,0,2010,Sunday,Pedalcyclist,No Data,UNKNOWN,Intersection,30.26394478,Daylight,-97.72612246,One Motor Vehicle - Going Straight,No Data,Construction - Within Posted Road Construction Zone (Not Related To Crash),No Data,Not Applicable,"250,000 Pop And Over",No,NONE,No Data,City Street,"Straight, Level",Main/Proper Lane,On Roadway,No Data,35,E 7TH ST,1600,Dry,Signal Light,Clear,Not Worn,Pedalcyclist