Crash ID,$1000 Damage to Any One Person's Property,Active School Zone Flag,Adjusted Average Daily Traffic Amount,Agency,At Intersection Flag,Average Daily Traffic Amount,Average Daily Traffic Year,Case ID,City,Construction Zone Flag,Construction Zone Workers Present Flag,County,Crash Death Count,Crash Incapacitating Injury Count,Crash Non-incapacitating Injury Count,Crash Not Injured Count,Crash Possible Injury Count,Crash Severity,Crash Time,Crash Total Injury Count,Crash Unknown Injury Count,Crash Year,Day of Week,First Harmful Event,Highway System,Intersecting Street Name,Intersection Related,Latitude,Light Condition,Longitude,Manner of Collision,Number of Lanes,Other Factor,Outside Shoulder Width on Divided Highway,Physical Feature 1,Population Group,Private Drive Flag,Property Damages,Right of Way Usual Width,Road Class,Roadway Alignment,Roadway Part,Roadway Relation,Roadway Type,Speed Limit,Street Name,Street Number,Surface Condition,Traffic Control Type,Weather Condition,Person Helmet,Person Type
11673913,No,No,No Data,Austin Police Department,FALSE,No Data,No Data,102771535,Austin,No,No,Travis,0,0,0,1,1,Possible Injury,1845,1,0,2010,Monday,Pedalcyclist,No Data,GUADALUPE ST,Intersection Related,30.26903047,Daylight,-97.74634663,One Motor Vehicle - Turning Left,No Data,Not Applicable,No Data,Not Applicable,"250,000 Pop And Over",No,NONE,No Data,City Street,"Straight, Level",Main/Proper Lane,On Roadway,No Data,35,W 6TH ST,405,Dry,Signal Light,Clear,Not Worn,Pedalcyclist
11691039,No,No,No Data,Austin Police Department,FALSE,No Data,No Data,10-2780739,Austin,No,No,Travis,0,0,1,1,0,Non-Incapacitating Injury,1036,1,0,2010,Tuesday,Pedalcyclist,No Data,UNKNOWN,Intersection Related,30.21424985,Daylight,-97.79501365,One Motor Vehicle - Going Straight,No Data,Not Applicable,No Data,Not Applicable,"250,000 Pop And Over",No,NONE,No Data,City Street,"Straight, Level",Main/Proper Lane,On Roadway,No Data,30,KINGS HWY,5596,Dry,Stop Sign,Clear,"Worn, Unk Damage",Pedalcyclist
11691050,No,No,No Data,Austin Police Department,FALSE,No Data,No Data,10-2781382,Austin,No,No,Travis,0,0,1,1,0,Non-Incapacitating Injury,1646,1,0,2010,Tuesday,Pedalcyclist,No Data,WALLER ST,Intersection Related,30.2582568,Daylight,-97.73310223,One Motor Vehicle - Going Straight,No Data,Not Applicable,No Data,Not Applicable,"250,000 Pop And Over",No,NONE,No Data,City Street,"Straight, Level",Main/Proper Lane,On Roadway,No Data,0,CANTERBURY ST,1221,Dry,None,Clear,Not Worn,Pedalcyclist
11863841,No,No,No Data,Austin Police Department,TRUE,No Data,No Data,102791486,Austin,No,No,Travis,0,0,0,4,0,Not Injured,1754,0,0,2010,Wednesday,Pedalcyclist,No Data,BRENTWOOD ST,Intersection,30.33610477,Daylight,-97.72578246,One Motor Vehicle - Going Straight,No Data,Not Applicable,No Data,Not Applicable,"250,000 Pop And Over",No,NONE,No Data,City Street,"Straight, Level",Main/Proper Lane,On Roadway,No Data,30,GROVER AVE,6599,Dry,Stop Sign,Clear,"Worn, Not Damaged",Pedalcyclist
11696593,No,No,No Data,Austin Police Department,FALSE,No Data,No Data,10-2801675,Austin,No,No,Travis,0,1,0,1,0,Incapacitating Injury,1848,1,0,2010,Thursday,Pedalcyclist,No Data,N/A,Non Intersection,30.28143534,Daylight,-97.71089837,One Motor Vehicle - Going Straight,No Data,Not Applicable,No Data,Not Applicable,"250,000 Pop And Over",No,NONE,No Data,City Street,"Straight, Level",Main/Proper Lane,On Roadway,No Data,35,E MARTIN LUTHER KING JR BLVD,2836,Dry,None,Clear,Not Worn,Pedalcyclist
11696597,No,No,No Data,Austin Police Department,TRUE,No Data,No Data,102801520,Austin,No,No,Travis,0,0,1,1,0,Non-Incapacitating Injury,1738,1,0,2010,Thursday,Pedalcyclist,No Data,W SLAUGHTER LN,Intersection,30.1834648,Daylight,-97.84984244,One Motor Vehicle - Going Straight,No Data,Not Applicable,No Data,Not Applicable,"250,000 Pop And Over",No,NONE,No Data,City Street,"Straight, Level",Main/Proper Lane,On Roadway,No Data,45,BRODIE LN,10001,Dry,Crosswalk,Clear,Not Worn,Pedalcyclist
11672322,No,No,No Data,Austin Police Department,TRUE,No Data,No Data,10-2832128,Austin,No,No,Travis,0,0,1,1,0,Non-Incapacitating Injury,2321,1,0,2010,Sunday,Pedalcyclist,No Data,W 38TH ST,Intersection,30.30274477,"Dark, Lighted",-97.73815246,One Motor Vehicle - Turning Left,No Data,Not Applicable,No Data,Not Applicable,"250,000 Pop And Over",No,NONE,No Data,City Street,"Straight, Level",Main/Proper Lane,On Roadway,No Data,35,GUADALUPE ST,3801,Dry,Signal Light,Clear,Not Worn,Pedalcyclist
11696304,No,No,No Data,Austin Police Department,FALSE,No Data,No Data,10-2831723,Austin,No,No,Travis,0,0,0,3,1,Possible Injury,1940,1,0,2010,Sunday,Pedalcyclist,No Data,N/A,Non Intersection,30.27172222,"Dark, Lighted",-97.75391173,One Motor Vehicle - Going Straight,No Data,Not Applicable,No Data,Not Applicable,"250,000 Pop And Over",No,NONE,No Data,Interstate,"Straight, Level",Main/Proper Lane,On Roadway,No Data,35,N LAMAR BLVD,601,Dry,None,Clear,Not Worn,Pedalcyclist
11691086,No,No,148494,Austin Police Department,FALSE,148494,2014,102850446,Austin,No,No,Travis,0,0,0,1,1,Possible Injury,802,1,0,2010,Tuesday,Pedalcyclist,Interstate,E 6TH ST,Intersection Related,30.26577147,Daylight,-97.73464386,One Motor Vehicle - Turning Right,6,Not Applicable,5,Not Applicable,"250,000 Pop And Over",No,NONE,300,Interstate,"Straight, Level",Service/Frontage Road,On Roadway,"4 Or More Lanes, Divided",30,IH0035,NO DATA,Dry,Signal Light,Clear,Not Worn,Pedalcyclist
11691640,Yes,No,No Data,Austin Police Department,TRUE,No Data,No Data,10-2850959,Austin,No,No,Travis,0,0,0,1,1,Possible Injury,1247,1,0,2010,Tuesday,Pedalcyclist,No Data,E 34TH ST,Intersection,30.29653477,Daylight,-97.73117246,One Motor Vehicle - Turning Left,No Data,Not Applicable,No Data,Not Applicable,"250,000 Pop And Over",No,NONE,No Data,City Street,"Straight, Level",Main/Proper Lane,On Roadway,No Data,35,DUVAL ST,3409,Dry,None,Clear,Not Worn,Pedalcyclist
11696395,No,No,No Data,Austin Police Department,TRUE,No Data,No Data,102870121,Austin,No,No,Travis,0,0,1,0,0,Non-Incapacitating Injury,108,1,3,2010,Thursday,Pedalcyclist,No Data,E 3RD ST,Intersection,30.26526478,Unknown,-97.74385246,One Motor Vehicle - Turning Left,No Data,Not Applicable,No Data,Not Applicable,"250,000 Pop And Over",No,NONE,No Data,City Street,"Straight, Level",Main/Proper Lane,On Roadway,No Data,30,CONGRESS AVE,299,Dry,Signal Light,Clear,Not Worn,Pedalcyclist
11858947,No,No,No Data,Austin Police Department,TRUE,No Data,No Data,102871814,Austin,No,No,Travis,0,0,0,0,1,Possible Injury,1916,1,1,2010,Thursday,Pedalcyclist,No Data,W RIVERSIDE DR,Intersection,30.26028478,Dusk,-97.74963246,One Motor Vehicle - Turning Left,No Data,Not Applicable,No Data,Not Applicable,"250,000 Pop And Over",No,NONE,No Data,City Street,"Straight, Level",Main/Proper Lane,On Roadway,No Data,35,S 1ST ST,NO DATA,Dry,Signal Light,Clear,Not Worn,Pedalcyclist
11691623,Yes,No,No Data,Austin Police Department,FALSE,No Data,No Data,10-2881809,Austin,No,No,Travis,0,0,1,2,0,Non-Incapacitating Injury,1835,1,0,2010,Friday,Pedalcyclist,No Data,N/A,Non Intersection,30.24496072,Daylight,-97.71564305,One Motor Vehicle - Going Straight,No Data,Not Applicable,No Data,Not Applicable,"250,000 Pop And Over",No,NONE,No Data,City Street,"Straight, Level",Main/Proper Lane,On Roadway,No Data,45,S PLEASANT VALLEY RD,667,Dry,Marked Lanes,Clear,Not Worn,Pedalcyclist
11696252,Yes,No,No Data,Austin Police Department,TRUE,No Data,No Data,10-2890824,Austin,No,No,Travis,0,0,0,1,1,Possible Injury,1001,1,0,2010,Saturday,Pedalcyclist,No Data,TAYLOR DRAPER LN,Intersection,30.41001475,Daylight,-97.74757246,One Motor Vehicle - Turning Left,No Data,Not Applicable,No Data,Not Applicable,"250,000 Pop And Over",No,NONE,No Data,City Street,"Straight, Level",Main/Proper Lane,On Roadway,No Data,0,JOLLYVILLE RD,11223,Dry,Bike Lane,Clear,"Worn, Not Damaged",Pedalcyclist
12118047,No,No,No Data,Austin Police Department,FALSE,No Data,No Data,10-2910485,Austin,No,No,Travis,0,0,1,1,0,Non-Incapacitating Injury,837,1,0,2010,Monday,Pedalcyclist,No Data,N/A,Driveway Access,30.31800116,Daylight,-97.72822487,One Motor Vehicle - Turning Left,No Data,One Vehicle Entering Driveway,No Data,Entrance To Or Exit From Private Property Or Driveway,"250,000 Pop And Over",No,NONE,No Data,City Street,"Straight, Level",Main/Proper Lane,On Roadway,No Data,30,GUADALUPE ST,5144,Dry,Marked Lanes,Clear,Not Worn,Pedalcyclist
11696205,Yes,No,No Data,Austin Police Department,TRUE,No Data,No Data,102921768,Austin,No,No,Travis,0,0,1,1,0,Non-Incapacitating Injury,1928,1,0,2010,Tuesday,Pedalcyclist,No Data,DEER LN,Intersection Related,30.1943148,"Dark, Lighted",-97.84302244,One Motor Vehicle - Turning Right,No Data,Not Applicable,No Data,Not Applicable,"250,000 Pop And Over",No,NONE,No Data,City Street,"Straight, Level",Main/Proper Lane,On Roadway,No Data,40,BRODIE LN,NO DATA,Dry,Signal Light,Clear,"Worn, Not Damaged",Pedalcyclist
11696260,No,No,No Data,Austin Police Department,FALSE,No Data,No Data,10-2930475,Austin,No,No,Travis,0,1,0,4,0,Incapacitating Injury,755,1,0,2010,Wednesday,Pedalcyclist,No Data,N/A,Non Intersection,30.35273517,Daylight,-97.73290795,One Motor Vehicle - Going Straight,No Data,Not Applicable,No Data,Not Applicable,"250,000 Pop And Over",No,NONE,No Data,City Street,"Straight, Level",Main/Proper Lane,On Roadway,No Data,40,BURNET RD,7636,Dry,Marked Lanes,Clear,Not Worn,Pedalcyclist
11696443,No,No,No Data,Austin Police Department,TRUE,No Data,No Data,102971535,Austin,No,No,Travis,0,0,1,1,0,Non-Incapacitating Injury,1758,1,0,2010,Sunday,Pedalcyclist,No Data,SAN JACINTO BLVD,Intersection Related,30.26925478,Daylight,-97.73972246,One Motor Vehicle - Turning Right,No Data,Not Applicable,No Data,Not Applicable,"250,000 Pop And Over",No,NONE,No Data,City Street,"Straight, Grade",Main/Proper Lane,On Roadway,No Data,30,E 8TH ST,298,Dry,Signal Light,Clear,Not Worn,Pedalcyclist
11696531,No,No,148494,Austin Police Department,FALSE,148494,2014,10-297-2026,Austin,No,No,Travis,0,0,1,0,0,Non-Incapacitating Injury,2213,1,2,2010,Sunday,Pedalcyclist,Interstate,N/A,Non Intersection,30.26572009,"Dark, Not Lighted",-97.73466188,One Motor Vehicle - Going Straight,6,Not Applicable,5,Not Applicable,"250,000 Pop And Over",No,NONE,300,Interstate,"Straight, Level",Service/Frontage Road,On Roadway,"4 Or More Lanes, Divided",50,IH0035,NO DATA,Dry,Marked Lanes,Clear,Not Worn,Pedalcyclist
11713292,No,No,No Data,Austin Police Department,FALSE,No Data,No Data,2010-2970631,Austin,No,No,Travis,0,1,0,0,0,Incapacitating Injury,621,1,1,2010,Sunday,Pedalcyclist,No Data,N/A,Non Intersection,30.30208419,"Dark, Lighted",-97.69671735,One Motor Vehicle - Going Straight,No Data,Not Applicable,No Data,Not Applicable,"250,000 Pop And Over",No,NONE,No Data,City Street,"Curve, Level",Main/Proper Lane,On Roadway,No Data,45,E 51ST ST,1836,Dry,None,Clear,Not Worn,Pedalcyclist
11799204,No,No,148494,Austin Police Department,FALSE,148494,2014,10-297-2026,Austin,No,No,Travis,0,0,1,0,0,Non-Incapacitating Injury,2213,1,2,2010,Sunday,Pedalcyclist,Interstate,N/A,Non Intersection,30.26572009,"Dark, Not Lighted",-97.73466188,One Motor Vehicle - Going Straight,6,Not Applicable,5,Not Applicable,"250,000 Pop And Over",No,NONE,300,Interstate,"Straight, Level",Service/Frontage Road,On Roadway,"4 Or More Lanes, Divided",50,IH0035,NO DATA,Dry,Marked Lanes,Clear,Not Worn,Pedalcyclist
11696416,No,No,No Data,Austin Police Department,TRUE,No Data,No Data,102981452,Austin,No,No,Travis,0,0,1,1,0,Non-Incapacitating Injury,1753,1,0,2010,Monday,Pedalcyclist,No Data,PARK PL,Intersection,30.28922477,Daylight,-97.73275246,One Motor Vehicle - Turning Right,No Data,Not Applicable,No Data,Not Applicable,"250,000 Pop And Over",No,BICYCLE,No Data,City Street,"Straight, Hillcrest",Main/Proper Lane,On Roadway,No Data,30,E DEAN KEETON ST,NO DATA,Dry,Marked Lanes,Clear,"Worn, Damaged",Pedalcyclist
11712495,No,No,No Data,Austin Police Department,FALSE,No Data,No Data,10-3000347,Austin,No,No,Travis,0,0,1,2,0,Non-Incapacitating Injury,40,1,0,2010,Wednesday,Pedalcyclist,No Data,N/A,Driveway Access,30.2204751,Unknown,-97.76544647,One Motor Vehicle - Turning Left,No Data,One Vehicle Entering Driveway,No Data,Entrance To Or Exit From Private Property Or Driveway,"250,000 Pop And Over",No,NONE,No Data,City Street,"Straight, Level",Main/Proper Lane,On Roadway,No Data,45,S CONGRESS AVE,4223,Dry,Center Stripe/Divider,Clear,Not Worn,Pedalcyclist
11713342,No,No,No Data,Austin Police Department,FALSE,No Data,No Data,10-3011674,Austin,No,No,Travis,0,0,1,1,0,Non-Incapacitating Injury,1804,1,0,2010,Thursday,Pedalcyclist,No Data,N/A,Driveway Access,30.29786997,Daylight,-97.74123552,One Motor Vehicle - Turning Right,No Data,One Vehicle Entering Driveway,No Data,Entrance To Or Exit From Private Property Or Driveway,"250,000 Pop And Over",No,NONE,No Data,City Street,"Straight, Level",Main/Proper Lane,On Roadway,No Data,30,GUADALUPE ST,3099,Dry,None,Clear,Not Worn,Pedalcyclist
11712848,No,No,30932,Austin Police Department,FALSE,30932,2014,,Austin,No,No,Travis,0,0,1,1,0,Non-Incapacitating Injury,729,1,0,2010,Friday,Pedalcyclist,State Loop,N/A,Non Intersection,30.35083993,Dawn,-97.70915299,One Motor Vehicle - Going Straight,4,Not Applicable,10,Not Applicable,"250,000 Pop And Over",No,"BICYCLE, 26"", MOUNTAIN",125,US & State Highways,"Straight, Level",Main/Proper Lane,On Roadway,"4 Or More Lanes, Divided",45,SL0275,8200,Dry,Marked Lanes,Clear,Not Worn,Pedalcyclist
11712850,No,No,No Data,Austin Police Department,FALSE,No Data,No Data,10-3031585,Austin,No,No,Travis,0,0,1,1,0,Non-Incapacitating Injury,1704,1,0,2010,Saturday,Pedalcyclist,No Data,UNKNOWN,Intersection Related,30.26596478,Daylight,-97.76896246,One Motor Vehicle - Turning Right,No Data,Not Applicable,No Data,Not Applicable,"250,000 Pop And Over",No,NONE,No Data,City Street,"Straight, Level",Entrance/On Ramp,On Roadway,No Data,15,WILLIAM BARTON DR,NO DATA,Dry,Crosswalk,Clear,Not Worn,Pedalcyclist
11713423,No,No,25507,Austin Police Department,FALSE,25507,2014,10-3031630,Austin,No,No,Travis,0,0,1,1,0,Non-Incapacitating Injury,1733,1,0,2010,Saturday,Pedalcyclist,Farm To Market,N/A,Driveway Access,30.16430919,Daylight,-97.82986854,One Motor Vehicle - Turning Right,4,One Vehicle Leaving Driveway,10,Entrance To Or Exit From Private Property Or Driveway,"250,000 Pop And Over",No,NONE,100,Farm To Market,"Straight, Grade",Other (Explain In Narrative),Shoulder,"4 Or More Lanes, Undivided",45,FM2304,10628,Dry,None,Clear,Not Worn,Pedalcyclist
11713467,No,No,No Data,Austin Police Department,TRUE,No Data,No Data,10-3030840,Austin,No,No,Travis,0,0,0,1,1,Possible Injury,835,1,0,2010,Saturday,Pedalcyclist,No Data,DUVAL RD,Intersection,30.41724475,Daylight,-97.75004245,One Motor Vehicle - Turning Left,No Data,Not Applicable,No Data,Not Applicable,"250,000 Pop And Over",No,NONE,No Data,City Street,"Straight, Level",Main/Proper Lane,On Roadway,No Data,45,JOLLYVILLE RD,11615,Dry,Signal Light,Clear,"Worn, Not Damaged",Pedalcyclist
11712348,No,No,No Data,Austin Police Department,FALSE,No Data,No Data,10-3070747,Austin,No,No,Travis,0,0,1,1,0,Non-Incapacitating Injury,1149,1,0,2010,Wednesday,Pedalcyclist,No Data,UNKNOWN,Intersection Related,30.32592361,Daylight,-97.72634516,One Motor Vehicle - Turning Left,No Data,Not Applicable,No Data,Not Applicable,"250,000 Pop And Over",No,NONE,No Data,City Street,"Straight, Level",Main/Proper Lane,On Roadway,No Data,40,N LAMAR BLVD,NO DATA,Dry,Signal Light,Cloudy,Unknown If Worn,Pedalcyclist
11738144,Yes,No,No Data,Austin Police Department,FALSE,No Data,No Data,10-3071395,Austin,No,No,Travis,0,0,0,1,0,Not Injured,1806,0,1,2010,Wednesday,Pedalcyclist,No Data,N/A,Non Intersection,No Data,Daylight,No Data,One Motor Vehicle - Turning Right,No Data,Not Applicable,No Data,In A Parking Lot,"250,000 Pop And Over",Yes,NONE,No Data,Non Trafficway,"Curve, Level",Other (Explain In Narrative),Not Applicable,No Data,30,DUVAL RD,NO DATA,Dry,None,Cloudy,Not Worn,Pedalcyclist
11738556,Yes,No,34215,Austin Police Department,FALSE,34215,2014,10-3151376,Austin,No,No,Travis,0,0,1,3,0,Non-Incapacitating Injury,1614,1,0,2010,Thursday,Pedalcyclist,State Loop,N/A,Driveway Access,30.24683993,Daylight,-97.77745735,One Motor Vehicle - Turning Left,4,One Vehicle Entering Driveway,0,Entrance To Or Exit From Private Property Or Driveway,"250,000 Pop And Over",No,NONE,80,US & State Highways,"Straight, Grade",Main/Proper Lane,On Roadway,"4 Or More Lanes, Undivided",45,SL0343,2445,Dry,None,Clear,Not Worn,Pedalcyclist
11763577,No,No,No Data,Austin Police Department,FALSE,No Data,No Data,103180879,Austin,No,No,Travis,0,0,1,1,0,Non-Incapacitating Injury,1026,1,0,2010,Sunday,Pedalcyclist,No Data,MANCHACA RD,Intersection Related,30.17363507,Daylight,-97.82379977,One Motor Vehicle - Turning Right,No Data,Not Applicable,No Data,Not Applicable,"250,000 Pop And Over",No,NONE,No Data,City Street,"Straight, Level",Main/Proper Lane,On Roadway,No Data,45,W SLAUGHTER LN,1998,Dry,Crosswalk,Clear,Not Worn,Pedalcyclist
11799239,Yes,No,118604,Austin Police Department,TRUE,118604,2014,103180870,Austin,No,No,Travis,0,0,1,1,0,Non-Incapacitating Injury,1018,1,0,2010,Sunday,Pedalcyclist,State Loop,RM2244,Intersection,30.26428944,Daylight,-97.78689183,One Motor Vehicle - Turning Left,7,Not Applicable,6,Not Applicable,"250,000 Pop And Over",No,NONE,300,US & State Highways,"Straight, Hillcrest",Service/Frontage Road,On Roadway,"4 Or More Lanes, Divided",0,SL0001,NO DATA,Dry,None,Clear,Unknown If Worn,Pedalcyclist
11763525,No,No,No Data,Austin Police Department,TRUE,No Data,No Data,103201703,Austin,No,No,Travis,0,0,1,1,0,Non-Incapacitating Injury,1941,1,0,2010,Tuesday,Pedalcyclist,No Data,S 1ST ST,Intersection Related,30.1724048,"Dark, Lighted",-97.79957245,One Motor Vehicle - Turning Left,No Data,Not Applicable,No Data,Not Applicable,"250,000 Pop And Over",No,NONE,No Data,City Street,"Straight, Grade",Main/Proper Lane,On Roadway,No Data,45,W SLAUGHTER LN,NO DATA,Dry,Signal Light,Clear,Not Worn,Pedalcyclist
11764513,No,No,No Data,Austin Police Department,TRUE,No Data,No Data,103201090,Austin,No,No,Travis,0,0,1,1,0,Non-Incapacitating Injury,1440,1,0,2010,Tuesday,Pedalcyclist,No Data,UNKNOWN,Intersection,30.27996722,Daylight,-97.73573081,One Motor Vehicle - Turning Right,No Data,Not Applicable,No Data,Not Applicable,"250,000 Pop And Over",No,NONE,No Data,City Street,"Straight, Level",Main/Proper Lane,On Roadway,No Data,40,E MARTIN LUTHER KING JR BLVD,297,Dry,Signal Light,Clear,Not Worn,Pedalcyclist
11763435,Yes,No,No Data,Austin Police Department,FALSE,No Data,No Data,103221095,Austin,No,No,Travis,0,1,0,1,0,Incapacitating Injury,1355,1,0,2010,Thursday,Pedalcyclist,No Data,IH0035,Intersection Related,30.26195571,Daylight,-97.7355559,One Motor Vehicle - Turning Right,No Data,Not Applicable,No Data,Not Applicable,"250,000 Pop And Over",No,NONE,No Data,City Street,"Straight, Level",Main/Proper Lane,On Roadway,No Data,30,E 2ND ST,806,Dry,Stop Sign,Clear,Not Worn,Pedalcyclist
11763616,No,No,No Data,Austin Police Department,TRUE,No Data,No Data,103221291,Austin,No,No,Travis,0,0,1,1,0,Non-Incapacitating Injury,1540,1,0,2010,Thursday,Pedalcyclist,No Data,E 45TH ST,Intersection,30.30817477,Daylight,-97.72745247,One Motor Vehicle - Turning Left,No Data,Not Applicable,No Data,Not Applicable,"250,000 Pop And Over",No,BICYCLE/UNIT 2,No Data,City Street,"Straight, Level",Main/Proper Lane,On Roadway,No Data,35,AVENUE F,4501,Dry,Stop Sign,Clear,Not Worn,Pedalcyclist
11763363,Yes,No,50813,Austin Police Department,TRUE,50813,2014,10-3232104,Austin,No,No,Travis,0,0,1,1,0,Non-Incapacitating Injury,2139,1,0,2010,Friday,Pedalcyclist,Farm To Market,WILLOW WILD DR,Intersection,30.41059462,"Dark, Lighted",-97.68506547,One Motor Vehicle - Going Straight,6,Not Applicable,10,Not Applicable,"250,000 Pop And Over",No,NONE,150,Farm To Market,"Straight, Level",Main/Proper Lane,On Roadway,"4 Or More Lanes, Divided",50,FM0734,1450,Dry,Stop Sign,Clear,Not Worn,Pedalcyclist
11763459,No,No,No Data,Austin Police Department,TRUE,No Data,No Data,10-3231592,Austin,No,No,Travis,0,0,1,1,0,Non-Incapacitating Injury,1739,1,0,2010,Friday,Pedalcyclist,No Data,CONGRESS AVE,Intersection,30.28063478,Daylight,-97.73808246,One Motor Vehicle - Turning Right,No Data,Not Applicable,No Data,Not Applicable,"250,000 Pop And Over",No,NONE,No Data,City Street,"Straight, Level",Main/Proper Lane,On Roadway,No Data,35,W MARTIN LUTHER KING JR BLVD,NO DATA,Dry,Signal Light,Clear,"Worn, Not Damaged",Pedalcyclist
11763369,No,No,No Data,Austin Police Department,FALSE,No Data,No Data,103241358,Austin,No,No,Travis,0,0,1,1,0,Non-Incapacitating Injury,1532,1,0,2010,Saturday,Pedalcyclist,No Data,N/A,Non Intersection,30.24693163,Daylight,-97.7506474,One Motor Vehicle - Backing,No Data,One Vehicle Backward From Parking,No Data,Parking Area Within Right Of Way,"250,000 Pop And Over",No,NONE,No Data,City Street,"Straight, Level",Main/Proper Lane,On Roadway,No Data,0,CONGRESS AVE S,1710,Dry,None,Clear,Not Worn,Pedalcyclist
11763477,No,No,No Data,Austin Police Department,TRUE,No Data,No Data,10-3251187,Austin,No,No,Travis,0,0,1,2,0,Non-Incapacitating Injury,1317,1,0,2010,Sunday,Pedalcyclist,No Data,SPEEDWAY,Intersection,30.28948477,Daylight,-97.73678246,One Motor Vehicle - Going Straight,No Data,Not Applicable,No Data,Not Applicable,"250,000 Pop And Over",No,NONE,No Data,City Street,"Straight, Grade",Main/Proper Lane,On Roadway,No Data,30,W DEAN KEETON ST,200,Dry,Signal Light,Clear,Not Worn,Pedalcyclist
11793325,No,No,No Data,Austin Police Department,TRUE,No Data,No Data,103281980,Austin,No,No,Travis,0,0,1,2,0,Non-Incapacitating Injury,2122,1,0,2010,Wednesday,Pedalcyclist,No Data,GONZALES ST,Intersection,30.25721478,"Dark, Lighted",-97.70091247,One Motor Vehicle - Turning Left,No Data,Not Applicable,No Data,Not Applicable,"250,000 Pop And Over",No,NONE,No Data,City Street,"Straight, Level",Main/Proper Lane,On Roadway,No Data,30,SPRINGDALE RD,725,Dry,Center Stripe/Divider,Clear,Unknown If Worn,Pedalcyclist
11793354,No,No,No Data,Austin Police Department,TRUE,No Data,No Data,10-3311255,Austin,No,No,Travis,0,0,0,2,1,Possible Injury,1644,1,0,2010,Saturday,Pedalcyclist,No Data,UNKNOWN,Intersection,30.38872863,Daylight,-97.71036699,One Motor Vehicle - Going Straight,No Data,Not Applicable,No Data,Not Applicable,"250,000 Pop And Over",No,NONE,No Data,City Street,"Straight, Level",Main/Proper Lane,On Roadway,No Data,45,KRAMER LN,2007,Dry,Signal Light,Clear,Not Worn,Pedalcyclist
11794532,No,No,No Data,Austin Police Department,FALSE,No Data,No Data,103331114,Austin,No,No,Travis,0,0,1,1,0,Non-Incapacitating Injury,1502,1,0,2010,Monday,Pedalcyclist,No Data,N/A,Driveway Access,30.4025225,Daylight,-97.70141117,One Motor Vehicle - Turning Right,No Data,One Vehicle Entering Driveway,No Data,Entrance To Or Exit From Private Property Or Driveway,"250,000 Pop And Over",No,NONE,No Data,City Street,"Straight, Level",Main/Proper Lane,On Roadway,No Data,0,METRIC BLVD,NO DATA,Dry,Marked Lanes,Clear,Unknown If Worn,Pedalcyclist
11793492,No,No,No Data,Austin Police Department,FALSE,No Data,No Data,103361072,Austin,No,No,Travis,0,0,0,1,1,Possible Injury,1344,1,0,2010,Thursday,Pedalcyclist,State Loop,N/A,Non Intersection,No Data,Daylight,No Data,One Motor Vehicle - Turning Right,No Data,Not Applicable,No Data,In A Parking Lot,"250,000 Pop And Over",Yes,NONE,No Data,Non Trafficway,"Straight, Level",Main/Proper Lane,Not Applicable,No Data,40,SL0343,NO DATA,Dry,None,Clear,Not Worn,Pedalcyclist
11794546,No,No,No Data,Austin Police Department,FALSE,No Data,No Data,103361516,Austin,No,No,Travis,0,0,0,1,1,Possible Injury,1735,1,0,2010,Thursday,Pedalcyclist,US Highway,N/A,Driveway Access,No Data,Daylight,No Data,One Motor Vehicle - Going Straight,No Data,One Vehicle Leaving Driveway,No Data,Entrance To Or Exit From Private Property Or Driveway,"250,000 Pop And Over",No,NONE,No Data,US & State Highways,"Straight, Level",Service/Frontage Road,On Roadway,No Data,0,US0183,NO DATA,Dry,Stop Sign,Clear,"Worn, Not Damaged",Pedalcyclist
11794988,Yes,No,No Data,Austin Police Department,FALSE,No Data,No Data,10-3381676,Austin,No,No,Travis,0,1,0,0,0,Incapacitating Injury,1745,1,1,2010,Saturday,Pedalcyclist,No Data,N/A,Non Intersection,30.19618626,Daylight,-97.73700943,One Motor Vehicle - Going Straight,No Data,Not Applicable,No Data,Not Applicable,"250,000 Pop And Over",No,NONE,No Data,City Street,"Straight, Level",Main/Proper Lane,On Roadway,No Data,40,NUCKOLS CROSSING RD,4918,Dry,None,Clear,Not Worn,Pedalcyclist
11794995,Yes,No,No Data,Austin Police Department,FALSE,No Data,No Data,103380520,Austin,No,No,Travis,0,0,1,0,0,Non-Incapacitating Injury,417,1,1,2010,Saturday,Pedalcyclist,No Data,N/A,Non Intersection,30.25519968,"Dark, Lighted",-97.75196586,One Motor Vehicle - Going Straight,No Data,Not Applicable,No Data,Not Applicable,"250,000 Pop And Over",No,NONE,No Data,City Street,"Straight, Grade",Main/Proper Lane,On Roadway,No Data,35,S 1ST ST,799,Dry,Marked Lanes,Clear,Unknown If Worn,Pedalcyclist
11794520,No,No,No Data,Austin Police Department,TRUE,No Data,No Data,103391482,Austin,No,No,Travis,0,0,0,2,1,Possible Injury,1910,1,0,2010,Sunday,Pedalcyclist,No Data,PEARL ST,Intersection,30.28320478,"Dark, Lighted",-97.74715246,One Motor Vehicle - Going Straight,No Data,Not Applicable,No Data,Not Applicable,"250,000 Pop And Over",No,NONE,No Data,City Street,"Straight, Grade",Main/Proper Lane,On Roadway,No Data,35,MARTIN LUTHER KING BLVD W,900,Dry,Marked Lanes,Clear,Not Worn,Pedalcyclist