Crash ID,$1000 Damage to Any One Person's Property,Active School Zone Flag,Adjusted Average Daily Traffic Amount,Agency,At Intersection Flag,Average Daily Traffic Amount,Average Daily Traffic Year,Case ID,City,Construction Zone Flag,Construction Zone Workers Present Flag,County,Crash Death Count,Crash Incapacitating Injury Count,Crash Non-incapacitating Injury Count,Crash Not Injured Count,Crash Possible Injury Count,Crash Severity,Crash Time,Crash Total Injury Count,Crash Unknown Injury Count,Crash Year,Day of Week,First Harmful Event,Highway System,Intersecting Street Name,Intersection Related,Latitude,Light Condition,Longitude,Manner of Collision,Number of Lanes,Other Factor,Outside Shoulder Width on Divided Highway,Physical Feature 1,Population Group,Private Drive Flag,Property Damages,Right of Way Usual Width,Road Class,Roadway Alignment,Roadway Part,Roadway Relation,Roadway Type,Speed Limit,Street Name,Street Number,Surface Condition,Traffic Control Type,Weather Condition,Person Helmet,Person Type
11896281,Yes,No,No Data,Austin Police Department,TRUE,No Data,No Data,10-3461377,Austin,No,No,Travis,0,0,0,2,0,Not Injured,1742,0,0,2010,Sunday,Pedalcyclist,No Data,RUTLAND DR,Intersection Related,30.36924476,"Dark, Lighted",-97.70549247,One Motor Vehicle - Turning Left,No Data,Not Applicable,No Data,Not Applicable,"250,000 Pop And Over",No,BICYCLE,No Data,City Street,"Straight, Level",Main/Proper Lane,On Roadway,No Data,35,PARKFIELD DR,9499,Dry,None,Clear,Unknown If Worn,Pedalcyclist
11829738,Yes,No,No Data,Austin Police Department,TRUE,No Data,No Data,10-3491647,Austin,No,No,Travis,0,0,1,1,0,Non-Incapacitating Injury,1651,1,0,2010,Wednesday,Pedalcyclist,No Data,E 5TH ST,Intersection,30.25520478,Daylight,-97.70713247,One Motor Vehicle - Going Straight,No Data,Not Applicable,No Data,Not Applicable,"250,000 Pop And Over",No,NONE,No Data,City Street,"Straight, Level",Main/Proper Lane,On Roadway,No Data,30,TILLERY ST,499,Dry,Stop Sign,Clear,Not Worn,Pedalcyclist
11829750,No,No,No Data,Austin Police Department,FALSE,No Data,No Data,103500984,Austin,No,No,Travis,0,0,1,0,0,Non-Incapacitating Injury,1205,1,1,2010,Thursday,Pedalcyclist,No Data,N/A,Non Intersection,30.2752542,Daylight,-97.74632069,One Motor Vehicle - Going Straight,No Data,Not Applicable,No Data,Not Applicable,"250,000 Pop And Over",No,NONE,No Data,City Street,"Straight, Level",Main/Proper Lane,On Roadway,No Data,30,NUECES ST,1187,Dry,Center Stripe/Divider,Clear,Not Worn,Pedalcyclist
11827885,No,No,No Data,Austin Police Department,FALSE,No Data,No Data,10-3511394,Austin,No,No,Travis,0,0,1,1,0,Non-Incapacitating Injury,1541,1,0,2010,Friday,Pedalcyclist,No Data,E 5TH ST,Intersection Related,30.26634168,Daylight,-97.74075498,One Motor Vehicle - Turning Right,No Data,Not Applicable,No Data,Parking Area Within Right Of Way,"250,000 Pop And Over",No,NONE,No Data,City Street,"Straight, Level",Main/Proper Lane,On Roadway,No Data,30,SAN JACINTO BLVD,490,Dry,Marked Lanes,Clear,"Worn, Unk Damage",Pedalcyclist
11828164,Yes,No,No Data,Austin Police Department,FALSE,No Data,No Data,10-3510191,Austin,No,No,Travis,0,1,0,1,0,Incapacitating Injury,217,1,0,2010,Friday,Pedalcyclist,No Data,N/A,Non Intersection,30.21798404,"Dark, Unknown Lighting",-97.77483128,One Motor Vehicle - Going Straight,No Data,Not Applicable,No Data,Not Applicable,"250,000 Pop And Over",No,NONE,No Data,City Street,"Straight, Grade",Main/Proper Lane,On Roadway,No Data,40,S 1ST ST,4534,Dry,Marked Lanes,Clear,Unknown If Worn,Pedalcyclist
11896293,Yes,No,15262,Austin Police Department,TRUE,15262,2014,10-3510569,Austin,No,No,Travis,0,0,2,1,0,Non-Incapacitating Injury,900,2,0,2010,Friday,Pedalcyclist,Farm To Market,US0183,Intersection Related,30.28640021,Daylight,-97.67727652,One Motor Vehicle - Going Straight,4,Not Applicable,0,Not Applicable,"250,000 Pop And Over",No,NONE,100,Farm To Market,"Straight, Level",Main/Proper Lane,On Roadway,"4 Or More Lanes, Undivided",55,FM0969,4601,Dry,Stop Sign,Clear,Not Worn,Pedalcyclist
11896293,Yes,No,15262,Austin Police Department,TRUE,15262,2014,10-3510569,Austin,No,No,Travis,0,0,2,1,0,Non-Incapacitating Injury,900,2,0,2010,Friday,Pedalcyclist,Farm To Market,US0183,Intersection Related,30.28640021,Daylight,-97.67727652,One Motor Vehicle - Going Straight,4,Not Applicable,0,Not Applicable,"250,000 Pop And Over",No,NONE,100,Farm To Market,"Straight, Level",Main/Proper Lane,On Roadway,"4 Or More Lanes, Undivided",55,FM0969,4601,Dry,Stop Sign,Clear,Not Worn,Pedalcyclist
11846475,Yes,No,No Data,Austin Police Department,TRUE,No Data,No Data,103530672,Austin,No,No,Travis,0,0,0,1,1,Possible Injury,854,1,0,2010,Sunday,Pedalcyclist,No Data,FM2222,Intersection Related,No Data,Daylight,No Data,One Motor Vehicle - Going Straight,No Data,Not Applicable,No Data,Not Applicable,"250,000 Pop And Over",No,NONE,No Data,Farm To Market,"Straight, Level",Main/Proper Lane,On Roadway,No Data,55,FM0620,NO DATA,Dry,Flagman,Clear,"Worn, Not Damaged",Pedalcyclist
11827915,No,No,No Data,Austin Police Department,FALSE,No Data,No Data,10-3580303,Austin,No,No,Travis,0,0,0,1,2,Possible Injury,300,2,1,2010,Friday,Pedalcyclist,No Data,SAN JACINTO BLVD,Intersection Related,30.26643353,"Dark, Lighted",-97.74075254,One Motor Vehicle - Turning Right,No Data,Not Applicable,No Data,Not Applicable,"250,000 Pop And Over",No,NONE,No Data,City Street,"Straight, Level",Main/Proper Lane,On Roadway,No Data,35,E 5TH ST,295,Wet,Signal Light With Red Light Running Camera,Rain,Not Worn,Pedalcyclist
11827915,No,No,No Data,Austin Police Department,FALSE,No Data,No Data,10-3580303,Austin,No,No,Travis,0,0,0,1,2,Possible Injury,300,2,1,2010,Friday,Pedalcyclist,No Data,SAN JACINTO BLVD,Intersection Related,30.26643353,"Dark, Lighted",-97.74075254,One Motor Vehicle - Turning Right,No Data,Not Applicable,No Data,Not Applicable,"250,000 Pop And Over",No,NONE,No Data,City Street,"Straight, Level",Main/Proper Lane,On Roadway,No Data,35,E 5TH ST,295,Wet,Signal Light With Red Light Running Camera,Rain,Not Worn,Pedalcyclist
11827915,No,No,No Data,Austin Police Department,FALSE,No Data,No Data,10-3580303,Austin,No,No,Travis,0,0,0,1,2,Possible Injury,300,2,1,2010,Friday,Pedalcyclist,No Data,SAN JACINTO BLVD,Intersection Related,30.26643353,"Dark, Lighted",-97.74075254,One Motor Vehicle - Turning Right,No Data,Not Applicable,No Data,Not Applicable,"250,000 Pop And Over",No,NONE,No Data,City Street,"Straight, Level",Main/Proper Lane,On Roadway,No Data,35,E 5TH ST,295,Wet,Signal Light With Red Light Running Camera,Rain,Not Worn,Pedalcyclist
11847534,No,No,No Data,Austin Police Department,FALSE,No Data,No Data,10-3590840,Austin,No,No,Travis,0,0,1,1,0,Non-Incapacitating Injury,1358,1,0,2010,Saturday,Pedalcyclist,No Data,N/A,Non Intersection,30.36514545,Daylight,-97.71634384,One Motor Vehicle - Going Straight,No Data,Not Applicable,No Data,Not Applicable,"250,000 Pop And Over",No,NONE,No Data,City Street,"Straight, Level",Main/Proper Lane,On Roadway,No Data,35,PAYTON GIN RD,1752,Dry,None,Clear,Not Worn,Pedalcyclist
11827924,No,No,No Data,Austin Police Department,TRUE,No Data,No Data,103601310,Austin,No,No,Travis,0,0,1,3,0,Non-Incapacitating Injury,2038,1,0,2010,Sunday,Pedalcyclist,No Data,EL PASO ST,Intersection,30.23670479,"Dark, Lighted",-97.76305246,One Motor Vehicle - Turning Left,No Data,Not Applicable,No Data,Not Applicable,"250,000 Pop And Over",No,BICYCLE,No Data,City Street,"Straight, Level",Main/Proper Lane,On Roadway,No Data,35,S 1ST ST,2813,Dry,None,Clear,Not Worn,Pedalcyclist
11827938,No,No,No Data,Austin Police Department,FALSE,No Data,No Data,103600953,Austin,No,No,Travis,0,1,0,1,0,Incapacitating Injury,1639,1,0,2010,Monday,Pedalcyclist,No Data,S PLEASANT VALLEY RD,Intersection Related,30.1797418,Daylight,-97.74720289,One Motor Vehicle - Turning Right,No Data,Not Applicable,No Data,Not Applicable,"250,000 Pop And Over",No,NONE,No Data,City Street,"Straight, Level",Main/Proper Lane,On Roadway,No Data,35,E WILLIAM CANNON DR,NO DATA,Dry,Yield Sign,Clear,Not Worn,Pedalcyclist
11846327,No,No,No Data,Austin Police Department,FALSE,No Data,No Data,103640946,Austin,No,No,Travis,0,0,0,1,1,Possible Injury,1219,1,0,2010,Thursday,Pedalcyclist,No Data,N/A,Driveway Access,30.20865944,Daylight,-97.78135073,One Motor Vehicle - Turning Left,No Data,One Vehicle Entering Driveway,No Data,Entrance To Or Exit From Private Property Or Driveway,"250,000 Pop And Over",No,NONE,No Data,City Street,"Straight, Level",Main/Proper Lane,On Roadway,No Data,35,S 1ST ST,5590,Dry,Center Stripe/Divider,Clear,"Worn, Unk Damage",Pedalcyclist
11846282,Yes,No,No Data,Austin Police Department,FALSE,No Data,No Data,103651189,Austin,No,No,Travis,0,0,1,2,0,Non-Incapacitating Injury,1412,1,0,2010,Friday,Pedalcyclist,No Data,UNKNOWN,Intersection Related,30.42460203,Daylight,-97.7136033,One Motor Vehicle - Going Straight,No Data,Not Applicable,No Data,Not Applicable,"250,000 Pop And Over",No,NONE,No Data,City Street,"Straight, Level",Main/Proper Lane,On Roadway,No Data,35,AMHERST DR,12596,Dry,Signal Light,Clear,"Worn, Damaged",Pedalcyclist
11860755,No,No,No Data,Austin Police Department,TRUE,No Data,No Data,11-0040416,Austin,No,No,Travis,0,0,0,1,1,Possible Injury,720,1,0,2011,Tuesday,Pedalcyclist,No Data,GOBI DR,Intersection Related,30.21149479,Daylight,-97.78935245,One Motor Vehicle - Going Straight,No Data,Not Applicable,No Data,Not Applicable,"250,000 Pop And Over",No,NONE,No Data,County Road,"Straight, Level",Main/Proper Lane,On Roadway,No Data,0,W STASSNEY LN,NO DATA,Dry,Stop Sign,Cloudy,Not Worn,Pedalcyclist
11861027,No,No,No Data,Austin Police Department,FALSE,No Data,No Data,110060499,Austin,No,No,Travis,0,0,1,1,0,Non-Incapacitating Injury,837,1,0,2011,Thursday,Pedalcyclist,No Data,N/A,Driveway Access,30.26581182,Daylight,-97.74226238,One Motor Vehicle - Turning Left,No Data,One Vehicle Entering Driveway,No Data,Entrance To Or Exit From Private Property Or Driveway,"250,000 Pop And Over",No,NONE,No Data,City Street,"Straight, Level",Main/Proper Lane,On Roadway,No Data,30,E 4TH ST,191,Dry,Stop Sign,Clear,"Worn, Damaged",Pedalcyclist
11866199,No,No,No Data,Austin Police Department,TRUE,No Data,No Data,11-0111361,Austin,No,No,Travis,0,0,1,0,0,Non-Incapacitating Injury,1740,1,1,2011,Tuesday,Pedalcyclist,No Data,BANTON RD,Intersection,30.28601477,Daylight,-97.70799247,One Motor Vehicle - Turning Left,No Data,Not Applicable,No Data,Not Applicable,"250,000 Pop And Over",No,NONE,No Data,City Street,"Straight, Grade",Main/Proper Lane,On Roadway,No Data,35,MANOR RD,2959,Dry,Bike Lane,Clear,Unknown If Worn,Pedalcyclist
11883785,No,No,No Data,Austin Police Department,TRUE,No Data,No Data,11-0191952,Austin,No,No,Travis,0,0,1,1,0,Non-Incapacitating Injury,2140,1,0,2011,Wednesday,Pedalcyclist,No Data,E 45TH ST,Intersection Related,30.30480477,"Dark, Lighted",-97.71960247,One Motor Vehicle - Turning Right,No Data,Not Applicable,No Data,Not Applicable,"250,000 Pop And Over",No,NONE,No Data,City Street,"Straight, Level",Main/Proper Lane,On Roadway,No Data,30,RED RIVER ST,4501,Dry,Signal Light,Clear,Not Worn,Pedalcyclist
11883966,No,No,179906,Austin Police Department,TRUE,179906,2014,11-0191642,Austin,No,No,Travis,0,0,0,1,1,Possible Injury,1843,1,0,2011,Wednesday,Pedalcyclist,Interstate,SS0069,Intersection,30.32212067,"Dark, Lighted",-97.70681763,One Motor Vehicle - Going Straight,8,Not Applicable,10,Not Applicable,"250,000 Pop And Over",No,NONE,300,Interstate,"Straight, Level",Service/Frontage Road,On Roadway,"4 Or More Lanes, Divided",45,IH0035,NO DATA,Dry,Signal Light,Clear,"Worn, Unk Damage",Pedalcyclist
11884003,No,No,No Data,Austin Police Department,FALSE,No Data,No Data,110221267,Austin,No,No,Travis,0,0,0,1,1,Possible Injury,1453,1,0,2011,Saturday,Pedalcyclist,No Data,N/A,Non Intersection,No Data,Daylight,No Data,One Motor Vehicle - Going Straight,No Data,Not Applicable,No Data,Private Drive Or Road,"250,000 Pop And Over",Yes,NONE,No Data,Non Trafficway,"Straight, Level",Other (Explain In Narrative),Not Applicable,No Data,0,S 1ST ST,NO DATA,Dry,None,Clear,Not Worn,Pedalcyclist
11884037,Yes,No,No Data,Austin Police Department,TRUE,No Data,No Data,110250542,Austin,No,No,Travis,0,0,0,1,1,Possible Injury,855,1,0,2011,Tuesday,Pedalcyclist,No Data,BENNETT AVE,Intersection,30.31118477,Daylight,-97.71338247,One Motor Vehicle - Going Straight,No Data,Not Applicable,No Data,Not Applicable,"250,000 Pop And Over",No,NONE,No Data,City Street,"Straight, Level",Main/Proper Lane,On Roadway,No Data,30,E 51ST ST,924,Dry,Stop Sign,Clear,"Worn, Not Damaged",Pedalcyclist
11894934,No,No,No Data,Austin Police Department,TRUE,No Data,No Data,110251602,Austin,No,No,Travis,0,0,0,3,0,Not Injured,1827,0,0,2011,Tuesday,Pedalcyclist,No Data,SPRINGDALE RD,Intersection,30.26064478,Daylight,-97.69871247,One Motor Vehicle - Turning Right,No Data,Not Applicable,No Data,Not Applicable,"250,000 Pop And Over",No,NONE,No Data,City Street,"Straight, Level",Main/Proper Lane,On Roadway,No Data,0,LYONS RD,3698,Dry,Stop Sign,Clear,Not Worn,Pedalcyclist
11894934,No,No,No Data,Austin Police Department,TRUE,No Data,No Data,110251602,Austin,No,No,Travis,0,0,0,3,0,Not Injured,1827,0,0,2011,Tuesday,Pedalcyclist,No Data,SPRINGDALE RD,Intersection,30.26064478,Daylight,-97.69871247,One Motor Vehicle - Turning Right,No Data,Not Applicable,No Data,Not Applicable,"250,000 Pop And Over",No,NONE,No Data,City Street,"Straight, Level",Main/Proper Lane,On Roadway,No Data,0,LYONS RD,3698,Dry,Stop Sign,Clear,Not Worn,Pedalcyclist
11883722,No,No,No Data,Austin Police Department,TRUE,No Data,No Data,2011-0262032,Austin,No,No,Travis,0,0,0,3,0,Not Injured,2219,0,0,2011,Wednesday,Pedalcyclist,No Data,W 7TH ST,Intersection Related,30.26899478,"Dark, Lighted",-97.74246246,One Motor Vehicle - Going Straight,No Data,Not Applicable,No Data,Not Applicable,"250,000 Pop And Over",No,NONE,No Data,City Street,"Straight, Level",Main/Proper Lane,On Roadway,No Data,35,CONGRESS AVE,699,Dry,Signal Light,Clear,"Worn, Not Damaged",Pedalcyclist
11895136,Yes,No,No Data,Austin Police Department,FALSE,No Data,No Data,110270432,Austin,No,No,Travis,0,0,0,1,1,Possible Injury,814,1,0,2011,Thursday,Pedalcyclist,No Data,N/A,Driveway Access,No Data,Daylight,No Data,One Motor Vehicle - Going Straight,No Data,One Vehicle Leaving Driveway,No Data,In A Parking Lot,"250,000 Pop And Over",Yes,NONE,No Data,Non Trafficway,"Straight, Level",Main/Proper Lane,Not Applicable,No Data,45,MCNEIL DR,NO DATA,Dry,None,Clear,"Worn, Not Damaged",Pedalcyclist
11894938,Yes,No,No Data,Austin Police Department,FALSE,No Data,No Data,11-0281874,Austin,No,No,Travis,0,0,1,2,1,Non-Incapacitating Injury,1907,2,0,2011,Friday,Pedalcyclist,No Data,N/A,Non Intersection,30.3041102,"Dark, Not Lighted",-97.69932562,One Motor Vehicle - Going Straight,No Data,Not Applicable,No Data,Not Applicable,"250,000 Pop And Over",No,NONE,No Data,City Street,"Straight, Level",Main/Proper Lane,On Roadway,No Data,40,E 51ST ST,1677,Dry,Bike Lane,Clear,Not Worn,Pedalcyclist
11895328,No,No,No Data,Austin Police Department,FALSE,No Data,No Data,11-0301307,Austin,No,No,Travis,0,0,0,1,1,Possible Injury,1500,1,0,2011,Sunday,Pedalcyclist,No Data,N/A,Driveway Access,30.23726037,Daylight,-97.75484851,One Motor Vehicle - Going Straight,No Data,One Vehicle Leaving Driveway,No Data,Entrance To Or Exit From Private Property Or Driveway,"250,000 Pop And Over",No,NONE,No Data,City Street,"Straight, Level",Main/Proper Lane,On Roadway,No Data,40,CONGRESS AVE S,2500,Dry,None,Clear,Not Worn,Pedalcyclist
11946976,Yes,No,No Data,Austin Police Department,FALSE,No Data,No Data,11-0352308,Austin,No,No,Travis,0,0,1,1,0,Non-Incapacitating Injury,1936,1,0,2011,Friday,Pedalcyclist,No Data,N/A,Driveway Access,30.40695041,"Dark, Lighted",-97.69741574,One Motor Vehicle - Going Straight,No Data,One Vehicle Leaving Driveway,No Data,Entrance To Or Exit From Private Property Or Driveway,"250,000 Pop And Over",No,NONE,No Data,City Street,"Straight, Grade",Main/Proper Lane,On Roadway,No Data,30,METRIC BLVD,NO DATA,Ice,None,Clear,Not Worn,Pedalcyclist
11910943,Yes,No,No Data,Austin Police Department,TRUE,No Data,No Data,11-0371289,Austin,No,No,Travis,0,0,1,2,0,Non-Incapacitating Injury,1544,1,0,2011,Sunday,Pedalcyclist,No Data,TIN CUP DR,Intersection Related,30.44220475,Daylight,-97.80429244,One Motor Vehicle - Turning Left,No Data,Not Applicable,No Data,Not Applicable,"250,000 Pop And Over",No,NONE,No Data,City Street,"Straight, Level",Main/Proper Lane,On Roadway,No Data,30,SPICEWOOD PKWY,11533,Dry,Stop Sign,Clear,"Worn, Damaged",Pedalcyclist
11910998,No,No,No Data,Austin Police Department,TRUE,No Data,No Data,11-0370602,Austin,No,No,Travis,0,0,1,0,0,Non-Incapacitating Injury,630,1,1,2011,Sunday,Pedalcyclist,No Data,W ALPINE RD,Intersection,30.22805479,"Dark, Unknown Lighting",-97.76119246,One Motor Vehicle - Other,No Data,Not Applicable,No Data,Not Applicable,"250,000 Pop And Over",No,NONE,No Data,City Street,"Straight, Level",Main/Proper Lane,On Roadway,No Data,0,S CONGRESS AVE,3601,Dry,None,Clear,Not Worn,Pedalcyclist
11911000,No,No,No Data,Austin Police Department,FALSE,No Data,No Data,110371471,Austin,No,No,Travis,0,0,1,2,0,Non-Incapacitating Injury,1747,1,0,2011,Sunday,Pedalcyclist,No Data,GROVE BLVD,Intersection Related,30.22697106,Daylight,-97.70797501,One Motor Vehicle - Going Straight,No Data,Vision Obstructed By Standing Or Parked Vehicle,No Data,Not Applicable,"250,000 Pop And Over",No,NONE,No Data,City Street,"Straight, Level",Main/Proper Lane,On Roadway,No Data,45,E RIVERSIDE DR,NO DATA,Dry,Signal Light,Clear,Not Worn,Pedalcyclist
11918911,No,No,33647,Austin Police Department,TRUE,33647,2014,11-0411703,Austin,No,No,Travis,0,0,0,1,0,Not Injured,1943,0,1,2011,Thursday,Pedalcyclist,State Loop,BARTON SPRINGS RD,Intersection,30.26085741,"Dark, Lighted",-97.75852178,One Motor Vehicle - Going Straight,6,Not Applicable,0,Not Applicable,"250,000 Pop And Over",No,NONE,120,US & State Highways,"Straight, Level",Main/Proper Lane,On Roadway,"4 Or More Lanes, Divided",0,SL0343,498,Dry,Signal Light,Clear,"Worn, Not Damaged",Pedalcyclist
11918972,No,No,No Data,Austin Police Department,FALSE,No Data,No Data,11-0450674,Austin,No,No,Travis,0,0,1,1,0,Non-Incapacitating Injury,959,1,0,2011,Monday,Pedalcyclist,No Data,N/A,Driveway Access,30.23246479,Daylight,-97.75848246,One Motor Vehicle - Turning Right,No Data,One Vehicle Leaving Driveway,No Data,Entrance To Or Exit From Private Property Or Driveway,"250,000 Pop And Over",No,NONE,No Data,City Street,"Straight, Level",Main/Proper Lane,On Roadway,No Data,35,S CONGRESS AVE,3000,Dry,None,Clear,Not Worn,Pedalcyclist
11918985,No,No,No Data,Austin Police Department,TRUE,No Data,No Data,11-0451491,Austin,No,No,Travis,0,0,1,0,0,Non-Incapacitating Injury,1600,1,1,2011,Monday,Pedalcyclist,No Data,E RIVERSIDE DR,Intersection Related,30.23765478,Daylight,-97.72573247,One Motor Vehicle - Going Straight,No Data,Not Applicable,No Data,Not Applicable,"250,000 Pop And Over",No,NONE,No Data,City Street,"Curve, Level",Main/Proper Lane,On Roadway,No Data,30,WILLOW CREEK DR,NO DATA,Dry,Crosswalk,Clear,Unknown If Worn,Pedalcyclist
11919001,No,No,No Data,Austin Police Department,TRUE,No Data,No Data,11-0461552,Austin,No,No,Travis,0,0,0,2,0,Not Injured,1717,0,0,2011,Tuesday,Pedalcyclist,No Data,BARTON SPRINGS RD,Intersection Related,30.25841478,Daylight,-97.75010246,One Motor Vehicle - Turning Right,No Data,Not Applicable,No Data,Not Applicable,"250,000 Pop And Over",No,RALEIGH-PURSUIT BIKE,No Data,City Street,"Straight, Level",Main/Proper Lane,On Roadway,No Data,35,S 1ST ST,499,Dry,Signal Light,Clear,Not Worn,Pedalcyclist
12077374,No,No,148494,Austin Police Department,FALSE,148494,2014,110510317,Austin,No,No,Travis,0,0,1,3,1,Non-Incapacitating Injury,223,2,0,2011,Sunday,Pedalcyclist,Interstate,N/A,Driveway Access,30.26490395,"Dark, Lighted",-97.7349482,One Motor Vehicle - Turning Right,6,One Vehicle Leaving Driveway,5,Entrance To Or Exit From Private Property Or Driveway,"250,000 Pop And Over",No,NONE,300,Interstate,"Straight, Level",Service/Frontage Road,On Roadway,"4 Or More Lanes, Divided",35,IH0035,NO DATA,Dry,Marked Lanes,Clear,Not Worn,Pedalcyclist
12077374,No,No,148494,Austin Police Department,FALSE,148494,2014,110510317,Austin,No,No,Travis,0,0,1,3,1,Non-Incapacitating Injury,223,2,0,2011,Sunday,Pedalcyclist,Interstate,N/A,Driveway Access,30.26490395,"Dark, Lighted",-97.7349482,One Motor Vehicle - Turning Right,6,One Vehicle Leaving Driveway,5,Entrance To Or Exit From Private Property Or Driveway,"250,000 Pop And Over",No,NONE,300,Interstate,"Straight, Level",Service/Frontage Road,On Roadway,"4 Or More Lanes, Divided",35,IH0035,NO DATA,Dry,Marked Lanes,Clear,Not Worn,Pedalcyclist
12077374,No,No,148494,Austin Police Department,FALSE,148494,2014,110510317,Austin,No,No,Travis,0,0,1,3,1,Non-Incapacitating Injury,223,2,0,2011,Sunday,Pedalcyclist,Interstate,N/A,Driveway Access,30.26490395,"Dark, Lighted",-97.7349482,One Motor Vehicle - Turning Right,6,One Vehicle Leaving Driveway,5,Entrance To Or Exit From Private Property Or Driveway,"250,000 Pop And Over",No,NONE,300,Interstate,"Straight, Level",Service/Frontage Road,On Roadway,"4 Or More Lanes, Divided",35,IH0035,NO DATA,Dry,Marked Lanes,Clear,Not Worn,Pedalcyclist
12077374,No,No,148494,Austin Police Department,FALSE,148494,2014,110510317,Austin,No,No,Travis,0,0,1,3,1,Non-Incapacitating Injury,223,2,0,2011,Sunday,Pedalcyclist,Interstate,N/A,Driveway Access,30.26490395,"Dark, Lighted",-97.7349482,One Motor Vehicle - Turning Right,6,One Vehicle Leaving Driveway,5,Entrance To Or Exit From Private Property Or Driveway,"250,000 Pop And Over",No,NONE,300,Interstate,"Straight, Level",Service/Frontage Road,On Roadway,"4 Or More Lanes, Divided",35,IH0035,NO DATA,Dry,Marked Lanes,Clear,Not Worn,Pedalcyclist
12141819,No,No,No Data,Austin Police Department,FALSE,No Data,No Data,110511262,Austin,No,No,Travis,0,0,1,4,0,Non-Incapacitating Injury,1535,1,0,2011,Sunday,Pedalcyclist,No Data,N/A,Non Intersection,30.22555499,Daylight,-97.7290455,One Motor Vehicle - Going Straight,No Data,Not Applicable,No Data,Not Applicable,"250,000 Pop And Over",No,SIERRA QUEST BICYCLE,No Data,City Street,"Straight, Hillcrest",Main/Proper Lane,On Roadway,No Data,30,COLLINS CREEK DR,2610,Dry,None,Cloudy,Not Worn,Pedalcyclist
11940763,No,No,No Data,Austin Police Department,TRUE,No Data,No Data,110521571,Austin,No,No,Travis,0,0,1,0,0,Non-Incapacitating Injury,1749,1,1,2011,Monday,Pedalcyclist,No Data,E RIVERSIDE DR,Intersection Related,30.24171478,Daylight,-97.72832247,One Motor Vehicle - Going Straight,No Data,Not Applicable,No Data,Not Applicable,"250,000 Pop And Over",No,NONE,No Data,City Street,"Straight, Level",Main/Proper Lane,On Roadway,No Data,35,ROYAL CREST DR,NO DATA,Dry,Signal Light,Clear,Not Worn,Pedalcyclist
11941345,Yes,No,No Data,Austin Police Department,TRUE,No Data,No Data,110551855,Austin,No,No,Travis,0,0,1,1,0,Non-Incapacitating Injury,1853,1,0,2011,Thursday,Pedalcyclist,No Data,UNKNOWN,Intersection,30.37741392,"Dark, Lighted",-97.753436,One Motor Vehicle - Turning Left,No Data,Not Applicable,No Data,Not Applicable,"250,000 Pop And Over",No,NONE,No Data,City Street,"Straight, Level",Main/Proper Lane,On Roadway,No Data,35,MESA DR,8500,Dry,Center Stripe/Divider,Clear,"Worn, Unk Damage",Pedalcyclist
11941270,Yes,No,No Data,Austin Police Department,TRUE,No Data,No Data,11-0562205,Austin,No,No,Travis,0,1,0,1,0,Incapacitating Injury,2030,1,0,2011,Friday,Pedalcyclist,No Data,HAVANA ST,Intersection,30.23177479,"Dark, Not Lighted",-97.75892246,One Motor Vehicle - Turning Left,No Data,Not Applicable,No Data,Not Applicable,"250,000 Pop And Over",No,NONE,No Data,City Street,"Straight, Level",Main/Proper Lane,On Roadway,No Data,35,S CONGRESS AVE,3101,Dry,Bike Lane,Clear,"Worn, Unk Damage",Pedalcyclist
11941383,No,No,No Data,Austin Police Department,TRUE,No Data,No Data,110562024,Austin,Yes,No,Travis,0,0,0,1,1,Possible Injury,1902,1,0,2011,Friday,Pedalcyclist,No Data,W 22ND ST,Intersection,30.28520478,"Dark, Not Lighted",-97.74492246,One Motor Vehicle - Going Straight,No Data,Construction - Within Posted Road Construction Zone (Not Related To Crash),No Data,Not Applicable,"250,000 Pop And Over",No,NONE,No Data,City Street,"Straight, Level",Main/Proper Lane,On Roadway,No Data,30,RIO GRANDE ST,2199,Dry,Stop Sign,Clear,Unknown If Worn,Pedalcyclist
11941418,No,No,No Data,Austin Police Department,TRUE,No Data,No Data,110580933,Austin,No,No,Travis,0,0,1,2,0,Non-Incapacitating Injury,1125,1,0,2011,Sunday,Pedalcyclist,No Data,W BRAKER LN,Intersection Related,30.40069475,Daylight,-97.74884246,One Motor Vehicle - Turning Right,No Data,Not Applicable,No Data,Not Applicable,"250,000 Pop And Over",No,ROUBAIX BICYCLE,No Data,City Street,"Straight, Level",Main/Proper Lane,On Roadway,No Data,45,JOLLYVILLE RD,10729,Wet,Signal Light,Cloudy,"Worn, Not Damaged",Pedalcyclist
11941228,No,No,No Data,Austin Police Department,TRUE,No Data,No Data,110591346,Austin,No,No,Travis,0,0,0,1,0,Not Injured,1637,0,1,2011,Monday,Pedalcyclist,No Data,BOULDIN AVE,Intersection Related,30.25954478,Daylight,-97.75347246,One Motor Vehicle - Going Straight,No Data,Not Applicable,No Data,Not Applicable,"250,000 Pop And Over",No,NONE,No Data,City Street,"Straight, Level",Main/Proper Lane,On Roadway,No Data,35,BARTON SPRINGS RD,NO DATA,Dry,Signal Light,Clear,"Worn, Not Damaged",Pedalcyclist