Crash ID,$1000 Damage to Any One Person's Property,Active School Zone Flag,Adjusted Average Daily Traffic Amount,Agency,At Intersection Flag,Average Daily Traffic Amount,Average Daily Traffic Year,Case ID,City,Construction Zone Flag,Construction Zone Workers Present Flag,County,Crash Death Count,Crash Incapacitating Injury Count,Crash Non-incapacitating Injury Count,Crash Not Injured Count,Crash Possible Injury Count,Crash Severity,Crash Time,Crash Total Injury Count,Crash Unknown Injury Count,Crash Year,Day of Week,First Harmful Event,Highway System,Intersecting Street Name,Intersection Related,Latitude,Light Condition,Longitude,Manner of Collision,Number of Lanes,Other Factor,Outside Shoulder Width on Divided Highway,Physical Feature 1,Population Group,Private Drive Flag,Property Damages,Right of Way Usual Width,Road Class,Roadway Alignment,Roadway Part,Roadway Relation,Roadway Type,Speed Limit,Street Name,Street Number,Surface Condition,Traffic Control Type,Weather Condition,Person Helmet,Person Type
11941201,No,No,No Data,Austin Police Department,TRUE,No Data,No Data,11-0600641,Austin,No,No,Travis,0,0,0,1,1,Possible Injury,909,1,0,2011,Tuesday,Pedalcyclist,No Data,SPEEDWAY,Intersection,30.29315477,Daylight,-97.73601246,One Motor Vehicle - Going Straight,No Data,Not Applicable,No Data,Not Applicable,"250,000 Pop And Over",No,NONE,No Data,City Street,"Straight, Grade",Main/Proper Lane,On Roadway,No Data,30,E 30TH ST,298,Dry,Stop Sign,Clear,Not Worn,Pedalcyclist
11945835,Yes,No,No Data,Austin Police Department,FALSE,No Data,No Data,11-0601290,Austin,No,No,Travis,0,0,1,0,0,Non-Incapacitating Injury,1500,1,1,2011,Tuesday,Pedalcyclist,No Data,N/A,Non Intersection,30.25548189,Daylight,-97.7474935,One Motor Vehicle - Going Straight,No Data,Not Applicable,No Data,Not Applicable,"250,000 Pop And Over",No,NONE,No Data,City Street,"Straight, Level",Main/Proper Lane,On Roadway,No Data,30,CONGRESS AVE S,650,Dry,Center Stripe/Divider,Clear,Not Worn,Pedalcyclist
11945832,No,No,No Data,Austin Police Department,TRUE,No Data,No Data,110611883,Austin,No,No,Travis,0,0,0,1,1,Possible Injury,1930,1,0,2011,Wednesday,Pedalcyclist,No Data,W SLAUGHTER LN,Intersection,30.1792148,"Dark, Lighted",-97.84105244,One Motor Vehicle - Turning Right,No Data,Not Applicable,No Data,Not Applicable,"250,000 Pop And Over",No,NONE,No Data,City Street,"Straight, Level",Main/Proper Lane,On Roadway,No Data,35,W GATE BLVD,NO DATA,Dry,Flashing Red Light,Clear,Unknown If Worn,Pedalcyclist
11945862,No,No,No Data,Austin Police Department,TRUE,No Data,No Data,11-0611557,Austin,No,No,Travis,0,0,1,2,0,Non-Incapacitating Injury,1719,1,0,2011,Wednesday,Pedalcyclist,No Data,E APPLEGATE DR,Intersection Related,30.36292476,Daylight,-97.66854248,One Motor Vehicle - Going Straight,No Data,Not Applicable,No Data,Not Applicable,"250,000 Pop And Over",No,NONE,No Data,City Street,"Straight, Grade",Main/Proper Lane,On Roadway,No Data,0,DESSAU RD,NO DATA,Dry,Stop Sign,Clear,Not Worn,Pedalcyclist
11945877,No,No,No Data,Austin Police Department,FALSE,No Data,No Data,110621165,Austin,No,No,Travis,0,1,0,1,0,Incapacitating Injury,1410,1,0,2011,Thursday,Pedalcyclist,No Data,N/A,Non Intersection,30.33193693,Daylight,-97.74004422,One Motor Vehicle - Going Straight,No Data,Not Applicable,No Data,Not Applicable,"250,000 Pop And Over",No,NONE,No Data,US & State Highways,"Straight, Level",Main/Proper Lane,On Roadway,No Data,45,BURNET RD,5658,Dry,None,Clear,Unknown If Worn,Pedalcyclist
11946940,Yes,No,No Data,Austin Police Department,FALSE,No Data,No Data,11-0631322,Austin,No,No,Travis,0,0,1,1,0,Non-Incapacitating Injury,1427,1,0,2011,Friday,Pedalcyclist,No Data,N/A,Non Intersection,30.29338379,Daylight,-97.71659783,One Motor Vehicle - Going Straight,No Data,Not Applicable,No Data,Not Applicable,"250,000 Pop And Over",No,NONE,No Data,City Street,"Straight, Level",Main/Proper Lane,On Roadway,No Data,30,E 38 12 ST,1358,Dry,None,Clear,"Worn, Damaged",Pedalcyclist
12141804,No,No,No Data,Austin Police Department,TRUE,No Data,No Data,11-0641325,Austin,No,No,Travis,0,0,0,1,1,Possible Injury,1206,1,0,2011,Saturday,Pedalcyclist,No Data,UNKNOWN,Intersection Related,30.22967704,Daylight,-97.76023173,One Motor Vehicle - Turning Right,No Data,Not Applicable,No Data,Not Applicable,"250,000 Pop And Over",No,NONE,No Data,City Street,"Straight, Level",Main/Proper Lane,On Roadway,No Data,40,S CONGRESS AVE,3394,Dry,Bike Lane,Clear,"Worn, Not Damaged",Pedalcyclist
11945955,No,No,No Data,Austin Police Department,FALSE,No Data,No Data,11-0651546,Austin,No,No,Travis,0,0,1,1,0,Non-Incapacitating Injury,1721,1,0,2011,Sunday,Pedalcyclist,No Data,N/A,Driveway Access,30.28211975,Daylight,-97.74317769,One Motor Vehicle - Turning Left,No Data,One Vehicle Entering Driveway,No Data,Entrance To Or Exit From Private Property Or Driveway,"250,000 Pop And Over",No,NONE,No Data,City Street,"Straight, Level",Main/Proper Lane,On Roadway,No Data,35,SAN ANTONIO ST,1906,Dry,None,Clear,"Worn, Not Damaged",Pedalcyclist
11946822,No,No,No Data,Austin Police Department,TRUE,No Data,No Data,110661431,Austin,No,No,Travis,0,0,1,1,0,Non-Incapacitating Injury,1703,1,0,2011,Monday,Pedalcyclist,No Data,DUNLAP ST,Intersection,30.22428479,Daylight,-97.76311246,One Motor Vehicle - Going Straight,No Data,Not Applicable,No Data,Not Applicable,"250,000 Pop And Over",No,NONE,No Data,City Street,"Straight, Level",Main/Proper Lane,On Roadway,No Data,40,S CONGRESS AVE,3907,Dry,Marked Lanes,Clear,Not Worn,Pedalcyclist
12214043,No,No,No Data,Austin Police Department,FALSE,No Data,No Data,11-0661053,Austin,No,No,Travis,0,0,0,2,0,Not Injured,1252,0,1,2011,Monday,Pedalcyclist,No Data,N/A,Non Intersection,30.26803371,Daylight,-97.69609521,One Motor Vehicle - Going Straight,No Data,Not Applicable,No Data,Not Applicable,"250,000 Pop And Over",No,NONE,No Data,City Street,"Straight, Level",Main/Proper Lane,On Roadway,No Data,0,GOODWIN AVE,3701,Dry,None,Clear,Unknown If Worn,Pedalcyclist
11947099,No,No,No Data,Austin Police Department,FALSE,No Data,No Data,11-0681132,Austin,No,No,Travis,0,0,1,2,0,Non-Incapacitating Injury,1310,1,0,2011,Wednesday,Pedalcyclist,No Data,N/A,Non Intersection,30.25891167,Daylight,-97.75166236,One Motor Vehicle - Going Straight,No Data,Not Applicable,No Data,Not Applicable,"250,000 Pop And Over",No,NONE,No Data,City Street,"Straight, Level",Main/Proper Lane,On Roadway,No Data,35,BARTON SPRINGS RD,723,Dry,Center Stripe/Divider,Clear,"Worn, Unk Damage",Pedalcyclist
11962783,No,No,No Data,Austin Police Department,FALSE,No Data,No Data,11-0680614,Austin,No,No,Travis,0,0,1,1,0,Non-Incapacitating Injury,846,1,0,2011,Wednesday,Pedalcyclist,No Data,W SLAUGHTER LN,Intersection,30.20055404,Daylight,-97.8784749,One Motor Vehicle - Going Straight,No Data,Not Applicable,No Data,Not Applicable,"250,000 Pop And Over",No,NONE,No Data,City Street,"Straight, Level",Main/Proper Lane,On Roadway,No Data,40,ESCARPMENT BLVD,NO DATA,Dry,Signal Light,Clear,"Worn, Not Damaged",Pedalcyclist
12141756,Yes,No,No Data,Austin Police Department,FALSE,No Data,No Data,110681974,Austin,No,No,Travis,0,0,1,1,0,Non-Incapacitating Injury,2007,1,0,2011,Wednesday,Pedalcyclist,No Data,N/A,Driveway Access,30.3557605,"Dark, Lighted",-97.73106213,One Motor Vehicle - Going Straight,No Data,One Vehicle Leaving Driveway,No Data,Entrance To Or Exit From Private Property Or Driveway,"250,000 Pop And Over",No,NONE,No Data,City Street,"Straight, Level",Main/Proper Lane,On Roadway,No Data,40,BURNET RD,7848,Dry,None,Clear,"Worn, Not Damaged",Pedalcyclist
11962755,No,No,No Data,Austin Police Department,TRUE,No Data,No Data,110690540,Austin,No,No,Travis,0,0,1,1,0,Non-Incapacitating Injury,846,1,0,2011,Thursday,Pedalcyclist,No Data,UNKNOWN,Intersection Related,30.28064958,Daylight,-97.7381315,One Motor Vehicle - Turning Left,No Data,Not Applicable,No Data,Not Applicable,"250,000 Pop And Over",No,NONE,No Data,City Street,"Straight, Level",Main/Proper Lane,On Roadway,No Data,30,W MARTIN LUTHER KING JR BLVD,101,Dry,Crosswalk,Clear,"Worn, Unk Damage",Pedalcyclist
12152951,No,No,No Data,Austin Police Department,TRUE,No Data,No Data,110691494,Austin,No,No,Travis,0,0,1,1,0,Non-Incapacitating Injury,1708,1,0,2011,Thursday,Pedalcyclist,No Data,WATERFORD CENTRE BLVD,Intersection,30.37729476,Daylight,-97.72548246,One Motor Vehicle - Going Straight,No Data,Not Applicable,No Data,Not Applicable,"250,000 Pop And Over",No,NONE,No Data,Farm To Market,"Straight, Level",Main/Proper Lane,On Roadway,No Data,0,BURNET RD,9299,Dry,Signal Light,Clear,Unknown If Worn,Pedalcyclist
11962908,No,No,29304,Austin Police Department,TRUE,29304,2014,11-0701585,Austin,No,No,Travis,0,0,1,1,0,Non-Incapacitating Injury,1632,1,0,2011,Friday,Pedalcyclist,State Loop,W CESAR CHAVEZ ST,Intersection Related,30.2664069,Daylight,-97.75552108,One Motor Vehicle - Turning Right,4,Not Applicable,7,Not Applicable,"250,000 Pop And Over",No,NONE,74,US & State Highways,"Straight, Level",Main/Proper Lane,On Roadway,"4 Or More Lanes, Undivided",30,SL0343,NO DATA,Dry,Signal Light,Clear,Not Worn,Pedalcyclist
12077614,No,No,No Data,Austin Police Department,TRUE,No Data,No Data,110701777,Austin,No,No,Travis,0,0,1,1,1,Non-Incapacitating Injury,1754,2,0,2011,Friday,Pedalcyclist,No Data,ELMONT DR,Intersection,30.23876478,Daylight,-97.71957247,One Motor Vehicle - Turning Left,No Data,Not Applicable,No Data,Not Applicable,"250,000 Pop And Over",No,NONE,No Data,City Street,"Straight, Level",Main/Proper Lane,On Roadway,No Data,0,S PLEASANT VALLEY RD,1403,Dry,Signal Light,Clear,Unknown If Worn,Pedalcyclist
12077614,No,No,No Data,Austin Police Department,TRUE,No Data,No Data,110701777,Austin,No,No,Travis,0,0,1,1,1,Non-Incapacitating Injury,1754,2,0,2011,Friday,Pedalcyclist,No Data,ELMONT DR,Intersection,30.23876478,Daylight,-97.71957247,One Motor Vehicle - Turning Left,No Data,Not Applicable,No Data,Not Applicable,"250,000 Pop And Over",No,NONE,No Data,City Street,"Straight, Level",Main/Proper Lane,On Roadway,No Data,0,S PLEASANT VALLEY RD,1403,Dry,Signal Light,Clear,Unknown If Worn,Pedalcyclist
11962890,No,No,No Data,Austin Police Department,TRUE,No Data,No Data,110711841,Austin,No,No,Travis,0,0,1,1,0,Non-Incapacitating Injury,1922,1,0,2011,Saturday,Pedalcyclist,No Data,MARLTON DR,Intersection Related,30.28519478,"Dark, Not Lighted",-97.77221245,One Motor Vehicle - Turning Left,No Data,Not Applicable,No Data,Not Applicable,"250,000 Pop And Over",No,NONE,No Data,City Street,"Straight, Grade",Main/Proper Lane,On Roadway,No Data,30,WAYSIDE DR,1009,Dry,Stop Sign,Clear,Not Worn,Pedalcyclist
12152960,No,No,No Data,Austin Police Department,TRUE,No Data,No Data,11-0711979,Austin,No,No,Travis,0,0,1,0,0,Non-Incapacitating Injury,2020,1,1,2011,Saturday,Pedalcyclist,No Data,SWANEE DR,Intersection,30.33559476,"Dark, Lighted",-97.71584247,One Motor Vehicle - Turning Right,No Data,Not Applicable,No Data,Not Applicable,"250,000 Pop And Over",No,NONE,No Data,City Street,"Straight, Level",Main/Proper Lane,On Roadway,No Data,40,GUADALUPE ST,7001,Dry,Stop Sign,Clear,Not Worn,Pedalcyclist
12152952,Yes,No,No Data,Austin Police Department,TRUE,No Data,No Data,11-0720830,Austin,No,No,Travis,0,0,1,1,0,Non-Incapacitating Injury,1141,1,0,2011,Sunday,Pedalcyclist,No Data,NORTHLOOP BLVD W,Intersection,30.31993477,Daylight,-97.72696246,One Motor Vehicle - Going Straight,No Data,Not Applicable,No Data,Not Applicable,"250,000 Pop And Over",No,NONE,No Data,City Street,"Straight, Level",Main/Proper Lane,On Roadway,No Data,30,GUADALUPE ST,5299,Dry,Signal Light,Cloudy,"Worn, Damaged",Pedalcyclist
11962096,No,No,No Data,Austin Police Department,FALSE,No Data,No Data,110731956,Austin,No,No,Travis,0,0,0,1,1,Possible Injury,922,1,0,2011,Monday,Pedalcyclist,No Data,N/A,Non Intersection,No Data,"Dark, Lighted",No Data,One Motor Vehicle - Going Straight,No Data,Not Applicable,No Data,In A Parking Lot,"250,000 Pop And Over",Yes,NONE,No Data,Non Trafficway,"Straight, Grade",Other (Explain In Narrative),Not Applicable,No Data,35,W 6TH ST,NO DATA,Dry,None,Clear,"Worn, Not Damaged",Pedalcyclist
11963838,No,No,No Data,Austin Police Department,TRUE,No Data,No Data,110731859,Austin,No,No,Travis,0,0,1,1,0,Non-Incapacitating Injury,2036,1,0,2011,Monday,Pedalcyclist,No Data,W 8TH ST,Intersection,30.26991478,"Dark, Lighted",-97.74210246,One Motor Vehicle - Going Straight,No Data,Not Applicable,No Data,Not Applicable,"250,000 Pop And Over",No,NONE,No Data,City Street,"Straight, Grade",Main/Proper Lane,On Roadway,No Data,30,CONGRESS AVE,799,Dry,Signal Light,Clear,Not Worn,Pedalcyclist
11962140,No,No,No Data,Austin Police Department,TRUE,No Data,No Data,110742170,Austin,No,No,Travis,0,0,0,1,1,Possible Injury,2132,1,0,2011,Tuesday,Pedalcyclist,No Data,BARTON SPRINGS RD,Intersection,30.26032478,"Dark, Lighted",-97.75569246,One Motor Vehicle - Turning Left,No Data,Not Applicable,No Data,Not Applicable,"250,000 Pop And Over",No,NONE,No Data,City Street,"Straight, Hillcrest",Main/Proper Lane,On Roadway,No Data,30,DAWSON RD,499,Dry,Signal Light,Clear,Not Worn,Pedalcyclist
11983025,Yes,No,No Data,Austin Police Department,FALSE,No Data,No Data,11-0750266,Austin,No,No,Travis,0,0,0,1,3,Possible Injury,247,3,0,2011,Wednesday,Pedalcyclist,No Data,N/A,Non Intersection,30.26723788,"Dark, Lighted",-97.73692095,One Motor Vehicle - Going Straight,No Data,Not Applicable,No Data,Not Applicable,"250,000 Pop And Over",No,NONE,No Data,City Street,"Straight, Level",Main/Proper Lane,On Roadway,No Data,30,RED RIVER ST,660,Dry,Signal Light,Cloudy,Not Worn,Pedalcyclist
11983331,No,No,No Data,Austin Police Department,FALSE,No Data,No Data,110751505,Austin,No,No,Travis,0,0,1,1,0,Non-Incapacitating Injury,1706,1,0,2011,Wednesday,Pedalcyclist,No Data,SAN MARCOS ST,Intersection Related,30.26421452,Daylight,-97.73299169,One Motor Vehicle - Turning Right,No Data,Not Applicable,No Data,Not Applicable,"250,000 Pop And Over",No,NONE,No Data,City Street,"Straight, Level",Main/Proper Lane,On Roadway,No Data,0,E 5TH ST,992,Dry,Stop Sign,Clear,Not Worn,Pedalcyclist
11983170,No,No,30932,Austin Police Department,TRUE,30932,2014,110761960,Austin,No,No,Travis,0,0,0,0,1,Possible Injury,1931,1,1,2011,Thursday,Pedalcyclist,State Loop,POWELL LN W,Intersection,30.35083993,Dusk,-97.70915299,One Motor Vehicle - Going Straight,4,Not Applicable,10,Not Applicable,"250,000 Pop And Over",No,NONE,125,US & State Highways,"Straight, Level",Main/Proper Lane,On Roadway,"4 Or More Lanes, Divided",45,SL0275,NO DATA,Dry,Stop Sign,Clear,Not Worn,Pedalcyclist
11983598,Yes,No,No Data,Austin Police Department,TRUE,No Data,No Data,,Austin,No,No,Travis,0,0,1,2,0,Non-Incapacitating Injury,1840,1,0,2011,Thursday,Pedalcyclist,No Data,LYDIA ST,Intersection,30.26869478,Daylight,-97.72792247,One Motor Vehicle - Turning Left,No Data,Not Applicable,No Data,Not Applicable,"250,000 Pop And Over",No,NONE,No Data,City Street,"Straight, Level",Main/Proper Lane,On Roadway,No Data,30,E 11TH ST,1194,Dry,None,Clear,Unknown If Worn,Pedalcyclist
12011175,No,No,No Data,Austin Police Department,TRUE,No Data,No Data,110760160,Austin,No,No,Travis,0,0,0,2,0,Not Injured,130,0,0,2011,Thursday,Pedalcyclist,No Data,E 11TH ST,Intersection,30.26999478,"Dark, Lighted",-97.73147247,One Motor Vehicle - Turning Left,No Data,Not Applicable,No Data,Not Applicable,"250,000 Pop And Over",No,NONE,No Data,City Street,"Straight, Hillcrest",Main/Proper Lane,On Roadway,No Data,30,BRANCH ST,1101,Dry,None,Clear,Not Worn,Pedalcyclist
12154919,Yes,No,No Data,Austin Police Department,TRUE,No Data,No Data,11-0770640,Austin,No,No,Travis,0,1,0,1,0,Incapacitating Injury,720,1,0,2011,Friday,Pedalcyclist,No Data,UNKNOWN,Intersection,30.28022944,Dawn,-97.71858358,One Motor Vehicle - Going Straight,No Data,Not Applicable,No Data,Not Applicable,"250,000 Pop And Over",No,NONE,No Data,City Street,"Straight, Grade",Main/Proper Lane,On Roadway,No Data,35,E MARTIN LUTHER KING JR BLVD,2100,Dry,Stop Sign,Cloudy,Not Worn,Pedalcyclist
11983159,Yes,No,No Data,Austin Police Department,TRUE,No Data,No Data,11-0781922,Austin,No,No,Travis,0,0,1,1,0,Non-Incapacitating Injury,1828,1,0,2011,Saturday,Pedalcyclist,No Data,UNKNOWN,Intersection,30.30268477,Daylight,-97.74471246,One Motor Vehicle - Going Straight,No Data,Not Applicable,No Data,Not Applicable,"250,000 Pop And Over",No,NONE,No Data,US & State Highways,"Straight, Grade",Main/Proper Lane,On Roadway,No Data,35,N LAMAR BLVD,3399,Dry,Signal Light,Clear,Not Worn,Pedalcyclist
11983558,Yes,No,No Data,Austin Police Department,TRUE,No Data,No Data,110781568,Austin,No,No,Travis,0,0,0,1,1,Possible Injury,1554,1,0,2011,Saturday,Pedalcyclist,No Data,GIBSON ST E,Intersection,30.24984478,Daylight,-97.74959246,One Motor Vehicle - Turning Left,No Data,Not Applicable,No Data,Not Applicable,"250,000 Pop And Over",No,NONE,No Data,City Street,"Straight, Grade",Service/Frontage Road,On Roadway,No Data,0,CONGRESS AVE S,1399,Dry,Signal Light,Clear,Unknown If Worn,Pedalcyclist
11983104,Yes,No,No Data,Austin Police Department,FALSE,No Data,No Data,11-0792192,Austin,No,No,Travis,0,0,1,1,0,Non-Incapacitating Injury,2333,1,0,2011,Sunday,Pedalcyclist,No Data,N/A,Non Intersection,30.26659907,"Dark, Lighted",-97.73391343,One Motor Vehicle - Going Straight,No Data,Not Applicable,No Data,Not Applicable,"250,000 Pop And Over",No,NONE,No Data,City Street,"Straight, Grade",Main/Proper Lane,On Roadway,No Data,35,E 7TH ST,NO DATA,Dry,None,Clear,Not Worn,Pedalcyclist
11983129,Yes,No,No Data,Austin Police Department,TRUE,No Data,No Data,110790832,Austin,No,No,Travis,0,0,1,1,0,Non-Incapacitating Injury,910,1,0,2011,Sunday,Pedalcyclist,No Data,ADIRONDACK TRL,Intersection Related,30.38321476,Daylight,-97.76590245,One Motor Vehicle - Going Straight,No Data,Not Applicable,No Data,Not Applicable,"250,000 Pop And Over",No,NONE,No Data,City Street,"Straight, Level",Main/Proper Lane,On Roadway,No Data,0,SPICEWOOD SPRINGS RD,5298,Dry,Marked Lanes,Cloudy,Unknown If Worn,Pedalcyclist
11983131,Yes,No,No Data,Austin Police Department,FALSE,No Data,No Data,110790187,Austin,No,No,Travis,0,0,2,0,0,Non-Incapacitating Injury,102,2,1,2011,Sunday,Pedalcyclist,No Data,N/A,Non Intersection,30.27632345,"Dark, Lighted",-97.76532981,One Motor Vehicle - Going Straight,No Data,Not Applicable,No Data,Not Applicable,"250,000 Pop And Over",No,PEDICAB,No Data,City Street,"Straight, Level",Main/Proper Lane,On Roadway,No Data,35,W 6TH ST,1702,Dry,Marked Lanes,Clear,Not Worn,Pedalcyclist
11983131,Yes,No,No Data,Austin Police Department,FALSE,No Data,No Data,110790187,Austin,No,No,Travis,0,0,2,0,0,Non-Incapacitating Injury,102,2,1,2011,Sunday,Pedalcyclist,No Data,N/A,Non Intersection,30.27632345,"Dark, Lighted",-97.76532981,One Motor Vehicle - Going Straight,No Data,Not Applicable,No Data,Not Applicable,"250,000 Pop And Over",No,PEDICAB,No Data,City Street,"Straight, Level",Main/Proper Lane,On Roadway,No Data,35,W 6TH ST,1702,Dry,Marked Lanes,Clear,Unknown If Worn,Pedalcyclist
11983527,No,No,44866,Austin Police Department,FALSE,44866,2014,11-0791035,Austin,No,No,Travis,0,0,1,1,0,Non-Incapacitating Injury,1158,1,0,2011,Sunday,Pedalcyclist,State Loop,COURTYARD DR,Intersection Related,30.35250441,Daylight,-97.79529486,One Motor Vehicle - Going Straight,4,Not Applicable,10,Not Applicable,"250,000 Pop And Over",No,NONE,291,US & State Highways,"Straight, Level",Main/Proper Lane,On Roadway,"4 Or More Lanes, Divided",55,SL0360,NO DATA,Dry,Marked Lanes,Cloudy,"Worn, Damaged",Pedalcyclist
11983115,No,No,No Data,Austin Police Department,FALSE,No Data,No Data,110801599,Austin,No,No,Travis,0,0,1,1,0,Non-Incapacitating Injury,1749,1,0,2011,Monday,Pedalcyclist,No Data,DOYAL DR,Intersection Related,30.15382699,Daylight,-97.7426735,One Motor Vehicle - Going Straight,No Data,Not Applicable,No Data,Not Applicable,"250,000 Pop And Over",No,NONE,No Data,City Street,"Straight, Level",Main/Proper Lane,On Roadway,No Data,30,FALL MEADOW LN,8509,Dry,None,Clear,Not Worn,Pedalcyclist
11983486,Yes,No,No Data,Austin Police Department,TRUE,No Data,No Data,11-0801286,Austin,No,No,Travis,0,0,0,1,0,Not Injured,1528,0,1,2011,Monday,Pedalcyclist,No Data,BRIDLE PATH,Intersection,30.29150478,Daylight,-97.77149245,One Motor Vehicle - Turning Left,No Data,Not Applicable,No Data,Not Applicable,"250,000 Pop And Over",No,NONE,No Data,City Street,"Straight, Grade",Main/Proper Lane,On Roadway,No Data,35,EXPOSITION BLVD,1599,Dry,Bike Lane,Clear,Not Worn,Pedalcyclist
11983323,Yes,No,No Data,Austin Police Department,FALSE,No Data,No Data,110811915,Austin,No,No,Travis,0,1,0,3,0,Incapacitating Injury,2008,1,0,2011,Tuesday,Pedalcyclist,No Data,W 4TH ST,Intersection Related,30.2668802,"Dark, Lighted",-97.74589585,One Motor Vehicle - Going Straight,No Data,Not Applicable,No Data,Not Applicable,"250,000 Pop And Over",No,NONE,No Data,City Street,"Straight, Level",Main/Proper Lane,On Roadway,No Data,30,LAVACA ST,401,Dry,Signal Light,Clear,Not Worn,Pedalcyclist
11983397,Yes,No,No Data,Austin Police Department,TRUE,No Data,No Data,11-0821235,Austin,No,No,Travis,0,0,1,1,0,Non-Incapacitating Injury,1447,1,0,2011,Wednesday,Pedalcyclist,No Data,ANDREW ZILKER RD,Intersection Related,No Data,Daylight,No Data,One Motor Vehicle - Turning Right,No Data,Not Applicable,No Data,Not Applicable,"250,000 Pop And Over",No,NONE,No Data,City Street,"Straight, Level",Main/Proper Lane,On Roadway,No Data,0,BARTON SPRING RD,NO DATA,Dry,None,Clear,"Worn, Not Damaged",Pedalcyclist
12011301,Yes,No,34390,Austin Police Department,TRUE,34390,2014,110820401,Austin,No,No,Travis,0,1,0,1,0,Incapacitating Injury,711,1,0,2011,Wednesday,Pedalcyclist,Farm To Market,SL0001,Intersection,30.39840016,"Dark, Not Lighted",-97.71934314,One Motor Vehicle - Going Straight,4,Not Applicable,0,Not Applicable,"250,000 Pop And Over",No,BICYCLE,120,Farm To Market,"Straight, Level",Main/Proper Lane,On Roadway,"4 Or More Lanes, Undivided",45,FM1325,11342,Dry,Signal Light,Clear,"Worn, Unk Damage",Pedalcyclist
11982659,No,No,No Data,Austin Police Department,FALSE,No Data,No Data,110831087,Austin,No,No,Travis,0,0,1,1,0,Non-Incapacitating Injury,1336,1,0,2011,Thursday,Pedalcyclist,No Data,N/A,Non Intersection,30.25845431,Daylight,-97.75031985,One Motor Vehicle - Going Straight,No Data,Not Applicable,No Data,Not Applicable,"250,000 Pop And Over",No,NONE,No Data,City Street,"Straight, Level",Main/Proper Lane,On Roadway,No Data,35,BARTON SPRINGS RD,619,Dry,Marked Lanes,Clear,"Worn, Unk Damage",Pedalcyclist
12154912,No,No,No Data,Austin Police Department,TRUE,No Data,No Data,110840W77,Austin,No,No,Travis,0,0,1,1,0,Non-Incapacitating Injury,851,1,0,2011,Friday,Pedalcyclist,No Data,W 49TH ST,Intersection,30.31975477,Daylight,-97.73885246,One Motor Vehicle - Going Straight,No Data,Not Applicable,No Data,Not Applicable,"250,000 Pop And Over",No,NONE,No Data,City Street,"Straight, Level",Main/Proper Lane,On Roadway,No Data,0,WOODROW AVE,4899,Dry,Stop Sign,Clear,Not Worn,Pedalcyclist
12011666,Yes,No,No Data,Austin Police Department,FALSE,No Data,No Data,110852144,Austin,No,No,Travis,0,0,0,1,1,Possible Injury,2110,1,0,2011,Saturday,Pedalcyclist,No Data,N/A,Non Intersection,30.39879562,Dusk,-97.70419116,One Motor Vehicle - Going Straight,No Data,Not Applicable,No Data,Not Applicable,"250,000 Pop And Over",No,NONE,No Data,City Street,"Straight, Level",Main/Proper Lane,On Roadway,No Data,0,METRIC BLVD,NO DATA,Dry,None,Clear,Not Worn,Pedalcyclist
12057466,No,No,No Data,Austin Police Department,TRUE,No Data,No Data,110861253,Austin,No,No,Travis,0,0,1,1,0,Non-Incapacitating Injury,1505,1,0,2011,Sunday,Pedalcyclist,No Data,E 32ND ST,Intersection Related,30.29380477,Daylight,-97.73289246,One Motor Vehicle - Going Straight,No Data,Not Applicable,No Data,Not Applicable,"250,000 Pop And Over",No,NONE,No Data,City Street,"Straight, Level",Main/Proper Lane,On Roadway,No Data,0,DUVAL ST,3117,Dry,Stop Sign,Cloudy,Unknown If Worn,Pedalcyclist
12011223,No,No,No Data,Austin Police Department,FALSE,No Data,No Data,11-0891150,Austin,No,No,Travis,0,1,0,2,0,Incapacitating Injury,1446,1,0,2011,Wednesday,Pedalcyclist,US Highway,N/A,Non Intersection,No Data,Daylight,No Data,One Motor Vehicle - Going Straight,No Data,Not Applicable,No Data,Not Applicable,"250,000 Pop And Over",No,NONE,No Data,US & State Highways,"Straight, Level",Service/Frontage Road,On Roadway,No Data,50,US0183,NO DATA,Dry,None,Clear,Not Worn,Pedalcyclist
11983278,No,No,No Data,Austin Police Department,TRUE,No Data,No Data,11-0900410,Austin,No,No,Travis,0,0,2,0,0,Non-Incapacitating Injury,650,2,0,2011,Thursday,Pedalcyclist,No Data,LAMPLIGHT VILLAGE AVE,Intersection Related,30.41076475,"Dark, Lighted",-97.69548247,One Motor Vehicle - Turning Left,No Data,Not Applicable,No Data,Not Applicable,"250,000 Pop And Over",No,NONE,No Data,City Street,"Straight, Level",Main/Proper Lane,On Roadway,No Data,35,METRIC BLVD,NO DATA,Dry,Signal Light,Clear,"Worn, Unk Damage",Pedalcyclist
12011786,Yes,No,No Data,Austin Police Department,FALSE,No Data,No Data,110931663,Austin,No,No,Travis,0,0,1,2,0,Non-Incapacitating Injury,1918,1,0,2011,Sunday,Pedalcyclist,No Data,N/A,Non Intersection,No Data,Daylight,No Data,One Motor Vehicle - Going Straight,No Data,Not Applicable,No Data,In A Parking Lot,"250,000 Pop And Over",Yes,NONE,No Data,Non Trafficway,"Straight, Level",Other (Explain In Narrative),Not Applicable,No Data,0,GRAND CANYON DR,NO DATA,Dry,None,Clear,Not Worn,Pedalcyclist