Crash ID,$1000 Damage to Any One Person's Property,Active School Zone Flag,Adjusted Average Daily Traffic Amount,Agency,At Intersection Flag,Average Daily Traffic Amount,Average Daily Traffic Year,Case ID,City,Construction Zone Flag,Construction Zone Workers Present Flag,County,Crash Death Count,Crash Incapacitating Injury Count,Crash Non-incapacitating Injury Count,Crash Not Injured Count,Crash Possible Injury Count,Crash Severity,Crash Time,Crash Total Injury Count,Crash Unknown Injury Count,Crash Year,Day of Week,First Harmful Event,Highway System,Intersecting Street Name,Intersection Related,Latitude,Light Condition,Longitude,Manner of Collision,Number of Lanes,Other Factor,Outside Shoulder Width on Divided Highway,Physical Feature 1,Population Group,Private Drive Flag,Property Damages,Right of Way Usual Width,Road Class,Roadway Alignment,Roadway Part,Roadway Relation,Roadway Type,Speed Limit,Street Name,Street Number,Surface Condition,Traffic Control Type,Weather Condition,Person Helmet,Person Type
12079182,Yes,No,No Data,Austin Police Department,FALSE,No Data,No Data,111262037,Austin,No,No,Travis,0,1,0,1,0,Incapacitating Injury,1956,1,0,2011,Friday,Pedalcyclist,No Data,N/A,Non Intersection,30.19582517,Dusk,-97.90673099,One Motor Vehicle - Going Straight,No Data,Not Applicable,No Data,Not Applicable,"250,000 Pop And Over",No,BLUE/GREY BICYCLE,No Data,City Street,"Straight, Level",Main/Proper Lane,On Roadway,No Data,40,LA CROSSE AVE,7430,Dry,Marked Lanes,Clear,Not Worn,Pedalcyclist
12057694,No,No,No Data,Austin Police Department,TRUE,No Data,No Data,11-1272096,Austin,No,No,Travis,0,1,0,1,0,Incapacitating Injury,2058,1,0,2011,Saturday,Pedalcyclist,No Data,METRIC BLVD,Intersection Related,30.40315475,"Dark, Lighted",-97.70037247,One Motor Vehicle - Turning Left,No Data,Not Applicable,No Data,Not Applicable,"250,000 Pop And Over",No,BICYCLE,No Data,City Street,"Straight, Level",Main/Proper Lane,On Roadway,No Data,35,BITTERN HOLW,NO DATA,Dry,Signal Light,Clear,Not Worn,Pedalcyclist
12079754,Yes,No,No Data,Austin Police Department,FALSE,No Data,No Data,11-1270402,Austin,No,No,Travis,0,0,1,1,0,Non-Incapacitating Injury,254,1,0,2011,Saturday,Pedalcyclist,No Data,N/A,Non Intersection,30.2639025,"Dark, Lighted",-97.74433038,One Motor Vehicle - Going Straight,No Data,Not Applicable,No Data,Not Applicable,"250,000 Pop And Over",No,NONE,No Data,City Street,"Straight, Level",Main/Proper Lane,On Roadway,No Data,35,CONGRESS AVE,85,Dry,None,Clear,Not Worn,Pedalcyclist
12057650,Yes,No,No Data,Austin Police Department,TRUE,No Data,No Data,111280527,Austin,No,No,Travis,0,0,0,1,1,Possible Injury,408,1,0,2011,Sunday,Pedalcyclist,No Data,E 30TH ST,Intersection Related,30.29315477,"Dark, Lighted",-97.73601246,One Motor Vehicle - Going Straight,No Data,Not Applicable,No Data,Not Applicable,"250,000 Pop And Over",No,NONE,No Data,City Street,"Straight, Level",Main/Proper Lane,On Roadway,No Data,25,SPEEDWAY,3001,Dry,Stop Sign,Clear,Not Worn,Pedalcyclist
12057563,Yes,No,No Data,Austin Police Department,TRUE,No Data,No Data,11-1311616,Austin,No,No,Travis,0,0,0,1,1,Possible Injury,1730,1,0,2011,Wednesday,Pedalcyclist,No Data,W 30TH ST,Intersection,30.29430477,Daylight,-97.73748246,One Motor Vehicle - Going Straight,No Data,Not Applicable,No Data,Not Applicable,"250,000 Pop And Over",No,NONE,No Data,City Street,"Straight, Grade",Main/Proper Lane,On Roadway,No Data,30,UNIVERSITY AVE,2901,Dry,Stop Sign,Clear,"Worn, Damaged",Pedalcyclist
12079644,Yes,No,115456,Austin Police Department,TRUE,115456,2014,11-1311157,Austin,No,No,Travis,0,0,0,1,0,Not Injured,1346,0,1,2011,Wednesday,Pedalcyclist,US Highway,FM1325,Intersection Related,30.37099815,Daylight,-97.72159454,One Motor Vehicle - Going Straight,6,Not Applicable,10,Not Applicable,"250,000 Pop And Over",No,NONE,260,US & State Highways,"Straight, Level",Service/Frontage Road,On Roadway,"4 Or More Lanes, Divided",45,US0183,NO DATA,Dry,Stop Sign,Clear,Unknown If Worn,Pedalcyclist
12265693,Yes,No,87161,Austin Police Department,FALSE,87161,2014,111331638,Austin,No,No,Travis,0,0,1,1,0,Non-Incapacitating Injury,1625,1,0,2011,Friday,Pedalcyclist,US Highway,N/A,Driveway Access,30.21798733,Daylight,-97.75471661,One Motor Vehicle - Going Straight,6,One Vehicle Leaving Driveway,10,Entrance To Or Exit From Private Property Or Driveway,"250,000 Pop And Over",No,NONE,380,US & State Highways,"Straight, Level",Service/Frontage Road,On Roadway,"4 Or More Lanes, Divided",50,US0290,NO DATA,Dry,None,Clear,Not Worn,Pedalcyclist
12078984,No,No,No Data,Austin Police Department,FALSE,No Data,No Data,11-1341743,Austin,No,No,Travis,0,0,0,2,1,Possible Injury,1900,1,0,2011,Saturday,Pedalcyclist,No Data,CESAR CHAVEZ ST E,Intersection Related,30.25663937,Daylight,-97.72331436,One Motor Vehicle - Going Straight,No Data,Not Applicable,No Data,Not Applicable,"250,000 Pop And Over",No,NONE,No Data,City Street,"Straight, Level",Main/Proper Lane,On Roadway,No Data,35,LYNN ST,99,Dry,None,Clear,Not Worn,Pedalcyclist
12079434,No,No,10943,Austin Police Department,TRUE,10943,2014,11-1340208,Austin,No,No,Travis,0,0,0,1,0,Not Injured,120,0,1,2011,Saturday,Pedalcyclist,State Spur,AVENUE F,Intersection,30.32197398,"Dark, Lighted",-97.7185631,One Motor Vehicle - Going Straight,4,Not Applicable,0,Not Applicable,"250,000 Pop And Over",No,NONE,80,US & State Highways,"Straight, Level",Main/Proper Lane,On Roadway,"4 Or More Lanes, Divided",35,SS0069,197,Dry,Flashing Red Light,Clear,"Worn, Not Damaged",Pedalcyclist
12152897,No,No,No Data,Austin Police Department,FALSE,No Data,No Data,11-1341772,Austin,No,No,Travis,0,0,1,2,0,Non-Incapacitating Injury,1914,1,0,2011,Saturday,Pedalcyclist,No Data,N/A,Non Intersection,30.2910521,Daylight,-97.73470897,One Motor Vehicle - Going Straight,No Data,Not Applicable,No Data,Not Applicable,"250,000 Pop And Over",No,NONE,No Data,City Street,"Straight, Level",Main/Proper Lane,On Roadway,No Data,0,DUVAL ST,NO DATA,Dry,Bike Lane,Clear,Not Worn,Pedalcyclist
12139680,No,No,No Data,Austin Police Department,TRUE,No Data,No Data,111360754,Austin,No,No,Travis,0,1,0,1,0,Incapacitating Injury,1016,1,0,2011,Monday,Pedalcyclist,No Data,NORMANDY ST,Intersection,30.22496479,Daylight,-97.77043246,One Motor Vehicle - Going Straight,No Data,Not Applicable,No Data,Not Applicable,"250,000 Pop And Over",No,NONE,No Data,City Street,"Straight, Level",Main/Proper Lane,On Roadway,No Data,45,S 1ST ST,4109,Dry,Stop Sign,Clear,Unknown If Worn,Pedalcyclist
12152934,Yes,No,No Data,Austin Police Department,FALSE,No Data,No Data,111361511,Austin,No,No,Travis,0,1,0,1,1,Incapacitating Injury,1708,2,0,2011,Monday,Pedalcyclist,No Data,N/A,Non Intersection,30.31641817,Daylight,-97.74092099,One Motor Vehicle - Going Straight,No Data,Not Applicable,No Data,Not Applicable,"250,000 Pop And Over",No,SPECIALIZED ROAD BICYCLE,No Data,Farm To Market,"Straight, Grade",Main/Proper Lane,On Roadway,No Data,35,BURNET RD,4564,Dry,Marked Lanes,Clear,"Worn, Unk Damage",Pedalcyclist
12079290,No,No,No Data,Austin Police Department,FALSE,No Data,No Data,11-1381330,Austin,Yes,No,Travis,0,0,1,2,0,Non-Incapacitating Injury,1512,1,0,2011,Wednesday,Pedalcyclist,No Data,N/A,Non Intersection,30.26320478,Daylight,-97.72406247,One Motor Vehicle - Going Straight,No Data,Construction - Within Posted Road Construction Zone (Not Related To Crash),No Data,One Or More Traffic Lanes Closed,"250,000 Pop And Over",No,NONE,No Data,City Street,"Straight, Level",Main/Proper Lane,On Roadway,No Data,0,E 7TH ST,1700,Dry,Marked Lanes,Clear,Not Worn,Pedalcyclist
12079757,Yes,No,No Data,Austin Police Department,FALSE,No Data,No Data,111381570,Austin,No,No,Travis,0,0,1,1,0,Non-Incapacitating Injury,1704,1,0,2011,Wednesday,Pedalcyclist,No Data,UNKNOWN,Intersection Related,30.30701477,Daylight,-97.70963247,One Motor Vehicle - Turning Right,No Data,Not Applicable,No Data,Not Applicable,"250,000 Pop And Over",No,NONE,No Data,City Street,"Straight, Level",Main/Proper Lane,On Roadway,No Data,30,BARBARA JORDAN BLVD,1200,Dry,Stop Sign,Clear,"Worn, Damaged",Pedalcyclist
12152965,Yes,No,No Data,Austin Police Department,TRUE,No Data,No Data,111381356,Austin,No,No,Travis,0,0,0,1,1,Possible Injury,1520,1,0,2011,Wednesday,Pedalcyclist,No Data,E RIVERSIDE DR,Intersection,30.23159479,Daylight,-97.71753247,One Motor Vehicle - Turning Right,No Data,Not Applicable,No Data,Not Applicable,"250,000 Pop And Over",No,BICYCLE,No Data,City Street,"Straight, Grade",Main/Proper Lane,On Roadway,No Data,30,CROSSING PL,NO DATA,Dry,Signal Light,Cloudy,Not Worn,Pedalcyclist
12079295,No,No,33647,Austin Police Department,FALSE,33647,2014,111392120,Austin,No,No,Travis,0,0,0,1,0,Not Injured,1945,0,1,2011,Thursday,Pedalcyclist,State Loop,N/A,Driveway Access,30.26398948,Daylight,-97.75733211,One Motor Vehicle - Turning Right,6,One Vehicle Leaving Driveway,0,Entrance To Or Exit From Private Property Or Driveway,"250,000 Pop And Over",No,NONE,120,US & State Highways,"Straight, Level",Main/Proper Lane,On Roadway,"4 Or More Lanes, Divided",40,SL0343,NO DATA,Wet,Marked Lanes,Cloudy,Unknown If Worn,Pedalcyclist
12079314,No,No,No Data,Austin Police Department,FALSE,No Data,No Data,11-1391413,Austin,No,No,Travis,0,0,0,1,1,Possible Injury,1521,1,0,2011,Thursday,Pedalcyclist,No Data,BRENTWOOD ST,Intersection Related,30.33736476,Daylight,-97.72842246,One Motor Vehicle - Turning Left,No Data,Not Applicable,No Data,Not Applicable,"250,000 Pop And Over",No,NONE,No Data,City Street,"Straight, Level",Main/Proper Lane,On Roadway,No Data,0,WOODROW AVE,6601,Dry,Stop Sign,Unknown,Not Worn,Pedalcyclist
12079706,No,No,No Data,Austin Police Department,TRUE,No Data,No Data,11-1392115,Austin,No,No,Travis,0,0,1,2,0,Non-Incapacitating Injury,2114,1,0,2011,Thursday,Pedalcyclist,No Data,PARK PL,Intersection,30.28922477,"Dark, Lighted",-97.73275246,One Motor Vehicle - Turning Right,No Data,Not Applicable,No Data,Not Applicable,"250,000 Pop And Over",No,NONE,No Data,City Street,"Curve, Grade",Main/Proper Lane,On Roadway,No Data,35,E DEAN KEETON ST,NO DATA,Dry,Center Stripe/Divider,Clear,Unknown If Worn,Pedalcyclist
12079668,No,No,No Data,Austin Police Department,FALSE,No Data,No Data,111400109,Austin,No,No,Travis,0,0,1,2,0,Non-Incapacitating Injury,56,1,0,2011,Friday,Pedalcyclist,No Data,BARTON SPRINGS RD,Intersection Related,30.25929482,"Dark, Lighted",-97.74606176,One Motor Vehicle - Going Straight,No Data,Not Applicable,No Data,Not Applicable,"250,000 Pop And Over",No,NONE,No Data,City Street,"Straight, Level",Main/Proper Lane,On Roadway,No Data,35,CONGRESS AVE S,232,Dry,Marked Lanes,Clear,Not Worn,Pedalcyclist
12079535,Yes,No,No Data,Austin Police Department,TRUE,No Data,No Data,,Austin,No,No,Travis,0,0,1,1,0,Non-Incapacitating Injury,1559,1,0,2011,Saturday,Pedalcyclist,No Data,UNKNOWN,Intersection,30.23718405,Daylight,-97.7549131,One Motor Vehicle - Turning Left,No Data,Not Applicable,No Data,Not Applicable,"250,000 Pop And Over",No,NONE,No Data,US & State Highways,"Straight, Level",Main/Proper Lane,On Roadway,No Data,0,CONGRESS AVE S,2511,Dry,Stop Sign,Clear,Not Worn,Pedalcyclist
12079177,Yes,No,No Data,Austin Police Department,FALSE,No Data,No Data,111420351,Austin,No,No,Travis,0,0,0,2,0,Not Injured,237,0,0,2011,Sunday,Pedalcyclist,No Data,COLORADO ST,Intersection Related,30.26653679,"Dark, Lighted",-97.7447921,One Motor Vehicle - Going Straight,No Data,Not Applicable,No Data,Not Applicable,"250,000 Pop And Over",No,NONE,No Data,City Street,"Straight, Level",Main/Proper Lane,On Roadway,No Data,30,W 4TH ST,196,Dry,None,Cloudy,Not Worn,Pedalcyclist
12079473,Yes,No,33647,Austin Police Department,FALSE,33647,2014,111421354,Austin,No,No,Travis,0,1,0,1,0,Incapacitating Injury,1623,1,0,2011,Sunday,Pedalcyclist,State Loop,W RIVERSIDE DR,Intersection Related,30.26448456,Daylight,-97.75711893,One Motor Vehicle - Going Straight,6,Not Applicable,0,Not Applicable,"250,000 Pop And Over",No,BICYCLE,120,US & State Highways,"Straight, Level",Main/Proper Lane,On Roadway,"4 Or More Lanes, Divided",40,SL0343,NO DATA,Dry,Signal Light,Clear,Unknown If Worn,Pedalcyclist
12079501,Yes,No,No Data,Austin Police Department,FALSE,No Data,No Data,11-1430514,Austin,No,No,Travis,0,0,1,1,0,Non-Incapacitating Injury,805,1,0,2011,Monday,Pedalcyclist,No Data,N/A,Driveway Access,30.25597904,Daylight,-97.74731455,One Motor Vehicle - Turning Left,No Data,One Vehicle Entering Driveway,No Data,Entrance To Or Exit From Private Property Or Driveway,"250,000 Pop And Over",No,NONE,No Data,City Street,"Straight, Level",Main/Proper Lane,On Roadway,No Data,35,CONGRESS AVE S,578,Dry,None,Clear,Unknown If Worn,Pedalcyclist
12079386,No,No,No Data,Austin Police Department,TRUE,No Data,No Data,11-1441529,Austin,No,No,Travis,0,1,0,1,0,Incapacitating Injury,1623,1,0,2011,Tuesday,Pedalcyclist,No Data,NORTHLOOP BLVD W,Intersection,30.32109477,Daylight,-97.72938246,One Motor Vehicle - Turning Left,No Data,Not Applicable,No Data,Not Applicable,"250,000 Pop And Over",No,NONE,No Data,City Street,"Straight, Level",Main/Proper Lane,On Roadway,No Data,45,N LAMAR BLVD,5299,Dry,Signal Light,Clear,Not Worn,Pedalcyclist
12079407,No,No,56417,Austin Police Department,FALSE,56417,2014,111450423,Austin,No,No,Travis,0,0,0,1,0,Not Injured,630,0,1,2011,Wednesday,Pedalcyclist,State Highway,N/A,Non Intersection,30.20874536,Dawn,-97.65029509,One Motor Vehicle - Going Straight,6,Not Applicable,2,Not Applicable,"250,000 Pop And Over",No,NONE,200,US & State Highways,"Straight, Level",Main/Proper Lane,On Roadway,"4 Or More Lanes, Divided",0,SH0071,NO DATA,Dry,None,Clear,Not Worn,Pedalcyclist
12153013,No,No,No Data,Austin Police Department,FALSE,No Data,No Data,11-1451387,Austin,No,No,Travis,0,0,0,1,1,Possible Injury,1548,1,0,2011,Wednesday,Pedalcyclist,No Data,N/A,Non Intersection,30.27564697,Daylight,-97.74617994,One Motor Vehicle - Going Straight,No Data,Not Applicable,No Data,Not Applicable,"250,000 Pop And Over",No,NONE,No Data,City Street,"Straight, Level",Main/Proper Lane,On Roadway,No Data,30,NUECES ST,1214,Dry,None,Clear,Not Worn,Pedalcyclist
12108202,No,No,No Data,Austin Police Department,TRUE,No Data,No Data,11-1461056,Austin,Yes,Yes,Travis,0,0,1,1,0,Non-Incapacitating Injury,1314,1,0,2011,Thursday,Pedalcyclist,No Data,NELLIE ST,Intersection,30.25228478,Daylight,-97.74869246,One Motor Vehicle - Turning Right,No Data,Construction - Within Posted Road Construction Zone (Not Related To Crash),No Data,Not Applicable,"250,000 Pop And Over",No,NONE,No Data,City Street,"Straight, Level",Main/Proper Lane,On Roadway,No Data,35,CONGRESS AVE S,1199,Dry,Signal Light,Clear,Not Worn,Pedalcyclist
12214096,No,No,No Data,Austin Police Department,TRUE,No Data,No Data,11-1471542,Austin,No,No,Travis,0,1,0,1,0,Incapacitating Injury,1442,1,0,2011,Friday,Pedalcyclist,No Data,LINDSHIRE LN,Intersection Related,30.1781348,Daylight,-97.83879244,One Motor Vehicle - Going Straight,No Data,Not Applicable,No Data,Not Applicable,"250,000 Pop And Over",No,NONE,No Data,City Street,"Straight, Level",Main/Proper Lane,On Roadway,No Data,45,W SLAUGHTER LN,NO DATA,Dry,Signal Light,Clear,Not Worn,Pedalcyclist
12109177,No,No,No Data,Austin Police Department,FALSE,No Data,No Data,111501128,Austin,No,No,Travis,0,0,1,1,0,Non-Incapacitating Injury,1351,1,0,2011,Monday,Pedalcyclist,No Data,N/A,Driveway Access,30.28260721,Daylight,-97.77638407,One Motor Vehicle - Turning Right,No Data,One Vehicle Entering Driveway,No Data,Entrance To Or Exit From Private Property Or Driveway,"250,000 Pop And Over",No,NONE,No Data,City Street,"Straight, Level",Main/Proper Lane,On Roadway,No Data,35,LAKE AUSTIN BLVD,2634,Dry,Bike Lane,Cloudy,"Worn, Unk Damage",Pedalcyclist
12108523,No,No,No Data,Austin Police Department,TRUE,No Data,No Data,11-1520837,Austin,No,No,Travis,0,0,0,0,1,Possible Injury,1115,1,1,2011,Wednesday,Pedalcyclist,No Data,WALLER ST,Intersection,30.26257478,Daylight,-97.73133247,One Motor Vehicle - Going Straight,No Data,Not Applicable,No Data,Not Applicable,"250,000 Pop And Over",No,NONE,No Data,City Street,"Straight, Level",Main/Proper Lane,On Roadway,No Data,30,E 4TH ST,1200,Dry,Stop Sign,Clear,Not Worn,Pedalcyclist
12109229,No,No,No Data,Austin Police Department,FALSE,No Data,No Data,11-1521981,Austin,No,No,Travis,0,1,0,1,0,Incapacitating Injury,2046,1,0,2011,Wednesday,Pedalcyclist,No Data,E MARTIN LUTHER KING JR BLVD,Intersection Related,30.28203668,Daylight,-97.7069908,One Motor Vehicle - Going Straight,No Data,Not Applicable,No Data,Not Applicable,"250,000 Pop And Over",No,NONE,No Data,City Street,"Straight, Level",Main/Proper Lane,On Roadway,No Data,0,SANCHEZ ST,1898,Dry,Stop Sign,Clear,Not Worn,Pedalcyclist
12108725,No,No,No Data,Austin Police Department,TRUE,No Data,No Data,111541234,Austin,No,No,Travis,0,0,1,1,0,Non-Incapacitating Injury,1244,1,0,2011,Friday,Pedalcyclist,No Data,UNKNOWN,Intersection Related,30.22731479,Daylight,-97.77336246,One Motor Vehicle - Going Straight,No Data,Not Applicable,No Data,Not Applicable,"250,000 Pop And Over",No,NONE,No Data,City Street,"Straight, Grade",Main/Proper Lane,On Roadway,No Data,30,JAMES CASEY ST,4000,Dry,Stop Sign,Clear,Not Worn,Pedalcyclist
12108749,No,No,105589,Austin Police Department,TRUE,105589,2014,11-1551829,Austin,No,No,Travis,0,0,1,0,0,Non-Incapacitating Injury,1935,1,1,2011,Saturday,Pedalcyclist,US Highway,SL0343,Intersection,30.23164366,Daylight,-97.79168906,One Motor Vehicle - Going Straight,8,Not Applicable,10,Not Applicable,"250,000 Pop And Over",No,NONE,380,US & State Highways,"Straight, Level",Service/Frontage Road,On Roadway,"4 Or More Lanes, Divided",35,US0290,NO DATA,Dry,Signal Light,Clear,"Worn, Unk Damage",Pedalcyclist
12148645,No,No,No Data,Austin Police Department,FALSE,No Data,No Data,11-1551030,Austin,No,No,Travis,0,0,1,1,0,Non-Incapacitating Injury,1215,1,0,2011,Saturday,Pedalcyclist,No Data,N/A,Driveway Access,30.23501207,Daylight,-97.72196841,One Motor Vehicle - Turning Left,No Data,One Vehicle Leaving Driveway,No Data,Entrance To Or Exit From Private Property Or Driveway,"250,000 Pop And Over",No,NONE,No Data,City Street,"Straight, Level",Main/Proper Lane,On Roadway,No Data,35,S PLEASANT VALLEY RD,NO DATA,Dry,Marked Lanes,Clear,"Worn, Unk Damage",Pedalcyclist
12108391,Yes,No,No Data,Austin Police Department,FALSE,No Data,No Data,11-1561565,Austin,No,No,Travis,0,0,1,2,0,Non-Incapacitating Injury,1844,1,0,2011,Sunday,Pedalcyclist,No Data,N/A,Non Intersection,30.32758028,Daylight,-97.73973714,One Motor Vehicle - Going Straight,No Data,Not Applicable,No Data,Not Applicable,"250,000 Pop And Over",No,NONE,No Data,US & State Highways,"Straight, Grade",Main/Proper Lane,On Roadway,No Data,35,BURNET RD,5349,Dry,Marked Lanes,Cloudy,Not Worn,Pedalcyclist
12154840,No,No,No Data,Austin Police Department,FALSE,No Data,No Data,11-1561264,Austin,No,No,Travis,0,0,1,1,0,Non-Incapacitating Injury,1534,1,0,2011,Sunday,Pedalcyclist,No Data,N/A,Non Intersection,No Data,Daylight,No Data,One Motor Vehicle - Going Straight,No Data,Not Applicable,No Data,In A Parking Lot,"250,000 Pop And Over",Yes,BICYCLE,No Data,Non Trafficway,"Straight, Level",Other (Explain In Narrative),Not Applicable,No Data,45,W SLAUGHTER LN,NO DATA,Dry,Stop Sign,Clear,"Worn, Damaged",Pedalcyclist
12147792,No,No,No Data,Austin Police Department,TRUE,No Data,No Data,11-1570858,Austin,No,No,Travis,0,0,1,0,0,Non-Incapacitating Injury,1220,1,1,2011,Monday,Pedalcyclist,No Data,ESCARPMENT BLVD,Intersection Related,30.22997479,Daylight,-97.86466243,One Motor Vehicle - Going Straight,No Data,Not Applicable,No Data,Not Applicable,"250,000 Pop And Over",No,NONE,No Data,City Street,"Straight, Level",Main/Proper Lane,On Roadway,No Data,0,W WILLIAM CANNON DR,NO DATA,Dry,Signal Light,Cloudy,Unknown If Worn,Pedalcyclist
12108235,No,No,No Data,Austin Police Department,FALSE,No Data,No Data,11-1591053,Austin,No,No,Travis,0,0,1,1,0,Non-Incapacitating Injury,1252,1,0,2011,Wednesday,Pedalcyclist,No Data,N/A,Driveway Access,30.1926002,Daylight,-97.77725728,One Motor Vehicle - Going Straight,No Data,One Vehicle Leaving Driveway,No Data,Entrance To Or Exit From Private Property Or Driveway,"250,000 Pop And Over",No,HUFFY BICYCLE,No Data,City Street,"Straight, Grade",Other (Explain In Narrative),On Roadway,No Data,0,E WILLIAM CANNON DR,NO DATA,Dry,None,Clear,Not Worn,Pedalcyclist
12108599,No,No,103160,Austin Police Department,FALSE,103160,2014,11-1601325,Austin,No,No,Travis,0,0,1,1,0,Non-Incapacitating Injury,1429,1,0,2011,Thursday,Pedalcyclist,US Highway,N/A,Driveway Access,30.34097379,Daylight,-97.70212183,One Motor Vehicle - Turning Right,5,One Vehicle Leaving Driveway,10,Entrance To Or Exit From Private Property Or Driveway,"250,000 Pop And Over",No,NONE,260,US & State Highways,"Straight, Level",Main/Proper Lane,On Roadway,"4 Or More Lanes, Divided",45,US0183,500,Dry,None,Clear,Not Worn,Pedalcyclist
12109249,Yes,No,No Data,Austin Police Department,FALSE,No Data,No Data,111600842,Austin,No,No,Travis,0,1,0,0,0,Incapacitating Injury,1038,1,1,2011,Thursday,Pedalcyclist,No Data,N/A,Driveway Access,30.23493733,Daylight,-97.75680722,One Motor Vehicle - Going Straight,No Data,One Vehicle Leaving Driveway,No Data,Entrance To Or Exit From Private Property Or Driveway,"250,000 Pop And Over",No,NONE,No Data,City Street,"Straight, Level",Main/Proper Lane,On Roadway,No Data,40,CONGRESS AVE S,2751,Dry,Center Stripe/Divider,Cloudy,Unknown If Worn,Pedalcyclist
12148638,Yes,No,No Data,Austin Police Department,FALSE,No Data,No Data,111611956,Austin,No,No,Travis,0,0,1,1,0,Non-Incapacitating Injury,1903,1,0,2011,Friday,Pedalcyclist,No Data,N/A,Non Intersection,No Data,Daylight,No Data,One Motor Vehicle - Going Straight,No Data,Not Applicable,No Data,In A Parking Lot,"250,000 Pop And Over",Yes,BICYCLE,No Data,Non Trafficway,"Straight, Level",Entrance/On Ramp,Not Applicable,No Data,0,W SLAUGHTER LN,NO DATA,Dry,None,Clear,Not Worn,Pedalcyclist
12148685,No,No,No Data,Austin Police Department,FALSE,No Data,No Data,111620779,Austin,Yes,No,Travis,0,0,1,1,0,Non-Incapacitating Injury,900,1,0,2011,Saturday,Pedalcyclist,No Data,N/A,Non Intersection,30.25119302,Daylight,-97.74909312,One Motor Vehicle - Turning Right,No Data,Construction - Within Posted Road Construction Zone (Not Related To Crash),No Data,Parking Area Within Right Of Way,"250,000 Pop And Over",No,NONE,No Data,City Street,"Straight, Grade",Main/Proper Lane,On Roadway,No Data,30,CONGRESS AVE S,1292,Dry,None,Clear,Not Worn,Pedalcyclist
12147789,No,No,No Data,Austin Police Department,TRUE,No Data,No Data,111641638,Austin,No,No,Travis,0,0,0,2,1,Possible Injury,1840,1,0,2011,Monday,Pedalcyclist,No Data,EBERHART LN,Intersection Related,30.19705479,Daylight,-97.77715246,One Motor Vehicle - Going Straight,No Data,Not Applicable,No Data,Not Applicable,"250,000 Pop And Over",No,DYNO MOUNTAIN BICYCLE,No Data,City Street,"Straight, Level",Main/Proper Lane,On Roadway,No Data,45,S CONGRESS AVE,6399,Dry,Signal Light,Clear,Not Worn,Pedalcyclist
12147692,No,No,34390,Austin Police Department,FALSE,34390,2014,11-1680012,Austin,No,No,Travis,0,0,1,1,0,Non-Incapacitating Injury,2355,1,0,2011,Thursday,Pedalcyclist,Farm To Market,N/A,Driveway Access,30.37458365,"Dark, Lighted",-97.72608007,One Motor Vehicle - Turning Left,4,One Vehicle Leaving Driveway,0,Entrance To Or Exit From Private Property Or Driveway,"250,000 Pop And Over",No,NONE,120,Farm To Market,"Straight, Level",Main/Proper Lane,On Roadway,"4 Or More Lanes, Divided",0,FM1325,NO DATA,Dry,None,Clear,Unknown If Worn,Pedalcyclist
12147965,No,No,No Data,Austin Police Department,FALSE,No Data,No Data,111681629,Austin,No,No,Travis,0,0,0,2,0,Not Injured,1745,0,0,2011,Friday,Pedalcyclist,No Data,N/A,Driveway Access,30.24329771,Daylight,-97.7193995,One Motor Vehicle - Turning Left,No Data,One Vehicle Leaving Driveway,No Data,Entrance To Or Exit From Private Property Or Driveway,"250,000 Pop And Over",No,NONE,No Data,City Street,"Straight, Level",Main/Proper Lane,On Roadway,No Data,0,S LAKESHORE BLVD,2457,Dry,None,Clear,Not Worn,Pedalcyclist
12148113,No,No,No Data,Austin Police Department,TRUE,No Data,No Data,11-1700188,Austin,No,No,Travis,0,0,1,2,0,Non-Incapacitating Injury,123,1,0,2011,Sunday,Pedalcyclist,No Data,E 30TH ST,Intersection,30.29315477,"Dark, Not Lighted",-97.73601246,One Motor Vehicle - Going Straight,No Data,Not Applicable,No Data,Not Applicable,"250,000 Pop And Over",No,NONE,No Data,City Street,"Straight, Grade",Main/Proper Lane,On Roadway,No Data,35,SPEEDWAY,3001,Dry,Stop Sign,Clear,"Worn, Not Damaged",Pedalcyclist
12148113,No,No,No Data,Austin Police Department,TRUE,No Data,No Data,11-1700188,Austin,No,No,Travis,0,0,1,2,0,Non-Incapacitating Injury,123,1,0,2011,Sunday,Pedalcyclist,No Data,E 30TH ST,Intersection,30.29315477,"Dark, Not Lighted",-97.73601246,One Motor Vehicle - Going Straight,No Data,Not Applicable,No Data,Not Applicable,"250,000 Pop And Over",No,NONE,No Data,City Street,"Straight, Grade",Main/Proper Lane,On Roadway,No Data,35,SPEEDWAY,3001,Dry,Stop Sign,Clear,"Worn, Unk Damage",Pedalcyclist
12148314,Yes,No,15613,Austin Police Department,TRUE,15613,2014,,Austin,No,No,Travis,0,0,1,1,0,Non-Incapacitating Injury,1806,1,0,2011,Tuesday,Pedalcyclist,State Highway,RM0620,Intersection,30.18692406,Daylight,-97.91326081,One Motor Vehicle - Going Straight,4,One Vehicle Entering Driveway,10,Entrance To Or Exit From Private Property Or Driveway,"250,000 Pop And Over",No,NONE,480,US & State Highways,"Straight, Level",Main/Proper Lane,On Roadway,"4 Or More Lanes, Divided",65,SH0045,NO DATA,Dry,Yield Sign,Clear,"Worn, Not Damaged",Pedalcyclist