Crash ID,$1000 Damage to Any One Person's Property,Active School Zone Flag,Adjusted Average Daily Traffic Amount,Agency,At Intersection Flag,Average Daily Traffic Amount,Average Daily Traffic Year,Case ID,City,Construction Zone Flag,Construction Zone Workers Present Flag,County,Crash Death Count,Crash Incapacitating Injury Count,Crash Non-incapacitating Injury Count,Crash Not Injured Count,Crash Possible Injury Count,Crash Severity,Crash Time,Crash Total Injury Count,Crash Unknown Injury Count,Crash Year,Day of Week,First Harmful Event,Highway System,Intersecting Street Name,Intersection Related,Latitude,Light Condition,Longitude,Manner of Collision,Number of Lanes,Other Factor,Outside Shoulder Width on Divided Highway,Physical Feature 1,Population Group,Private Drive Flag,Property Damages,Right of Way Usual Width,Road Class,Roadway Alignment,Roadway Part,Roadway Relation,Roadway Type,Speed Limit,Street Name,Street Number,Surface Condition,Traffic Control Type,Weather Condition,Person Helmet,Person Type
12261049,Yes,No,No Data,Austin Police Department,TRUE,No Data,No Data,11-2170793,Austin,No,No,Travis,0,0,1,1,0,Non-Incapacitating Injury,1124,1,0,2011,Friday,Pedalcyclist,No Data,DUVAL RD,Intersection Related,30.41178475,Daylight,-97.72342246,One Motor Vehicle - Going Straight,No Data,Not Applicable,No Data,Not Applicable,"250,000 Pop And Over",No,NONE,No Data,City Street,"Straight, Level",Main/Proper Lane,On Roadway,No Data,30,ASPENDALE DR,NO DATA,Dry,Stop Sign,Clear,Not Worn,Pedalcyclist
12204645,No,No,No Data,Sunset Valley Police Department,TRUE,No Data,No Data,2011-00070,Austin,No,No,Travis,0,0,1,1,0,Non-Incapacitating Injury,1900,1,0,2011,Saturday,Pedalcyclist,No Data,BRODIE LN,Intersection Related,30.21978479,Daylight,-97.82660244,One Motor Vehicle - Going Straight,No Data,Not Applicable,No Data,Not Applicable,"250,000 Pop And Over",No,NONE,No Data,City Street,"Straight, Level",Main/Proper Lane,On Roadway,No Data,30,OAKDALE DR,700,Dry,Signal Light,Clear,Not Worn,Pedalcyclist
12265669,No,No,37593,Austin Police Department,TRUE,37593,2014,11-2191049,Austin,No,No,Travis,0,0,0,1,1,Possible Injury,1419,1,0,2011,Sunday,Pedalcyclist,US Highway,US0290,Intersection,30.33101152,Daylight,-97.68277079,One Motor Vehicle - Going Straight,5,Not Applicable,0,Not Applicable,"250,000 Pop And Over",No,BICYCLE,260,US & State Highways,"Straight, Level",Main/Proper Lane,On Roadway,"4 Or More Lanes, Divided",45,US0183,1700,Dry,Signal Light,Clear,Not Worn,Pedalcyclist
12803641,No,No,No Data,Austin Police Department,TRUE,No Data,No Data,11-2210815,Austin,No,No,Travis,0,0,1,0,0,Non-Incapacitating Injury,1219,1,1,2011,Tuesday,Pedalcyclist,No Data,S 1ST ST,Intersection Related,30.25001478,Daylight,-97.75494246,One Motor Vehicle - Going Straight,No Data,Not Applicable,No Data,Not Applicable,"250,000 Pop And Over",No,NONE,No Data,City Street,"Straight, Level",Main/Proper Lane,On Roadway,No Data,30,ELIZABETH ST W,598,Dry,Stop Sign,Clear,Unknown If Worn,Pedalcyclist
12265768,No,No,No Data,Austin Police Department,FALSE,No Data,No Data,112231639,Austin,No,No,Travis,0,0,0,2,1,Possible Injury,2035,1,0,2011,Thursday,Pedalcyclist,No Data,N/A,Non Intersection,30.25658066,"Dark, Lighted",-97.72306107,One Motor Vehicle - Going Straight,No Data,Not Applicable,No Data,Not Applicable,"250,000 Pop And Over",No,NONE,No Data,City Street,"Straight, Level",Main/Proper Lane,On Roadway,No Data,30,E CESAR CHAVEZ ST,2013,Dry,None,Clear,Not Worn,Pedalcyclist
12227725,Yes,No,No Data,Austin Police Department,FALSE,No Data,No Data,112281634,Austin,No,No,Travis,0,1,0,1,0,Incapacitating Injury,1929,1,0,2011,Tuesday,Pedalcyclist,No Data,RESEARCH PARK LOOP,Intersection Related,30.42912248,Daylight,-97.7495577,One Motor Vehicle - Going Straight,No Data,Not Applicable,No Data,Not Applicable,"250,000 Pop And Over",No,NONE,No Data,City Street,"Straight, Level",Main/Proper Lane,On Roadway,No Data,45,RIATA TRACE PKWY,12280,Dry,Marked Lanes,Clear,"Worn, Damaged",Pedalcyclist
12227530,Yes,No,No Data,Austin Police Department,TRUE,No Data,No Data,11-2320191,Austin,No,No,Travis,0,0,1,3,1,Non-Incapacitating Injury,134,2,0,2011,Saturday,Pedalcyclist,No Data,E 4TH ST,Intersection,30.26550478,"Dark, Lighted",-97.74108246,One Motor Vehicle - Going Straight,No Data,Vehicle Changing Lanes,No Data,Not Applicable,"250,000 Pop And Over",No,NONE,No Data,City Street,"Straight, Level",Main/Proper Lane,On Roadway,No Data,35,SAN JACINTO BLVD,399,Dry,Stop Sign,Clear,Not Worn,Pedalcyclist
12227530,Yes,No,No Data,Austin Police Department,TRUE,No Data,No Data,11-2320191,Austin,No,No,Travis,0,0,1,3,1,Non-Incapacitating Injury,134,2,0,2011,Saturday,Pedalcyclist,No Data,E 4TH ST,Intersection,30.26550478,"Dark, Lighted",-97.74108246,One Motor Vehicle - Going Straight,No Data,Vehicle Changing Lanes,No Data,Not Applicable,"250,000 Pop And Over",No,NONE,No Data,City Street,"Straight, Level",Main/Proper Lane,On Roadway,No Data,35,SAN JACINTO BLVD,399,Dry,Stop Sign,Clear,Not Worn,Pedalcyclist
12227530,Yes,No,No Data,Austin Police Department,TRUE,No Data,No Data,11-2320191,Austin,No,No,Travis,0,0,1,3,1,Non-Incapacitating Injury,134,2,0,2011,Saturday,Pedalcyclist,No Data,E 4TH ST,Intersection,30.26550478,"Dark, Lighted",-97.74108246,One Motor Vehicle - Going Straight,No Data,Vehicle Changing Lanes,No Data,Not Applicable,"250,000 Pop And Over",No,NONE,No Data,City Street,"Straight, Level",Main/Proper Lane,On Roadway,No Data,35,SAN JACINTO BLVD,399,Dry,Stop Sign,Clear,Not Worn,Pedalcyclist
12260984,Yes,No,No Data,Austin Police Department,TRUE,No Data,No Data,11-2321849,Austin,No,No,Travis,0,0,0,1,1,Possible Injury,2122,1,0,2011,Saturday,Pedalcyclist,No Data,ROGGE LN,Intersection,30.30783477,"Dark, Not Lighted",-97.69001247,One Motor Vehicle - Going Straight,No Data,Not Applicable,No Data,Not Applicable,"250,000 Pop And Over",No,NONE,No Data,City Street,"Straight, Level",Main/Proper Lane,On Roadway,No Data,0,WESTMINSTER DR,5501,Dry,Stop Sign,Clear,Not Worn,Pedalcyclist
12246551,Yes,No,No Data,Austin Police Department,FALSE,No Data,No Data,11-2341696,Austin,No,No,Travis,0,0,0,1,1,Possible Injury,2049,1,0,2011,Monday,Pedalcyclist,No Data,N/A,Non Intersection,30.36313965,"Dark, Lighted",-97.6972338,One Motor Vehicle - Going Straight,No Data,Not Applicable,No Data,Not Applicable,"250,000 Pop And Over",No,NONE,No Data,City Street,"Straight, Level",Main/Proper Lane,On Roadway,No Data,35,W RUNDBERG LN,NO DATA,Dry,Marked Lanes,Clear,Not Worn,Pedalcyclist
12265741,No,No,38439,Austin Police Department,FALSE,38439,2014,112341055,Austin,No,No,Travis,0,0,1,2,0,Non-Incapacitating Injury,1417,1,0,2011,Monday,Pedalcyclist,Farm To Market,LEGENDARY DR,Intersection Related,30.43727953,Daylight,-97.73587539,One Motor Vehicle - Going Straight,6,Not Applicable,10,Not Applicable,"250,000 Pop And Over",No,NONE,200,Farm To Market,"Straight, Level",Main/Proper Lane,On Roadway,"4 Or More Lanes, Divided",0,FM0734,5524,Dry,Stop Sign,Clear,Not Worn,Pedalcyclist
12289301,No,No,39107,Austin Police Department,FALSE,39107,2014,11-2350494,Austin,No,No,Travis,0,0,1,2,0,Non-Incapacitating Injury,752,1,0,2011,Tuesday,Pedalcyclist,State Loop,SH0045,Intersection Related,30.2007271,Daylight,-97.86615755,One Motor Vehicle - Going Straight,4,Not Applicable,10,Not Applicable,"250,000 Pop And Over",No,NONE,500,US & State Highways,"Straight, Level",Main/Proper Lane,On Roadway,"4 Or More Lanes, Divided",45,SL0001,NO DATA,Dry,Signal Light,Clear,"Worn, Unk Damage",Pedalcyclist
12377081,No,Yes,No Data,Austin Police Department,FALSE,No Data,No Data,2011-2350549,Austin,No,No,Travis,0,0,1,1,0,Non-Incapacitating Injury,821,1,0,2011,Tuesday,Pedalcyclist,No Data,N/A,Driveway Access,30.21454589,Daylight,-97.79897748,One Motor Vehicle - Turning Left,No Data,One Vehicle Entering Driveway,No Data,Entrance To Or Exit From Private Property Or Driveway,"250,000 Pop And Over",No,NONE,No Data,City Street,"Straight, Level",Main/Proper Lane,On Roadway,No Data,20,MANCHACA RD,5601,Dry,Signal Light,Clear,Not Worn,Pedalcyclist
12614453,No,No,No Data,Austin Police Department,TRUE,No Data,No Data,11-2350988,Austin,No,No,Travis,0,0,0,0,1,Possible Injury,1237,1,1,2011,Tuesday,Pedalcyclist,No Data,UNKNOWN,Intersection Related,30.31581581,Daylight,-97.70141548,One Motor Vehicle - Going Straight,No Data,Not Applicable,No Data,Not Applicable,"250,000 Pop And Over",No,NONE,No Data,City Street,"Straight, Level",Main/Proper Lane,On Roadway,No Data,0,CAMERON RD,5801,Dry,Signal Light,Clear,Not Worn,Pedalcyclist
12246584,No,No,No Data,Austin Police Department,TRUE,No Data,No Data,11-2360439,Austin,No,No,Travis,0,0,0,1,1,Possible Injury,738,1,0,2011,Wednesday,Pedalcyclist,No Data,CESAR CHAVEZ ST E,Intersection,30.25851478,Daylight,-97.72865247,One Motor Vehicle - Turning Left,No Data,Not Applicable,No Data,Not Applicable,"250,000 Pop And Over",No,NONE,No Data,City Street,"Straight, Level",Main/Proper Lane,On Roadway,No Data,35,COMAL ST,101,Dry,Signal Light,Clear,"Worn, Unk Damage",Pedalcyclist
12289685,No,No,33647,Austin Police Department,TRUE,33647,2014,11-2361773,Austin,No,No,Travis,0,0,1,0,0,Non-Incapacitating Injury,2056,1,1,2011,Wednesday,Pedalcyclist,State Loop,W RIVERSIDE DR,Intersection Related,30.26449154,"Dark, Lighted",-97.75711525,One Motor Vehicle - Turning Left,6,Not Applicable,0,Not Applicable,"250,000 Pop And Over",No,NONE,120,US & State Highways,"Straight, Level",Main/Proper Lane,On Roadway,"4 Or More Lanes, Divided",35,SL0343,NO DATA,Dry,Signal Light,Clear,Unknown If Worn,Pedalcyclist
12298483,No,No,No Data,Austin Police Department,TRUE,No Data,No Data,112361382,Austin,No,No,Travis,0,0,1,1,0,Non-Incapacitating Injury,1722,1,0,2011,Wednesday,Pedalcyclist,No Data,TOWN CREEK DR,Intersection,30.24479478,Daylight,-97.72547247,One Motor Vehicle - Turning Left,No Data,Not Applicable,No Data,Not Applicable,"250,000 Pop And Over",No,NONE,No Data,City Street,"Curve, Level",Main/Proper Lane,On Roadway,No Data,35,S LAKESHORE BLVD,2000,Dry,Center Stripe/Divider,Clear,Not Worn,Pedalcyclist
12246385,No,No,No Data,Austin Police Department,FALSE,No Data,No Data,11-2391210,Austin,No,No,Travis,0,0,1,1,0,Non-Incapacitating Injury,1542,1,0,2011,Saturday,Pedalcyclist,State Highway,N/A,Non Intersection,No Data,Daylight,No Data,One Motor Vehicle - Going Straight,No Data,Not Applicable,No Data,Private Drive Or Road,"250,000 Pop And Over",Yes,"BICYCLE, MENS",No Data,Non Trafficway,Other (Explain In Narrative),Service/Frontage Road,Not Applicable,No Data,0,SH0071,NO DATA,Dry,None,Clear,Not Worn,Pedalcyclist
12246424,No,No,No Data,Austin Police Department,FALSE,No Data,No Data,11-2391032,Austin,No,No,Travis,0,0,1,1,0,Non-Incapacitating Injury,1330,1,0,2011,Saturday,Pedalcyclist,No Data,N/A,Driveway Access,30.41569475,Daylight,-97.74835245,One Motor Vehicle - Going Straight,No Data,One Vehicle Leaving Driveway,No Data,Entrance To Or Exit From Private Property Or Driveway,"250,000 Pop And Over",No,NONE,No Data,City Street,"Straight, Level",Other (Explain In Narrative),On Roadway,No Data,0,JOLLYVILLE RD,11581,Dry,Bike Lane,Clear,"Worn, Not Damaged",Pedalcyclist
12245170,No,No,No Data,Austin Police Department,FALSE,No Data,No Data,112402013,Austin,No,No,Travis,0,0,1,1,0,Non-Incapacitating Injury,2349,1,0,2011,Sunday,Pedalcyclist,No Data,N/A,Driveway Access,30.22429773,"Dark, Lighted",-97.7649054,One Motor Vehicle - Going Straight,No Data,One Vehicle Leaving Driveway,No Data,Entrance To Or Exit From Private Property Or Driveway,"250,000 Pop And Over",No,UNIT #1 BICYCLE,No Data,City Street,"Straight, Level",Service/Frontage Road,On Roadway,No Data,55,W BEN WHITE BLVD,200,Dry,None,Clear,Not Worn,Pedalcyclist
12246511,No,No,No Data,Austin Police Department,FALSE,No Data,No Data,112410968,Austin,No,No,Travis,0,0,0,2,0,Not Injured,1250,0,0,2011,Monday,Pedalcyclist,No Data,N/A,Non Intersection,No Data,Daylight,No Data,One Motor Vehicle - Going Straight,No Data,Not Applicable,No Data,In A Parking Lot,"250,000 Pop And Over",Yes,NONE,No Data,Non Trafficway,"Straight, Level",Other (Explain In Narrative),Not Applicable,No Data,0,S 1ST ST,NO DATA,Dry,None,Clear,Not Worn,Pedalcyclist
12246285,No,No,No Data,Austin Police Department,FALSE,No Data,No Data,112432054,Austin,No,No,Travis,0,1,0,0,0,Incapacitating Injury,2330,1,1,2011,Wednesday,Pedalcyclist,No Data,N/A,Non Intersection,30.39190583,"Dark, Not Lighted",-97.72157252,One Motor Vehicle - Going Straight,No Data,Not Applicable,No Data,Not Applicable,"250,000 Pop And Over",No,NONE,No Data,Farm To Market,"Straight, Level",Main/Proper Lane,On Roadway,No Data,0,BURNET RD,10707,Dry,None,Clear,Not Worn,Pedalcyclist
12326495,No,No,No Data,Austin Police Department,TRUE,No Data,No Data,11-2452380,Austin,No,No,Travis,0,0,1,0,0,Non-Incapacitating Injury,216,1,4,2011,Friday,Pedalcyclist,No Data,W 2ND ST,Intersection,30.26429478,"Dark, Lighted",-97.74420246,One Motor Vehicle - Going Straight,No Data,Not Applicable,No Data,Not Applicable,"250,000 Pop And Over",No,NONE,No Data,City Street,"Straight, Level",Main/Proper Lane,On Roadway,No Data,35,CONGRESS AVE,199,Dry,Signal Light,Clear,Not Worn,Pedalcyclist
12259794,No,No,No Data,Austin Police Department,TRUE,No Data,No Data,112461875,Austin,No,No,Travis,0,1,0,0,0,Incapacitating Injury,2101,1,0,2011,Saturday,Pedalcyclist,No Data,BURLESON RD,Intersection Related,30.23146479,"Dark, Lighted",-97.73573247,One Motor Vehicle - Going Straight,No Data,Not Applicable,No Data,Not Applicable,"250,000 Pop And Over",No,NONE,No Data,City Street,"Straight, Level",Main/Proper Lane,On Roadway,No Data,40,E OLTORF ST,NO DATA,Dry,Signal Light,Clear,Not Worn,Pedalcyclist
12270231,Yes,No,No Data,Austin Police Department,TRUE,No Data,No Data,11-2461612,Austin,No,No,Travis,0,0,1,1,0,Non-Incapacitating Injury,1901,1,0,2011,Saturday,Pedalcyclist,No Data,HART LN,Intersection Related,30.35134476,Daylight,-97.75814246,One Motor Vehicle - Going Straight,No Data,Not Applicable,No Data,Not Applicable,"250,000 Pop And Over",No,NONE,No Data,City Street,"Curve, Grade",Main/Proper Lane,On Roadway,No Data,30,THORNCLIFFE DR,6800,Dry,Stop Sign,Clear,Not Worn,Pedalcyclist
12314093,No,No,148494,Austin Police Department,TRUE,148494,2014,11-2462071,Austin,No,No,Travis,0,0,1,1,0,Non-Incapacitating Injury,2203,1,0,2011,Saturday,Pedalcyclist,Interstate,E 6TH ST,Intersection Related,30.26574519,"Dark, Lighted",-97.73465308,One Motor Vehicle - Going Straight,6,Not Applicable,5,Not Applicable,"250,000 Pop And Over",No,NONE,300,Interstate,"Straight, Grade",Service/Frontage Road,On Roadway,"4 Or More Lanes, Divided",0,IH0035,NO DATA,Dry,Signal Light,Clear,Not Worn,Pedalcyclist
12315007,No,No,No Data,Austin Police Department,TRUE,No Data,No Data,11-2461313,Austin,No,No,Travis,0,0,1,1,0,Non-Incapacitating Injury,1621,1,0,2011,Saturday,Pedalcyclist,No Data,PLEASANT VALLEY RD N,Intersection Related,30.25478478,Daylight,-97.71195247,One Motor Vehicle - Going Straight,No Data,Not Applicable,No Data,Not Applicable,"250,000 Pop And Over",No,NONE,No Data,City Street,"Straight, Level",Main/Proper Lane,On Roadway,No Data,30,E 3RD ST,2798,Dry,Stop Sign,Clear,"Worn, Unk Damage",Pedalcyclist
12314983,No,No,No Data,Austin Police Department,FALSE,No Data,No Data,11-2491946,Austin,No,No,Travis,0,0,1,0,0,Non-Incapacitating Injury,1130,1,1,2011,Tuesday,Pedalcyclist,No Data,N/A,Non Intersection,30.29325555,Daylight,-97.73590487,One Motor Vehicle - Going Straight,No Data,Not Applicable,No Data,Not Applicable,"250,000 Pop And Over",No,NONE,No Data,City Street,"Straight, Level",Main/Proper Lane,On Roadway,No Data,25,SPEEDWAY,3014,Dry,Marked Lanes,Clear,Unknown If Worn,Pedalcyclist
12259791,Yes,No,52925,Austin Police Department,FALSE,52925,2014,112501138,Austin,No,No,Travis,0,0,1,3,0,Non-Incapacitating Injury,1355,1,0,2011,Wednesday,Pedalcyclist,US Highway,W WILLIAM CANNON DR,Intersection Related,30.23396026,Daylight,-97.86570892,One Motor Vehicle - Going Straight,4,Not Applicable,6,Not Applicable,"250,000 Pop And Over",No,NONE,160,US & State Highways,"Straight, Level",Main/Proper Lane,On Roadway,"4 Or More Lanes, Undivided",50,US0290,NO DATA,Dry,Stop Sign,Clear,Not Worn,Pedalcyclist
12259792,No,No,No Data,Austin Police Department,TRUE,No Data,No Data,11-2501907,Austin,No,No,Travis,0,0,1,1,0,Non-Incapacitating Injury,2126,1,0,2011,Wednesday,Pedalcyclist,No Data,S PLEASANT VALLEY RD,Intersection Related,30.23356479,"Dark, Lighted",-97.72378247,One Motor Vehicle - Going Straight,No Data,Not Applicable,No Data,Not Applicable,"250,000 Pop And Over",No,NONE,No Data,City Street,"Straight, Level",Main/Proper Lane,On Roadway,No Data,35,E RIVERSIDE DR,NO DATA,Dry,Signal Light With Red Light Running Camera,Clear,Not Worn,Pedalcyclist
12270131,No,No,No Data,Austin Police Department,TRUE,No Data,No Data,11-2510761,Austin,No,No,Travis,0,0,1,1,0,Non-Incapacitating Injury,1037,1,0,2011,Thursday,Pedalcyclist,No Data,WOODWARD ST,Intersection,30.22964479,Daylight,-97.76025246,One Motor Vehicle - Going Straight,No Data,Not Applicable,No Data,Not Applicable,"250,000 Pop And Over",No,NONE,No Data,City Street,"Straight, Level",Main/Proper Lane,On Roadway,No Data,35,S CONGRESS AVE,3401,Dry,Signal Light,Clear,Not Worn,Pedalcyclist
12270167,No,No,29304,Austin Police Department,TRUE,29304,2014,112521382,Austin,No,No,Travis,0,0,1,1,0,Non-Incapacitating Injury,1509,1,0,2011,Friday,Pedalcyclist,State Loop,GUADALUPE ST,Intersection Related,30.26437854,Daylight,-97.74801969,One Motor Vehicle - Going Straight,4,Not Applicable,7,Not Applicable,"250,000 Pop And Over",No,NONE,74,US & State Highways,"Straight, Level",Main/Proper Lane,On Roadway,"4 Or More Lanes, Undivided",30,SL0343,400,Dry,Signal Light,Clear,Not Worn,Pedalcyclist
12272124,Yes,No,No Data,Austin Police Department,FALSE,No Data,No Data,112522177,Austin,Yes,No,Travis,0,0,1,5,0,Non-Incapacitating Injury,2200,1,0,2011,Friday,Pedalcyclist,No Data,MEDICAL ARTS ST,Intersection Related,30.28858185,"Dark, Lighted",-97.72929991,One Motor Vehicle - Turning Right,No Data,Construction - Within Posted Road Construction Zone (Not Related To Crash),No Data,Not Applicable,"250,000 Pop And Over",No,NONE,No Data,City Street,"Straight, Level",Main/Proper Lane,On Roadway,No Data,30,E DEAN KEETON ST,820,Dry,Signal Light,Clear,Not Worn,Pedalcyclist
12356835,No,No,No Data,Austin Police Department,TRUE,No Data,No Data,11-2520599,Austin,No,No,Travis,0,0,1,1,0,Non-Incapacitating Injury,900,1,0,2011,Friday,Pedalcyclist,No Data,DEEP EDDY AVE,Intersection Related,30.27807478,Daylight,-97.77256246,One Motor Vehicle - Turning Right,No Data,Not Applicable,No Data,Not Applicable,"250,000 Pop And Over",No,NONE,No Data,City Street,"Straight, Level",Main/Proper Lane,On Roadway,No Data,35,LAKE AUSTIN BLVD,NO DATA,Dry,Marked Lanes,Clear,"Worn, Damaged",Pedalcyclist
12270155,No,No,No Data,Austin Police Department,FALSE,No Data,No Data,11-2530621,Austin,No,No,Travis,0,0,1,1,0,Non-Incapacitating Injury,702,1,0,2011,Saturday,Pedalcyclist,No Data,N/A,Non Intersection,30.31066597,"Dark, Lighted",-97.73258911,One Motor Vehicle - Going Straight,No Data,Not Applicable,No Data,Not Applicable,"250,000 Pop And Over",No,NONE,No Data,City Street,"Straight, Level",Main/Proper Lane,On Roadway,No Data,30,W 45TH ST,558,Dry,Marked Lanes,Clear,"Worn, Not Damaged",Pedalcyclist
12272264,No,No,26658,Austin Police Department,TRUE,26658,2014,,Austin,No,No,Travis,0,0,0,2,0,Not Injured,1223,0,0,2011,Saturday,Pedalcyclist,Ranch To Mkt,ARROYO SECO,Intersection,30.33241213,Daylight,-97.73473934,One Motor Vehicle - Going Straight,4,Not Applicable,0,Not Applicable,"250,000 Pop And Over",No,NONE,70,Farm To Market,"Straight, Level",Main/Proper Lane,On Roadway,"4 Or More Lanes, Undivided",35,RM2222,1700,Dry,Stop Sign,Clear,"Worn, Not Damaged",Pedalcyclist
12280245,No,No,No Data,Austin Police Department,TRUE,No Data,No Data,11-2550723,Austin,No,No,Travis,0,0,0,1,0,Not Injured,1000,0,1,2011,Monday,Pedalcyclist,No Data,SAN ANTONIO ST,Intersection,30.28778478,Daylight,-97.74263246,One Motor Vehicle - Turning Left,No Data,Not Applicable,No Data,Not Applicable,"250,000 Pop And Over",No,NONE,No Data,City Street,"Straight, Level",Main/Proper Lane,On Roadway,No Data,30,W 24TH ST,504,Dry,Signal Light,Clear,Unknown If Worn,Pedalcyclist
12270425,No,No,No Data,Austin Police Department,FALSE,No Data,No Data,1125603050,Austin,No,No,Travis,0,0,1,1,0,Non-Incapacitating Injury,708,1,0,2011,Tuesday,Pedalcyclist,No Data,UNKNOWN,Intersection Related,30.26711478,Daylight,-97.74316246,One Motor Vehicle - Turning Left,No Data,Not Applicable,No Data,Not Applicable,"250,000 Pop And Over",No,NONE,No Data,City Street,"Straight, Level",Main/Proper Lane,On Roadway,No Data,40,CONGRESS AVE,500,Dry,Signal Light,Clear,Not Worn,Pedalcyclist
12289124,Yes,No,No Data,Austin Police Department,TRUE,No Data,No Data,11-2560428,Austin,No,No,Travis,0,0,1,1,0,Non-Incapacitating Injury,806,1,0,2011,Tuesday,Pedalcyclist,No Data,UNKNOWN,Intersection Related,30.23816479,Daylight,-97.76212246,One Motor Vehicle - Turning Left,No Data,Not Applicable,No Data,Not Applicable,"250,000 Pop And Over",No,NONE,No Data,City Street,"Straight, Level",Main/Proper Lane,On Roadway,No Data,35,S 1ST ST,2701,Dry,Signal Light,Clear,Not Worn,Pedalcyclist
12314020,No,No,No Data,Austin Police Department,TRUE,No Data,No Data,11-2561830,Austin,No,No,Travis,0,0,1,2,0,Non-Incapacitating Injury,2217,1,0,2011,Tuesday,Pedalcyclist,No Data,ELIZABETH ST W,Intersection,30.25001478,"Dark, Not Lighted",-97.75494246,One Motor Vehicle - Going Straight,No Data,Not Applicable,No Data,Not Applicable,"250,000 Pop And Over",No,NONE,No Data,City Street,"Straight, Level",Main/Proper Lane,On Roadway,No Data,35,S 1ST ST,1499,Dry,Stop Sign,Clear,Not Worn,Pedalcyclist
12314021,No,No,No Data,Austin Police Department,TRUE,No Data,No Data,11-2561300,Austin,No,No,Travis,0,0,1,1,0,Non-Incapacitating Injury,1731,1,0,2011,Tuesday,Pedalcyclist,No Data,KENWOOD AVE,Intersection,30.24423478,Daylight,-97.74035246,One Motor Vehicle - Going Straight,No Data,Not Applicable,No Data,Not Applicable,"250,000 Pop And Over",No,NONE,No Data,City Street,"Straight, Grade",Main/Proper Lane,On Roadway,No Data,30,REAGAN TER,1099,Dry,Stop Sign,Clear,Not Worn,Pedalcyclist
12270074,No,No,No Data,Austin Police Department,FALSE,No Data,No Data,112571796,Austin,No,No,Travis,0,0,0,4,1,Possible Injury,2025,1,0,2011,Wednesday,Pedalcyclist,No Data,N/A,Non Intersection,30.27125379,"Dark, Not Lighted",-97.70536516,One Motor Vehicle - Going Straight,No Data,Not Applicable,No Data,Not Applicable,"250,000 Pop And Over",No,NONE,No Data,City Street,"Straight, Grade",Main/Proper Lane,On Roadway,No Data,30,GOODWIN AVE,2715,Dry,Stop Sign,Clear,Not Worn,Pedalcyclist
12280232,No,No,No Data,Austin Police Department,TRUE,No Data,No Data,11,Austin,No,No,Travis,0,0,0,1,1,Possible Injury,800,1,0,2011,Thursday,Pedalcyclist,No Data,BRODIE LN,Intersection Related,30.21137479,Daylight,-97.83195244,One Motor Vehicle - Going Straight,No Data,Not Applicable,No Data,Not Applicable,"250,000 Pop And Over",No,NONE,No Data,City Street,"Straight, Level",Main/Proper Lane,On Roadway,No Data,30,CONVICT HILL RD,NO DATA,Dry,Signal Light,Clear,Not Worn,Pedalcyclist
12280078,No,No,No Data,Austin Police Department,FALSE,No Data,No Data,11-2592134,Austin,No,No,Travis,0,0,0,1,0,Not Injured,2238,0,1,2011,Friday,Pedalcyclist,No Data,W CESAR CHAVEZ ST,Intersection Related,No Data,"Dark, Lighted",No Data,One Motor Vehicle - Turning Left,No Data,Not Applicable,No Data,Not Applicable,"250,000 Pop And Over",No,NONE,No Data,City Street,"Straight, Level",Main/Proper Lane,On Roadway,No Data,20,STEPHEN F AUSTIN DR,NO DATA,Dry,Marked Lanes,Clear,"Worn, Not Damaged",Pedalcyclist
12280163,No,No,No Data,Austin Police Department,TRUE,No Data,No Data,11-2591509,Austin,No,No,Travis,0,0,1,1,0,Non-Incapacitating Injury,1749,1,0,2011,Friday,Pedalcyclist,No Data,BRODIE LN,Intersection Related,No Data,Daylight,No Data,One Motor Vehicle - Going Straight,No Data,Not Applicable,No Data,Not Applicable,"250,000 Pop And Over",No,NONE,No Data,City Street,"Straight, Level",Main/Proper Lane,On Roadway,No Data,30,ALEXANDRIA DR,NO DATA,Dry,Signal Light,Clear,Not Worn,Pedalcyclist
12280172,No,No,No Data,Austin Police Department,TRUE,No Data,No Data,112591104,Austin,No,No,Travis,0,0,1,1,0,Non-Incapacitating Injury,1405,1,0,2011,Friday,Pedalcyclist,No Data,W 27TH ST,Intersection Related,30.29195477,Daylight,-97.74119246,One Motor Vehicle - Going Straight,No Data,Not Applicable,No Data,Not Applicable,"250,000 Pop And Over",No,NONE,No Data,City Street,"Straight, Level",Main/Proper Lane,On Roadway,No Data,30,GUADALUPE ST,2701,Dry,Signal Light,Clear,Unknown If Worn,Pedalcyclist
12280218,No,No,No Data,Austin Police Department,FALSE,No Data,No Data,11-2590871,Austin,No,No,Travis,0,0,0,2,1,Possible Injury,1150,1,0,2011,Friday,Pedalcyclist,No Data,N/A,Non Intersection,30.19310018,Daylight,-97.77934234,One Motor Vehicle - Going Straight,No Data,Not Applicable,No Data,Not Applicable,"250,000 Pop And Over",No,NONE,No Data,City Street,"Straight, Level",Main/Proper Lane,On Roadway,No Data,40,W WILLIAM CANNON DR,NO DATA,Dry,Marked Lanes,Cloudy,Not Worn,Pedalcyclist
12279721,No,No,No Data,Austin Police Department,FALSE,No Data,No Data,11-2600890,Austin,Yes,Yes,Travis,0,0,1,1,0,Non-Incapacitating Injury,1108,1,0,2011,Saturday,Pedalcyclist,No Data,N/A,Driveway Access,30.23709939,Daylight,-97.75059243,One Motor Vehicle - Turning Left,No Data,Construction - Within Posted Road Construction Zone (Not Related To Crash),No Data,Entrance To Or Exit From Private Property Or Driveway,"250,000 Pop And Over",No,NONE,No Data,City Street,"Straight, Grade",Main/Proper Lane,On Roadway,No Data,35,OLTORF ST E,500,Dry,None,Clear,Not Worn,Pedalcyclist