Crash ID,$1000 Damage to Any One Person's Property,Active School Zone Flag,Adjusted Average Daily Traffic Amount,Agency,At Intersection Flag,Average Daily Traffic Amount,Average Daily Traffic Year,Case ID,City,Construction Zone Flag,Construction Zone Workers Present Flag,County,Crash Death Count,Crash Incapacitating Injury Count,Crash Non-incapacitating Injury Count,Crash Not Injured Count,Crash Possible Injury Count,Crash Severity,Crash Time,Crash Total Injury Count,Crash Unknown Injury Count,Crash Year,Day of Week,First Harmful Event,Highway System,Intersecting Street Name,Intersection Related,Latitude,Light Condition,Longitude,Manner of Collision,Number of Lanes,Other Factor,Outside Shoulder Width on Divided Highway,Physical Feature 1,Population Group,Private Drive Flag,Property Damages,Right of Way Usual Width,Road Class,Roadway Alignment,Roadway Part,Roadway Relation,Roadway Type,Speed Limit,Street Name,Street Number,Surface Condition,Traffic Control Type,Weather Condition,Person Helmet,Person Type
12314135,Yes,No,No Data,Austin Police Department,TRUE,No Data,No Data,112621256,Austin,No,No,Travis,0,0,1,2,0,Non-Incapacitating Injury,1728,1,0,2011,Monday,Pedalcyclist,No Data,N PLEASANT VALLEY RD,Intersection Related,30.26541478,Daylight,-97.70902247,One Motor Vehicle - Turning Right,No Data,Not Applicable,No Data,Not Applicable,"250,000 Pop And Over",No,NONE,No Data,City Street,"Straight, Grade",Main/Proper Lane,On Roadway,No Data,35,WEBBERVILLE RD,2901,Dry,Signal Light,Clear,"Worn, Not Damaged",Pedalcyclist
12314958,No,No,No Data,Austin Police Department,TRUE,No Data,No Data,11-2620555,Austin,No,No,Travis,0,0,1,1,0,Non-Incapacitating Injury,938,1,0,2011,Monday,Pedalcyclist,No Data,W DEAN KEETON ST,Intersection,30.28930477,Daylight,-97.73460246,One Motor Vehicle - Turning Left,No Data,Not Applicable,No Data,Not Applicable,"250,000 Pop And Over",No,NONE,No Data,City Street,"Straight, Level",Main/Proper Lane,On Roadway,No Data,30,SAN JACINTO BLVD,NO DATA,Dry,Signal Light,Clear,"Worn, Not Damaged",Pedalcyclist
12279788,No,No,No Data,Austin Police Department,TRUE,No Data,No Data,112631524,Austin,No,No,Travis,0,0,1,1,0,Non-Incapacitating Injury,1828,1,0,2011,Tuesday,Pedalcyclist,No Data,W 21ST ST,Intersection,30.28380478,Daylight,-97.74191246,One Motor Vehicle - Turning Right,No Data,Not Applicable,No Data,Not Applicable,"250,000 Pop And Over",No,NONE,No Data,City Street,"Straight, Level",Main/Proper Lane,On Roadway,No Data,35,GUADALUPE ST,2099,Dry,Signal Light,Clear,"Worn, Damaged",Pedalcyclist
12341719,No,No,No Data,Austin Police Department,TRUE,No Data,No Data,11-2651737,Austin,No,No,Travis,0,0,1,2,0,Non-Incapacitating Injury,2042,1,0,2011,Thursday,Pedalcyclist,No Data,BRANCH ST,Intersection,30.27198478,"Dark, Not Lighted",-97.73090247,One Motor Vehicle - Turning Right,No Data,Not Applicable,No Data,Not Applicable,"250,000 Pop And Over",No,NONE,No Data,City Street,"Straight, Grade",Main/Proper Lane,On Roadway,No Data,30,E 12TH ST,901,Dry,Marked Lanes,Clear,Not Worn,Pedalcyclist
12289177,No,No,No Data,Austin Police Department,TRUE,No Data,No Data,11-2661720,Austin,No,No,Travis,0,0,1,1,0,Non-Incapacitating Injury,1940,1,0,2011,Friday,Pedalcyclist,No Data,W DEAN KEETON ST,Intersection,30.28978477,"Dark, Lighted",-97.74140246,One Motor Vehicle - Turning Right,No Data,Not Applicable,No Data,Not Applicable,"250,000 Pop And Over",No,NONE,No Data,City Street,"Straight, Level",Main/Proper Lane,On Roadway,No Data,30,GUADALUPE ST,2525,Dry,Signal Light,Clear,Not Worn,Pedalcyclist
12289178,No,No,No Data,Austin Police Department,TRUE,No Data,No Data,112661695,Austin,No,No,Travis,0,0,1,2,0,Non-Incapacitating Injury,1928,1,0,2011,Friday,Pedalcyclist,No Data,UNKNOWN,Intersection,30.30699442,"Dark, Lighted",-97.72457973,One Motor Vehicle - Turning Left,No Data,Not Applicable,No Data,Not Applicable,"250,000 Pop And Over",No,NONE,No Data,City Street,"Straight, Level",Main/Proper Lane,On Roadway,No Data,30,E 45TH ST,497,Dry,Signal Light,Clear,Not Worn,Pedalcyclist
12289434,Yes,No,No Data,Austin Police Department,FALSE,No Data,No Data,11-2661944,Austin,No,No,Travis,0,0,2,0,0,Non-Incapacitating Injury,2142,2,0,2011,Friday,Pedalcyclist,No Data,N/A,Non Intersection,30.27563478,Daylight,-97.70818247,One Motor Vehicle - Going Straight,No Data,Not Applicable,No Data,Not Applicable,"250,000 Pop And Over",No,NONE,No Data,City Street,"Straight, Grade",Main/Proper Lane,On Roadway,No Data,40,E 12TH ST,2899,Dry,None,Clear,Not Worn,Pedalcyclist
12289550,No,No,No Data,Austin Police Department,TRUE,No Data,No Data,112670736,Austin,No,No,Travis,0,0,1,4,0,Non-Incapacitating Injury,945,1,0,2011,Saturday,Pedalcyclist,No Data,UNKNOWN,Intersection,30.26805478,Daylight,-97.74281246,One Motor Vehicle - Going Straight,No Data,Not Applicable,No Data,Not Applicable,"250,000 Pop And Over",No,NONE,No Data,City Street,"Straight, Level",Main/Proper Lane,On Roadway,No Data,0,CONGRESS AVE,600,Dry,Signal Light,Clear,"Worn, Not Damaged",Pedalcyclist
12289558,No,No,No Data,Austin Police Department,TRUE,No Data,No Data,11-2671700,Austin,No,No,Travis,0,0,1,1,0,Non-Incapacitating Injury,2029,1,0,2011,Saturday,Pedalcyclist,No Data,JONES RD,Intersection,30.22559479,"Dark, Lighted",-97.80384245,One Motor Vehicle - Turning Left,No Data,Not Applicable,No Data,Not Applicable,"250,000 Pop And Over",No,NONE,No Data,City Street,"Straight, Level",Main/Proper Lane,On Roadway,No Data,0,WEST GATE BLVD,5099,Dry,Signal Light,Clear,Not Worn,Pedalcyclist
12289427,No,No,29344,Austin Police Department,TRUE,29344,2014,112680968,Austin,No,No,Travis,0,0,1,4,0,Non-Incapacitating Injury,1153,1,0,2011,Sunday,Pedalcyclist,Farm To Market,SENDERO HILLS PKWY,Intersection,30.28081313,Daylight,-97.64800951,One Motor Vehicle - Turning Left,4,Not Applicable,0,Not Applicable,"250,000 Pop And Over",No,NONE,100,Farm To Market,"Straight, Level",Other (Explain In Narrative),On Roadway,"4 Or More Lanes, Undivided",50,FM0969,7598,Dry,Center Stripe/Divider,Clear,Not Worn,Pedalcyclist
12289564,Yes,No,44866,Austin Police Department,TRUE,44866,2014,11-268-0830,Austin,No,No,Travis,0,1,0,1,0,Incapacitating Injury,953,1,0,2011,Sunday,Pedalcyclist,State Loop,RM2222,Intersection,30.32756992,Daylight,-97.81118466,One Motor Vehicle - Turning Left,4,Not Applicable,10,Not Applicable,"250,000 Pop And Over",No,NONE,350,US & State Highways,"Straight, Grade",Main/Proper Lane,On Roadway,"4 Or More Lanes, Divided",60,SL0360,NO DATA,Dry,Yield Sign,Clear,"Worn, Unk Damage",Pedalcyclist
12289077,No,No,No Data,Austin Police Department,TRUE,No Data,No Data,112691681,Austin,No,No,Travis,0,0,1,1,0,Non-Incapacitating Injury,2056,1,0,2011,Monday,Pedalcyclist,No Data,UNKNOWN,Intersection,30.29858477,"Dark, Lighted",-97.72267247,One Motor Vehicle - Going Straight,No Data,Slowing/Stopping-To Make Left Turn,No Data,Not Applicable,"250,000 Pop And Over",No,NONE,No Data,City Street,"Straight, Level",Main/Proper Lane,On Roadway,No Data,35,RED RIVER ST,4001,Dry,Stop Sign,Clear,Unknown If Worn,Pedalcyclist
12289674,No,No,179906,Austin Police Department,TRUE,179906,2014,112691880,Austin,No,No,Travis,0,0,0,0,1,Possible Injury,2252,1,1,2011,Monday,Pedalcyclist,Interstate,LA POSADA DR,Intersection Related,30.32588303,"Dark, Lighted",-97.70625476,One Motor Vehicle - Going Straight,8,Not Applicable,10,Not Applicable,"250,000 Pop And Over",No,NONE,300,Interstate,"Straight, Level",Service/Frontage Road,On Roadway,"4 Or More Lanes, Divided",30,IH0035,NO DATA,Dry,Stop Sign,Clear,Not Worn,Pedalcyclist
12289666,Yes,No,No Data,Austin Police Department,TRUE,No Data,No Data,112701803,Austin,No,No,Travis,0,0,1,2,0,Non-Incapacitating Injury,2118,1,0,2011,Tuesday,Pedalcyclist,No Data,UNKNOWN,Intersection,30.27896621,"Dark, Unknown Lighting",-97.73220285,One Motor Vehicle - Turning Left,No Data,Not Applicable,No Data,Not Applicable,"250,000 Pop And Over",No,BICYCLE,No Data,Farm To Market,"Straight, Grade",Main/Proper Lane,On Roadway,No Data,35,E MARTIN LUTHER KING JR BLVD,NO DATA,Dry,Signal Light,Clear,"Worn, Damaged",Pedalcyclist
12289606,Yes,No,52868,Austin Police Department,FALSE,52868,2014,11-2710861,Austin,No,No,Travis,0,0,1,1,0,Non-Incapacitating Injury,1234,1,0,2011,Wednesday,Pedalcyclist,Farm To Market,SL0001,Intersection Related,30.42003866,Daylight,-97.70368632,One Motor Vehicle - Going Straight,6,Not Applicable,10,Not Applicable,"250,000 Pop And Over",No,NONE,200,Farm To Market,"Straight, Grade",Main/Proper Lane,On Roadway,"4 Or More Lanes, Divided",50,FM0734,NO DATA,Dry,Signal Light,Clear,Not Worn,Pedalcyclist
12306577,No,No,No Data,Austin Police Department,FALSE,No Data,No Data,11-2721732,Austin,No,No,Travis,0,1,0,1,0,Incapacitating Injury,2025,1,0,2011,Thursday,Pedalcyclist,No Data,N/A,Non Intersection,30.246376,"Dark, Not Lighted",-97.71473287,One Motor Vehicle - Going Straight,No Data,Not Applicable,No Data,Not Applicable,"250,000 Pop And Over",No,BICYCLE,No Data,City Street,"Straight, Level",Main/Proper Lane,On Roadway,No Data,35,S PLEASANT VALLEY RD,500,Wet,Marked Lanes,Clear,"Worn, Not Damaged",Pedalcyclist
12306602,Yes,No,No Data,Austin Police Department,TRUE,No Data,No Data,112730526,Austin,No,No,Travis,0,0,1,1,0,Non-Incapacitating Injury,823,1,0,2011,Friday,Pedalcyclist,No Data,W SLAUGHTER LN,Intersection Related,30.1866448,Daylight,-97.85510244,One Motor Vehicle - Turning Right,No Data,Not Applicable,No Data,Not Applicable,"250,000 Pop And Over",No,NONE,No Data,City Street,"Straight, Level",Main/Proper Lane,On Roadway,No Data,45,WOLFTRAP DR,NO DATA,Dry,Signal Light,Clear,Not Worn,Pedalcyclist
12396787,Yes,No,No Data,Austin Police Department,TRUE,No Data,No Data,11-2741504,Austin,No,No,Travis,0,0,1,3,0,Non-Incapacitating Injury,1808,1,0,2011,Saturday,Pedalcyclist,No Data,UNKNOWN,Intersection,30.26992712,Daylight,-97.74951081,One Motor Vehicle - Turning Right,No Data,Not Applicable,No Data,Not Applicable,"250,000 Pop And Over",No,NONE,No Data,City Street,"Straight, Level",Main/Proper Lane,On Roadway,No Data,35,W 6TH ST,701,Dry,Signal Light,Clear,Not Worn,Pedalcyclist
12318948,No,No,No Data,Austin Police Department,FALSE,No Data,No Data,11-2751419,Austin,No,No,Travis,0,0,1,1,0,Non-Incapacitating Injury,1849,1,0,2011,Sunday,Pedalcyclist,No Data,UNKNOWN,Intersection Related,30.1550448,Daylight,-97.83582245,One Motor Vehicle - Going Straight,No Data,Not Applicable,No Data,Not Applicable,"250,000 Pop And Over",No,NONE,No Data,City Street,"Curve, Hillcrest",Main/Proper Lane,On Roadway,No Data,30,MARCUS ABRAMS BLVD,1900,Dry,None,Clear,Not Worn,Pedalcyclist
12618305,Yes,No,No Data,Austin Police Department,FALSE,No Data,No Data,11-2751798,Austin,No,No,Travis,0,0,0,1,1,Possible Injury,2309,1,0,2011,Sunday,Pedalcyclist,No Data,N/A,Driveway Access,30.24329478,"Dark, Not Lighted",-97.75200913,One Motor Vehicle - Turning Left,No Data,One Vehicle Entering Driveway,No Data,Entrance To Or Exit From Private Property Or Driveway,"250,000 Pop And Over",No,NONE,No Data,City Street,"Straight, Level",Main/Proper Lane,On Roadway,No Data,35,CONGRESS AVE S,2103,Dry,None,Clear,"Worn, Unk Damage",Pedalcyclist
12355531,No,No,No Data,Austin Police Department,FALSE,No Data,No Data,11-2800929,Austin,No,No,Travis,0,0,0,0,1,Possible Injury,1349,1,1,2011,Friday,Pedalcyclist,No Data,UNKNOWN,Intersection Related,30.41564474,Daylight,-97.71932244,One Motor Vehicle - Going Straight,No Data,Not Applicable,No Data,Not Applicable,"250,000 Pop And Over",No,NONE,No Data,City Street,"Straight, Level",Main/Proper Lane,On Roadway,No Data,30,SCRIBE DR,12000,Dry,Stop Sign,Clear,Not Worn,Pedalcyclist
12584774,Yes,No,No Data,Austin Police Department,FALSE,No Data,No Data,11-2820239,Austin,No,No,Travis,0,0,0,1,0,Not Injured,222,0,1,2011,Sunday,Pedalcyclist,No Data,N/A,Non Intersection,30.24029478,"Dark, Lighted",-97.72699246,One Motor Vehicle - Going Straight,No Data,Not Applicable,No Data,Not Applicable,"250,000 Pop And Over",No,NONE,No Data,City Street,"Straight, Level",Main/Proper Lane,On Roadway,No Data,0,E RIVERSIDE DR,2100,Dry,None,Clear,Unknown If Worn,Pedalcyclist
12355672,No,No,No Data,Austin Police Department,TRUE,No Data,No Data,112841207,Austin,No,No,Travis,0,0,1,1,0,Non-Incapacitating Injury,1709,1,0,2011,Tuesday,Pedalcyclist,No Data,ELIZABETH ST W,Intersection Related,30.25001478,Daylight,-97.75494246,One Motor Vehicle - Turning Right,No Data,Not Applicable,No Data,Not Applicable,"250,000 Pop And Over",No,NONE,No Data,City Street,"Straight, Level",Main/Proper Lane,On Roadway,No Data,0,S 1ST ST,1499,Dry,Stop Sign,Clear,Not Worn,Pedalcyclist
12395609,Yes,No,No Data,Austin Police Department,TRUE,No Data,No Data,112840267,Austin,No,No,Travis,0,0,1,1,0,Non-Incapacitating Injury,524,1,0,2011,Tuesday,Pedalcyclist,No Data,RED RIVER ST,Intersection,30.27895478,"Dark, Lighted",-97.73216247,One Motor Vehicle - Turning Left,No Data,Not Applicable,No Data,Not Applicable,"250,000 Pop And Over",No,NONE,No Data,City Street,"Straight, Grade",Main/Proper Lane,On Roadway,No Data,35,E MARTIN LUTHER KING JR BLVD,NO DATA,Dry,Signal Light,Clear,Not Worn,Pedalcyclist
12584750,No,No,No Data,Austin Police Department,FALSE,No Data,No Data,112841872,Austin,No,No,Travis,0,0,0,0,1,Possible Injury,2303,1,1,2011,Tuesday,Pedalcyclist,No Data,N/A,Non Intersection,30.26101013,"Dark, Not Lighted",-97.71452584,One Motor Vehicle - Going Straight,No Data,Not Applicable,No Data,Not Applicable,"250,000 Pop And Over",No,NONE,No Data,City Street,"Straight, Level",Main/Proper Lane,On Roadway,No Data,0,E 7TH ST,2400,Dry,None,Clear,Not Worn,Pedalcyclist
12318901,Yes,No,4300,Austin Police Department,TRUE,4300,2014,11-2851402,Austin,No,No,Travis,0,0,1,1,0,Non-Incapacitating Injury,1749,1,0,2011,Wednesday,Pedalcyclist,US Highway,TX 45 TOLL,Intersection Related,30.34026625,Daylight,-97.5917228,One Motor Vehicle - Turning Right,6,Vision Obstructed By Headlight Or Sun Glare,10,Not Applicable,"250,000 Pop And Over",No,NONE,400,US & State Highways,"Straight, Level",Main/Proper Lane,On Roadway,"4 Or More Lanes, Divided",40,US0290,NO DATA,Dry,Signal Light,Clear,Not Worn,Pedalcyclist
12328422,Yes,No,No Data,Austin Police Department,TRUE,No Data,No Data,11-2861536,Austin,No,No,Travis,0,0,1,2,0,Non-Incapacitating Injury,1916,1,0,2011,Thursday,Pedalcyclist,No Data,HYSIDE DR,Intersection Related,30.30821477,Daylight,-97.67202248,One Motor Vehicle - Going Straight,No Data,Not Applicable,No Data,Not Applicable,"250,000 Pop And Over",No,NONE,No Data,City Street,"Straight, Level",Main/Proper Lane,On Roadway,No Data,30,MANOR RD,6309,Dry,Stop Sign,Clear,Not Worn,Pedalcyclist
12328509,Yes,No,No Data,Austin Police Department,FALSE,No Data,No Data,11-2860136,Austin,No,No,Travis,0,1,0,1,0,Incapacitating Injury,237,1,0,2011,Thursday,Pedalcyclist,No Data,N/A,Non Intersection,30.24283522,"Dark, Lighted",-97.71700341,One Motor Vehicle - Going Straight,No Data,Not Applicable,No Data,Not Applicable,"250,000 Pop And Over",No,NONE,No Data,City Street,"Straight, Grade",Main/Proper Lane,On Roadway,No Data,45,S PLEASANT VALLEY RD,963,Dry,Marked Lanes,Clear,Not Worn,Pedalcyclist
12328475,Yes,No,No Data,Austin Police Department,TRUE,No Data,No Data,112870561,Austin,No,No,Travis,0,0,1,1,0,Non-Incapacitating Injury,818,1,0,2011,Friday,Pedalcyclist,No Data,CIMA SERENA DR,Intersection Related,30.37743476,Daylight,-97.75342246,One Motor Vehicle - Turning Right,No Data,Not Applicable,No Data,Not Applicable,"250,000 Pop And Over",No,NONE,No Data,City Street,"Straight, Level",Main/Proper Lane,On Roadway,No Data,30,MESA DR,8501,Dry,None,Clear,"Worn, Unk Damage",Pedalcyclist
12377039,No,No,No Data,Austin Police Department,TRUE,No Data,No Data,112870817,Austin,No,No,Travis,0,0,1,1,0,Non-Incapacitating Injury,1100,1,0,2011,Friday,Pedalcyclist,No Data,DUVAL ST,Intersection Related,30.30699477,Daylight,-97.72457247,One Motor Vehicle - Turning Right,No Data,Not Applicable,No Data,Not Applicable,"250,000 Pop And Over",No,NONE,No Data,City Street,"Curve, Level",Main/Proper Lane,On Roadway,No Data,35,E 45TH ST,NO DATA,Dry,Signal Light,Clear,"Worn, Not Damaged",Pedalcyclist
12378970,No,No,No Data,Austin Police Department,TRUE,No Data,No Data,112871600,Austin,No,No,Travis,0,0,0,0,0,Unknown,1822,0,2,2011,Friday,Pedalcyclist,No Data,PAAVILO ST,Intersection,No Data,Daylight,No Data,One Motor Vehicle - Turning Left,No Data,Not Applicable,No Data,Not Applicable,"250,000 Pop And Over",No,NONE,No Data,City Street,"Straight, Grade",Main/Proper Lane,On Roadway,No Data,30,E 12TH ST,NO DATA,Dry,Marked Lanes,Clear,Unknown If Worn,Pedalcyclist
12328478,No,No,No Data,Austin Police Department,TRUE,No Data,No Data,11-2880915,Austin,No,No,Travis,0,0,0,0,1,Possible Injury,1245,1,1,2011,Saturday,Pedalcyclist,No Data,DUVAL ST,Intersection Related,30.30717477,Daylight,-97.72446247,One Motor Vehicle - Turning Right,No Data,Not Applicable,No Data,Not Applicable,"250,000 Pop And Over",No,NONE,No Data,City Street,"Straight, Level",Main/Proper Lane,On Roadway,No Data,0,E 45TH ST,500,Dry,Signal Light,Clear,"Worn, Not Damaged",Pedalcyclist
12329648,Yes,No,No Data,Austin Police Department,FALSE,No Data,No Data,,Austin,No,No,Travis,0,0,1,0,2,Non-Incapacitating Injury,1331,3,0,2011,Saturday,Pedalcyclist,No Data,N/A,Non Intersection,30.29315281,Daylight,-97.74174636,One Motor Vehicle - Going Straight,No Data,Not Applicable,No Data,Not Applicable,"250,000 Pop And Over",No,NONE,No Data,City Street,"Straight, Level",Main/Proper Lane,On Roadway,No Data,35,GUADALUPE ST,2714,Dry,Marked Lanes,Clear,Unknown If Worn,Pedalcyclist
12378971,Yes,No,No Data,Austin Police Department,TRUE,No Data,No Data,,Austin,No,No,Travis,0,1,0,1,0,Incapacitating Injury,1824,1,0,2011,Monday,Pedalcyclist,No Data,ALEXANDER AVE,Intersection,30.28568477,Daylight,-97.71020247,One Motor Vehicle - Turning Left,No Data,Not Applicable,No Data,Not Applicable,"250,000 Pop And Over",No,NONE,No Data,City Street,"Straight, Grade",Main/Proper Lane,On Roadway,No Data,35,MANOR RD,2901,Dry,Bike Lane,Clear,"Worn, Damaged",Pedalcyclist
12328038,Yes,No,No Data,Austin Police Department,TRUE,No Data,No Data,112911525,Austin,No,No,Travis,0,1,0,1,0,Incapacitating Injury,1825,1,0,2011,Tuesday,Pedalcyclist,No Data,UNKNOWN,Intersection,30.33030968,Daylight,-97.72358814,One Motor Vehicle - Turning Left,No Data,Not Applicable,No Data,Not Applicable,"250,000 Pop And Over",No,NONE,No Data,US & State Highways,"Straight, Level",Other (Explain In Narrative),On Roadway,No Data,40,N LAMAR BLVD,6191,Dry,Signal Light,Clear,Unknown If Worn,Pedalcyclist
12328398,No,No,No Data,Austin Police Department,TRUE,No Data,No Data,11-2911350,Austin,No,No,Travis,0,0,0,1,1,Possible Injury,1645,1,0,2011,Tuesday,Pedalcyclist,No Data,W 24TH ST,Intersection Related,30.28853478,Daylight,-97.75277246,One Motor Vehicle - Going Straight,No Data,Not Applicable,No Data,Not Applicable,"250,000 Pop And Over",No,ELECTRIC BICYCLE,No Data,City Street,"Straight, Grade",Main/Proper Lane,On Roadway,No Data,35,N LAMAR BLVD,2399,Dry,Signal Light,Clear,Not Worn,Pedalcyclist
12328497,No,No,No Data,Austin Police Department,TRUE,No Data,No Data,112911505,Austin,No,No,Travis,0,1,0,1,0,Incapacitating Injury,1812,1,0,2011,Tuesday,Pedalcyclist,No Data,CHERRYWOOD RD,Intersection,30.28439477,Daylight,-97.71849247,One Motor Vehicle - Turning Left,No Data,Not Applicable,No Data,Not Applicable,"250,000 Pop And Over",No,NONE,No Data,City Street,"Straight, Level",Main/Proper Lane,On Roadway,No Data,40,MANOR RD,2221,Dry,Signal Light,Clear,Not Worn,Pedalcyclist
12329745,No,No,No Data,Austin Police Department,FALSE,No Data,No Data,116903437,Austin,No,No,Travis,0,0,0,1,1,Possible Injury,1000,1,0,2011,Wednesday,Pedalcyclist,No Data,N/A,Non Intersection,No Data,Daylight,No Data,One Motor Vehicle - Going Straight,No Data,Not Applicable,No Data,In A Parking Lot,"250,000 Pop And Over",No,NONE,No Data,Non Trafficway,"Straight, Level",Other (Explain In Narrative),Not Applicable,No Data,0,N LAMAR BLVD,NO DATA,Dry,Other (Explain In Narrative),Clear,Not Worn,Pedalcyclist
12329746,No,No,No Data,Austin Police Department,FALSE,No Data,No Data,112920418,Austin,No,No,Travis,0,0,1,1,0,Non-Incapacitating Injury,758,1,0,2011,Wednesday,Pedalcyclist,No Data,UNKNOWN,Intersection Related,30.36085476,Daylight,-97.72077246,One Motor Vehicle - Going Straight,No Data,Not Applicable,No Data,Not Applicable,"250,000 Pop And Over",No,NONE,No Data,City Street,"Straight, Level",Main/Proper Lane,On Roadway,No Data,30,BURRELL DR,8500,Dry,Stop Sign,Clear,Not Worn,Pedalcyclist
12377060,Yes,No,No Data,Austin Police Department,TRUE,No Data,No Data,112920343,Austin,No,No,Travis,0,1,1,0,1,Incapacitating Injury,654,3,0,2011,Wednesday,Motor Vehicle In Transport,No Data,CESAR CHAVEZ ST E,Intersection,30.25299478,"Dark, Lighted",-97.71278247,Angle - Both Going Straight,No Data,Not Applicable,No Data,Not Applicable,"250,000 Pop And Over",No,NONE,No Data,City Street,"Straight, Level",Main/Proper Lane,On Roadway,No Data,30,N PLEASANT VALLEY RD,NO DATA,Dry,Signal Light,Clear,Unknown If Worn,Pedalcyclist
12341255,No,No,No Data,Austin Police Department,FALSE,No Data,No Data,11-2931732,Austin,No,No,Travis,0,0,1,1,0,Non-Incapacitating Injury,2038,1,0,2011,Thursday,Pedalcyclist,No Data,N/A,Driveway Access,30.2962549,"Dark, Lighted",-97.74226613,One Motor Vehicle - Turning Left,No Data,One Vehicle Entering Driveway,No Data,Entrance To Or Exit From Private Property Or Driveway,"250,000 Pop And Over",No,NONE,No Data,City Street,"Straight, Level",Main/Proper Lane,On Roadway,No Data,0,GUADALUPE ST,2924,Dry,None,Clear,"Worn, Not Damaged",Pedalcyclist
12377065,Yes,No,No Data,Austin Police Department,TRUE,No Data,No Data,11-2931944,Austin,No,No,Travis,0,0,1,1,0,Non-Incapacitating Injury,2217,1,0,2011,Thursday,Pedalcyclist,No Data,UNKNOWN,Intersection Related,30.27895478,"Dark, Lighted",-97.73216247,One Motor Vehicle - Going Straight,No Data,Not Applicable,No Data,Not Applicable,"250,000 Pop And Over",No,TREK BICYCLE,No Data,City Street,"Straight, Level",Main/Proper Lane,On Roadway,No Data,40,RED RIVER ST,NO DATA,Dry,Signal Light,Clear,Not Worn,Pedalcyclist
12601141,No,No,No Data,Austin Police Department,FALSE,No Data,No Data,112931115,Austin,No,No,Travis,0,0,1,1,0,Non-Incapacitating Injury,1505,1,0,2011,Thursday,Pedalcyclist,No Data,N/A,Driveway Access,30.28443679,Daylight,-97.7182754,One Motor Vehicle - Turning Right,No Data,One Vehicle Entering Driveway,No Data,Entrance To Or Exit From Private Property Or Driveway,"250,000 Pop And Over",No,NONE,No Data,City Street,"Straight, Level",Main/Proper Lane,On Roadway,No Data,35,MANOR RD,2276,Dry,None,Clear,"Worn, Not Damaged",Pedalcyclist
12341197,No,No,No Data,Austin Police Department,FALSE,No Data,No Data,11-2940508,Austin,No,No,Travis,0,0,1,1,0,Non-Incapacitating Injury,829,1,0,2011,Friday,Pedalcyclist,No Data,N/A,Driveway Access,No Data,Daylight,No Data,One Motor Vehicle - Turning Right,No Data,One Vehicle Leaving Driveway,No Data,Entrance To Or Exit From Private Property Or Driveway,"250,000 Pop And Over",No,NONE,No Data,City Street,"Straight, Level",Main/Proper Lane,On Roadway,No Data,60,FM0620,NO DATA,Dry,None,Clear,Not Worn,Pedalcyclist
12341198,No,No,No Data,Austin Police Department,TRUE,No Data,No Data,112941413,Austin,No,No,Travis,0,0,1,1,0,Non-Incapacitating Injury,1715,1,0,2011,Friday,Pedalcyclist,No Data,UNKNOWN,Intersection,30.42920578,Daylight,-97.78225413,One Motor Vehicle - Going Straight,No Data,Not Applicable,No Data,Not Applicable,"250,000 Pop And Over",No,NONE,No Data,City Street,"Straight, Level",Main/Proper Lane,On Roadway,No Data,0,SPICEWOOD SPRINGS RD,8500,Dry,Signal Light,Clear,Unknown If Worn,Pedalcyclist
12341224,Yes,No,No Data,Austin Police Department,FALSE,No Data,No Data,112961197,Austin,No,No,Travis,0,0,2,1,0,Non-Incapacitating Injury,1624,2,0,2011,Sunday,Pedalcyclist,No Data,N/A,Non Intersection,30.28803817,Daylight,-97.64782948,One Motor Vehicle - Going Straight,No Data,Not Applicable,No Data,Not Applicable,"250,000 Pop And Over",No,NONE,No Data,City Street,"Straight, Hillcrest",Main/Proper Lane,On Roadway,No Data,30,SENDERO HILLS PKWY,5616,Dry,None,Clear,Not Worn,Pedalcyclist
12341297,Yes,No,No Data,Austin Police Department,TRUE,No Data,No Data,11-2970496,Austin,No,No,Travis,0,0,0,1,1,Possible Injury,840,1,0,2011,Monday,Pedalcyclist,No Data,SCOFIELD LN,Intersection Related,30.41520475,Daylight,-97.68839247,One Motor Vehicle - Turning Left,No Data,Not Applicable,No Data,Not Applicable,"250,000 Pop And Over",No,NONE,No Data,City Street,"Straight, Level",Main/Proper Lane,On Roadway,No Data,0,METRIC BLVD,NO DATA,Dry,Signal Light,Clear,Not Worn,Pedalcyclist
12341307,No,No,No Data,Austin Police Department,FALSE,No Data,No Data,11-2971272,Austin,No,No,Travis,0,0,0,2,1,Possible Injury,1717,1,0,2011,Monday,Pedalcyclist,No Data,N/A,Driveway Access,30.27966947,Daylight,-97.73469251,One Motor Vehicle - Turning Right,No Data,One Vehicle Entering Driveway,No Data,Entrance To Or Exit From Private Property Or Driveway,"250,000 Pop And Over",No,NONE,No Data,Farm To Market,"Straight, Grade",Main/Proper Lane,On Roadway,No Data,30,E MARTIN LUTHER KING JR BLVD,387,Dry,Bike Lane,Clear,Not Worn,Pedalcyclist
12639194,No,No,No Data,Austin Police Department,TRUE,No Data,No Data,11-2980835,Austin,No,No,Travis,0,0,1,1,0,Non-Incapacitating Injury,1208,1,0,2011,Tuesday,Pedalcyclist,No Data,UNKNOWN,Intersection Related,30.30027191,Daylight,-97.64819703,One Motor Vehicle - Going Straight,No Data,Not Applicable,No Data,Not Applicable,"250,000 Pop And Over",No,NONE,No Data,City Street,"Straight, Grade",Main/Proper Lane,On Roadway,No Data,35,JOHNNY MORRIS RD,NO DATA,Dry,Signal Light,Clear,Not Worn,Pedalcyclist