Crash ID,$1000 Damage to Any One Person's Property,Active School Zone Flag,Adjusted Average Daily Traffic Amount,Agency,At Intersection Flag,Average Daily Traffic Amount,Average Daily Traffic Year,Case ID,City,Construction Zone Flag,Construction Zone Workers Present Flag,County,Crash Death Count,Crash Incapacitating Injury Count,Crash Non-incapacitating Injury Count,Crash Not Injured Count,Crash Possible Injury Count,Crash Severity,Crash Time,Crash Total Injury Count,Crash Unknown Injury Count,Crash Year,Day of Week,First Harmful Event,Highway System,Intersecting Street Name,Intersection Related,Latitude,Light Condition,Longitude,Manner of Collision,Number of Lanes,Other Factor,Outside Shoulder Width on Divided Highway,Physical Feature 1,Population Group,Private Drive Flag,Property Damages,Right of Way Usual Width,Road Class,Roadway Alignment,Roadway Part,Roadway Relation,Roadway Type,Speed Limit,Street Name,Street Number,Surface Condition,Traffic Control Type,Weather Condition,Person Helmet,Person Type
12470025,Yes,No,No Data,Austin Police Department,FALSE,No Data,No Data,113551522,Austin,No,No,Travis,0,14,0,2,1,Incapacitating Injury,1830,15,0,2011,Wednesday,Pedalcyclist,No Data,N/A,Non Intersection,30.27406572,"Dark, Lighted",-97.76065126,One Motor Vehicle - Going Straight,No Data,Slowing/Stopping-For Traffic,No Data,Not Applicable,"250,000 Pop And Over",No,NONE,No Data,City Street,"Straight, Level",Main/Proper Lane,On Roadway,No Data,30,W 6TH ST,1407,Wet,None,Rain,Unknown If Worn,Pedalcyclist
12470025,Yes,No,No Data,Austin Police Department,FALSE,No Data,No Data,113551522,Austin,No,No,Travis,0,14,0,2,1,Incapacitating Injury,1830,15,0,2011,Wednesday,Pedalcyclist,No Data,N/A,Non Intersection,30.27406572,"Dark, Lighted",-97.76065126,One Motor Vehicle - Going Straight,No Data,Slowing/Stopping-For Traffic,No Data,Not Applicable,"250,000 Pop And Over",No,NONE,No Data,City Street,"Straight, Level",Main/Proper Lane,On Roadway,No Data,30,W 6TH ST,1407,Wet,None,Rain,Unknown If Worn,Pedalcyclist
12470025,Yes,No,No Data,Austin Police Department,FALSE,No Data,No Data,113551522,Austin,No,No,Travis,0,14,0,2,1,Incapacitating Injury,1830,15,0,2011,Wednesday,Pedalcyclist,No Data,N/A,Non Intersection,30.27406572,"Dark, Lighted",-97.76065126,One Motor Vehicle - Going Straight,No Data,Slowing/Stopping-For Traffic,No Data,Not Applicable,"250,000 Pop And Over",No,NONE,No Data,City Street,"Straight, Level",Main/Proper Lane,On Roadway,No Data,30,W 6TH ST,1407,Wet,None,Rain,Unknown If Worn,Pedalcyclist
12470025,Yes,No,No Data,Austin Police Department,FALSE,No Data,No Data,113551522,Austin,No,No,Travis,0,14,0,2,1,Incapacitating Injury,1830,15,0,2011,Wednesday,Pedalcyclist,No Data,N/A,Non Intersection,30.27406572,"Dark, Lighted",-97.76065126,One Motor Vehicle - Going Straight,No Data,Slowing/Stopping-For Traffic,No Data,Not Applicable,"250,000 Pop And Over",No,NONE,No Data,City Street,"Straight, Level",Main/Proper Lane,On Roadway,No Data,30,W 6TH ST,1407,Wet,None,Rain,Unknown If Worn,Pedalcyclist
12485071,No,No,164391,Austin Police Department,TRUE,164391,2014,11-3631959,Austin,No,No,Travis,0,0,1,1,0,Non-Incapacitating Injury,2332,1,0,2011,Thursday,Pedalcyclist,Interstate,E 11TH ST,Intersection,30.27043897,"Dark, Lighted",-97.73289554,One Motor Vehicle - Turning Left,8,Not Applicable,10,Not Applicable,"250,000 Pop And Over",No,NONE,300,Interstate,"Straight, Grade",Service/Frontage Road,On Roadway,"4 Or More Lanes, Divided",40,IH0035,NO DATA,Dry,Signal Light,Clear,"Worn, Not Damaged",Pedalcyclist
12485151,No,No,No Data,Austin Police Department,FALSE,No Data,No Data,113631441,Austin,No,No,Travis,0,0,0,2,0,Not Injured,1832,0,0,2011,Thursday,Pedalcyclist,No Data,N/A,Non Intersection,No Data,"Dark, Lighted",No Data,One Motor Vehicle - Going Straight,No Data,Not Applicable,No Data,In A Parking Lot,"250,000 Pop And Over",No,NONE,No Data,Non Trafficway,"Straight, Level",Other (Explain In Narrative),Not Applicable,No Data,35,W STASSNEY LN,NO DATA,Dry,None,Clear,Not Worn,Pedalcyclist
12484951,Yes,No,No Data,Austin Police Department,TRUE,No Data,No Data,11-3641204,Austin,No,No,Travis,0,0,1,2,0,Non-Incapacitating Injury,1547,1,0,2011,Friday,Pedalcyclist,No Data,OAK KNOLL DR,Intersection,30.42100475,Daylight,-97.76318245,One Motor Vehicle - Going Straight,No Data,Not Applicable,No Data,Not Applicable,"250,000 Pop And Over",No,NONE,No Data,City Street,"Straight, Level",Main/Proper Lane,On Roadway,No Data,30,DANWOOD DR,6600,Dry,Stop Sign,Clear,"Worn, Damaged",Pedalcyclist
12485124,No,No,33647,Austin Police Department,TRUE,33647,2014,113650958,Austin,Yes,No,Travis,0,0,0,2,1,Possible Injury,1351,1,0,2011,Saturday,Pedalcyclist,State Loop,GIBSON ST W,Intersection,30.25495724,Daylight,-97.76217282,One Motor Vehicle - Turning Right,4,Construction - Within Posted Road Construction Zone (Not Related To Crash),0,Not Applicable,"250,000 Pop And Over",No,NONE,80,US & State Highways,"Straight, Level",Main/Proper Lane,On Roadway,"4 Or More Lanes, Undivided",40,SL0343,1199,Dry,None,Clear,Not Worn,Pedalcyclist
12618127,No,No,No Data,Austin Police Department,TRUE,No Data,No Data,120011761,Austin,No,No,Travis,0,0,1,1,0,Non-Incapacitating Injury,1511,1,0,2012,Sunday,Pedalcyclist,No Data,SHADOWRIDGE RUN,Intersection,30.22463479,Daylight,-97.87487243,One Motor Vehicle - Going Straight,No Data,Not Applicable,No Data,Not Applicable,"250,000 Pop And Over",No,NONE,No Data,City Street,"Curve, Grade",Main/Proper Lane,On Roadway,No Data,30,DEBCOE DR,6600,Dry,None,Clear,"Worn, Not Damaged",Pedalcyclist
12614754,No,No,No Data,Austin Police Department,TRUE,No Data,No Data,12-0020993,Austin,No,No,Travis,0,0,1,1,0,Non-Incapacitating Injury,1457,1,0,2012,Monday,Pedalcyclist,No Data,THOMPSON ST,Intersection,30.26899478,Daylight,-97.70689247,One Motor Vehicle - Going Straight,No Data,Not Applicable,No Data,Not Applicable,"250,000 Pop And Over",No,NONE,No Data,City Street,"Straight, Hillcrest",Main/Proper Lane,On Roadway,No Data,35,WEBBERVILLE RD,3401,Dry,Stop Sign,Clear,Not Worn,Pedalcyclist
12484284,Yes,No,No Data,Austin Police Department,TRUE,No Data,No Data,120041398,Austin,No,No,Travis,0,0,1,1,0,Non-Incapacitating Injury,1822,1,0,2012,Wednesday,Pedalcyclist,No Data,HERNDON LN,Intersection,30.24095479,"Dark, Lighted",-97.76542246,One Motor Vehicle - Turning Left,No Data,Not Applicable,No Data,Not Applicable,"250,000 Pop And Over",No,NONE,No Data,City Street,"Straight, Level",Main/Proper Lane,On Roadway,No Data,30,5TH ST S,2601,Dry,None,Clear,"Worn, Unk Damage",Pedalcyclist
12614657,Yes,No,No Data,Austin Police Department,TRUE,No Data,No Data,12-0040409,Austin,No,No,Travis,0,0,1,1,0,Non-Incapacitating Injury,808,1,0,2012,Wednesday,Pedalcyclist,No Data,NEW YORK DR,Intersection,30.27292478,Daylight,-97.71377247,One Motor Vehicle - Turning Left,No Data,Not Applicable,No Data,Not Applicable,"250,000 Pop And Over",No,NONE,No Data,City Street,"Curve, Hillcrest",Main/Proper Lane,On Roadway,No Data,30,N PLEASANT VALLEY RD,1169,Dry,Bike Lane,Unknown,"Worn, Damaged",Pedalcyclist
12499171,No,No,No Data,Austin Police Department,TRUE,No Data,No Data,120061628,Austin,No,No,Travis,0,0,1,2,0,Non-Incapacitating Injury,1749,1,0,2012,Friday,Pedalcyclist,No Data,N/A,Non Intersection,30.33166477,"Dark, Lighted",-97.81137244,One Motor Vehicle - Going Straight,No Data,Not Applicable,No Data,Not Applicable,"250,000 Pop And Over",No,NONE,No Data,City Street,"Curve, Grade",Main/Proper Lane,On Roadway,No Data,30,WESTLAKE DR,4432,Wet,None,Clear,Not Worn,Pedalcyclist
12610414,No,No,No Data,Austin Police Department,FALSE,No Data,No Data,120071063,Austin,No,No,Travis,0,0,1,1,0,Non-Incapacitating Injury,1349,1,0,2012,Saturday,Pedalcyclist,Interstate,N/A,Non Intersection,No Data,Daylight,No Data,One Motor Vehicle - Going Straight,No Data,Not Applicable,No Data,In A Parking Lot,"250,000 Pop And Over",No,NONE,No Data,Non Trafficway,"Curve, Level",Main/Proper Lane,Not Applicable,No Data,10,IH0035,NO DATA,Dry,None,Clear,Not Worn,Pedalcyclist
12499135,No,No,No Data,Austin Police Department,TRUE,No Data,No Data,12-0080984,Austin,No,No,Travis,0,0,1,1,0,Non-Incapacitating Injury,1459,1,0,2012,Sunday,Pedalcyclist,No Data,E 45TH ST,Intersection,30.30699477,Daylight,-97.72457247,One Motor Vehicle - Turning Right,No Data,Not Applicable,No Data,Not Applicable,"250,000 Pop And Over",No,NONE,No Data,City Street,"Straight, Grade",Main/Proper Lane,On Roadway,No Data,35,DUVAL ST,4431,Dry,Signal Light,Cloudy,Not Worn,Pedalcyclist
12614709,No,No,123443,Austin Police Department,FALSE,123443,2014,120091040,Austin,No,No,Travis,0,0,0,1,1,Possible Injury,1540,1,0,2012,Monday,Pedalcyclist,State Loop,N/A,Driveway Access,30.35171694,Daylight,-97.74901678,One Motor Vehicle - Going Straight,6,One Vehicle Leaving Driveway,10,Entrance To Or Exit From Private Property Or Driveway,"250,000 Pop And Over",No,NONE,350,US & State Highways,"Straight, Grade",Main/Proper Lane,On Roadway,"4 Or More Lanes, Divided",0,SL0001,NO DATA,Wet,None,Rain,"Worn, Unk Damage",Pedalcyclist
12498630,No,No,No Data,Austin Police Department,TRUE,No Data,No Data,120101222,Austin,No,No,Travis,0,0,1,1,0,Non-Incapacitating Injury,1728,1,0,2012,Tuesday,Pedalcyclist,No Data,E 34TH ST,Intersection,30.28953477,Daylight,-97.71498247,One Motor Vehicle - Turning Left,No Data,Not Applicable,No Data,Not Applicable,"250,000 Pop And Over",No,BICYCLE,No Data,City Street,"Straight, Hillcrest",Main/Proper Lane,On Roadway,No Data,0,CHERRYWOOD RD,3401,Dry,None,Clear,Unknown If Worn,Pedalcyclist
12498787,No,No,No Data,Austin Police Department,TRUE,No Data,No Data,120111275,Austin,No,No,Travis,0,0,1,1,0,Non-Incapacitating Injury,1717,1,0,2012,Wednesday,Pedalcyclist,No Data,S INDUSTRIAL DR,Intersection Related,30.21555479,Daylight,-97.74008247,One Motor Vehicle - Going Straight,No Data,Not Applicable,No Data,Not Applicable,"250,000 Pop And Over",No,NONE,No Data,City Street,"Straight, Level",Main/Proper Lane,On Roadway,No Data,40,E BEN WHITE BLVD,NO DATA,Dry,Stop Sign,Clear,Not Worn,Pedalcyclist
12629246,No,No,29304,Austin Police Department,TRUE,29304,2014,12-0120991,Austin,No,No,Travis,0,0,0,2,0,Not Injured,1419,0,0,2012,Thursday,Pedalcyclist,State Loop,GUADALUPE ST,Intersection Related,30.26437854,Daylight,-97.74801969,One Motor Vehicle - Going Straight,4,Not Applicable,7,Not Applicable,"250,000 Pop And Over",No,BICYCLE,74,US & State Highways,"Straight, Level",Main/Proper Lane,On Roadway,"4 Or More Lanes, Undivided",35,SL0343,400,Dry,Signal Light,Cloudy,Not Worn,Pedalcyclist
12610407,Yes,No,No Data,Austin Police Department,TRUE,No Data,No Data,12-0131292,Austin,No,No,Travis,0,0,0,2,0,Not Injured,1551,0,0,2012,Friday,Pedalcyclist,No Data,UNKNOWN,Intersection,30.27360478,Daylight,-97.75170246,One Motor Vehicle - Turning Left,No Data,Not Applicable,No Data,Not Applicable,"250,000 Pop And Over",No,NONE,No Data,City Street,"Straight, Level",Main/Proper Lane,On Roadway,No Data,30,W 9TH ST,900,Dry,Stop Sign,Clear,Not Worn,Pedalcyclist
12510523,Yes,No,No Data,Austin Police Department,FALSE,No Data,No Data,12-0171295,Austin,No,No,Travis,0,0,1,3,0,Non-Incapacitating Injury,1650,1,0,2012,Tuesday,Pedalcyclist,No Data,N/A,Non Intersection,30.2723823,Daylight,-97.7646222,One Motor Vehicle - Going Straight,No Data,Not Applicable,No Data,Not Applicable,"250,000 Pop And Over",No,NONE,No Data,US & State Highways,"Straight, Grade",Main/Proper Lane,On Roadway,No Data,40,W CESAR CHAVEZ ST,1715,Dry,Marked Lanes,Clear,"Worn, Damaged",Pedalcyclist
12510712,Yes,No,No Data,Austin Police Department,TRUE,No Data,No Data,120171291,Austin,No,No,Travis,0,0,1,2,0,Non-Incapacitating Injury,1647,1,0,2012,Tuesday,Pedalcyclist,No Data,E 8TH ST,Intersection,30.26925478,Daylight,-97.73972246,One Motor Vehicle - Turning Right,No Data,Not Applicable,No Data,Not Applicable,"250,000 Pop And Over",No,NONE,No Data,City Street,"Straight, Level",Main/Proper Lane,On Roadway,No Data,30,SAN JACINTO BLVD,799,Dry,Signal Light,Clear,Not Worn,Pedalcyclist
12524850,No,No,No Data,Austin Police Department,FALSE,No Data,No Data,120181281,Austin,No,No,Travis,0,0,1,1,0,Non-Incapacitating Injury,1644,1,0,2012,Wednesday,Pedalcyclist,No Data,ESCARPMENT BLVD,Intersection,30.22747147,Daylight,-97.86776629,One Motor Vehicle - Going Straight,No Data,Not Applicable,No Data,Not Applicable,"250,000 Pop And Over",No,NONE,No Data,City Street,"Straight, Level",Main/Proper Lane,On Roadway,No Data,30,RIDGE OAK RD,7200,Dry,Stop Sign,Clear,Not Worn,Pedalcyclist
12618114,No,No,No Data,Austin Police Department,FALSE,No Data,No Data,12-0180755,Austin,No,No,Travis,0,0,0,0,1,Possible Injury,1100,1,1,2012,Wednesday,Pedalcyclist,No Data,GREENWOOD AVE,Intersection,30.2884695,Daylight,-97.69977302,One Motor Vehicle - Turning Right,No Data,Not Applicable,No Data,Not Applicable,"250,000 Pop And Over",No,NONE,No Data,City Street,"Straight, Level",Main/Proper Lane,On Roadway,No Data,35,MANOR RD,3532,Dry,Signal Light,Clear,"Worn, Not Damaged",Pedalcyclist
12629201,No,No,118604,Austin Police Department,TRUE,118604,2014,12-0190654,Austin,No,No,Travis,0,0,0,3,0,Not Injured,1028,0,0,2012,Thursday,Pedalcyclist,State Loop,RM2244,Intersection,30.26462109,Daylight,-97.78600996,One Motor Vehicle - Going Straight,7,Not Applicable,6,Not Applicable,"250,000 Pop And Over",No,NONE,300,US & State Highways,"Straight, Hillcrest",Service/Frontage Road,On Roadway,"4 Or More Lanes, Divided",40,SL0001,NO DATA,Dry,Stop Sign,Clear,Not Worn,Pedalcyclist
12629201,No,No,118604,Austin Police Department,TRUE,118604,2014,12-0190654,Austin,No,No,Travis,0,0,0,3,0,Not Injured,1028,0,0,2012,Thursday,Pedalcyclist,State Loop,RM2244,Intersection,30.26462109,Daylight,-97.78600996,One Motor Vehicle - Going Straight,7,Not Applicable,6,Not Applicable,"250,000 Pop And Over",No,NONE,300,US & State Highways,"Straight, Hillcrest",Service/Frontage Road,On Roadway,"4 Or More Lanes, Divided",40,SL0001,NO DATA,Dry,Stop Sign,Clear,Not Worn,Pedalcyclist
12610089,No,No,No Data,Austin Police Department,TRUE,No Data,No Data,120202306,Austin,No,No,Travis,0,0,1,1,0,Non-Incapacitating Injury,2358,1,0,2012,Friday,Pedalcyclist,No Data,UNKNOWN,Intersection Related,30.28992358,"Dark, Lighted",-97.74443624,One Motor Vehicle - Turning Left,No Data,Not Applicable,No Data,Not Applicable,"250,000 Pop And Over",No,NONE,No Data,City Street,"Straight, Level",Main/Proper Lane,On Roadway,No Data,0,RIO GRANDE ST,2507,Dry,Stop Sign,Clear,Not Worn,Pedalcyclist
12510358,No,No,15613,Austin Police Department,TRUE,15613,2014,120220643,Austin,No,No,Travis,0,0,1,1,0,Non-Incapacitating Injury,935,1,0,2012,Sunday,Pedalcyclist,State Highway,MERIDIAN PARK BLVD,Intersection,30.18983422,Daylight,-97.91885756,One Motor Vehicle - Going Straight,4,Not Applicable,10,Not Applicable,"250,000 Pop And Over",No,NONE,480,US & State Highways,"Straight, Level",Main/Proper Lane,On Roadway,"4 Or More Lanes, Divided",65,SH0045,NO DATA,Dry,Yield Sign,Clear,"Worn, Damaged",Pedalcyclist
12510797,Yes,No,No Data,Austin Police Department,FALSE,No Data,No Data,120221174,Austin,No,No,Travis,0,0,1,1,0,Non-Incapacitating Injury,1651,1,0,2012,Sunday,Pedalcyclist,No Data,N/A,Driveway Access,30.23422479,Daylight,-97.72247247,One Motor Vehicle - Turning Right,No Data,One Vehicle Entering Driveway,No Data,Entrance To Or Exit From Private Property Or Driveway,"250,000 Pop And Over",No,NONE,No Data,City Street,"Straight, Level",Main/Proper Lane,On Roadway,No Data,35,S PLEASANT VALLEY RD,NO DATA,Dry,None,Clear,Not Worn,Pedalcyclist
12524591,Yes,No,118676,Austin Police Department,FALSE,118676,2014,2012-0231767,Austin,No,No,Travis,1,0,0,1,0,Killed,2226,0,0,2012,Monday,Pedalcyclist,US Highway,N/A,Non Intersection,30.43193358,"Dark, Not Lighted",-97.76490165,One Motor Vehicle - Going Straight,6,Vehicle Changing Lanes,10,Not Applicable,"250,000 Pop And Over",No,BICYCLE,260,US & State Highways,"Straight, Level",Service/Frontage Road,On Roadway,"4 Or More Lanes, Divided",50,US0183,NO DATA,Dry,Marked Lanes,Clear,Not Worn,Pedalcyclist
12524945,No,No,No Data,Austin Police Department,TRUE,No Data,No Data,12-0251036,Austin,No,No,Travis,0,0,1,2,0,Non-Incapacitating Injury,1235,1,0,2012,Wednesday,Pedalcyclist,No Data,MEDICAL PKWY,Intersection,30.30566477,Daylight,-97.74414246,One Motor Vehicle - Going Straight,No Data,Not Applicable,No Data,Not Applicable,"250,000 Pop And Over",No,NONE,No Data,City Street,"Straight, Level",Main/Proper Lane,On Roadway,No Data,35,W 38TH ST,1100,Dry,Signal Light,Cloudy,"Worn, Not Damaged",Pedalcyclist
12525247,No,No,No Data,Austin Police Department,FALSE,No Data,No Data,120271454,Austin,No,No,Travis,0,0,1,1,0,Non-Incapacitating Injury,1818,1,0,2012,Friday,Pedalcyclist,No Data,N/A,Driveway Access,30.3092906,"Dark, Lighted",-97.68113748,One Motor Vehicle - Turning Right,No Data,One Vehicle Entering Driveway,No Data,Entrance To Or Exit From Private Property Or Driveway,"250,000 Pop And Over",No,NONE,No Data,City Street,"Straight, Level",Main/Proper Lane,On Roadway,No Data,0,WHELESS LN,2606,Dry,Center Stripe/Divider,Clear,Unknown If Worn,Pedalcyclist
12584842,Yes,No,23804,Austin Police Department,FALSE,23804,2014,12-0330494,Austin,No,No,Travis,0,0,1,2,0,Non-Incapacitating Injury,825,1,0,2012,Thursday,Pedalcyclist,Farm To Market,N/A,Driveway Access,30.44198864,Daylight,-97.66590392,One Motor Vehicle - Turning Left,4,One Vehicle Entering Driveway,8,Entrance To Or Exit From Private Property Or Driveway,"250,000 Pop And Over",No,CABEROLE SALSA 12 SPEED BICYCLE (1500.00,120,Farm To Market,"Straight, Level",Main/Proper Lane,On Roadway,"4 Or More Lanes, Undivided",40,FM1825,14914,Dry,Center Stripe/Divider,Clear,"Worn, Not Damaged",Pedalcyclist
12539247,No,No,15262,Austin Police Department,TRUE,15262,2014,120341235,Austin,No,No,Travis,0,0,1,1,0,Non-Incapacitating Injury,1707,1,0,2012,Friday,Pedalcyclist,Farm To Market,SCOTTSDALE RD,Intersection Related,30.28624739,Daylight,-97.67889652,One Motor Vehicle - Going Straight,4,Not Applicable,0,Not Applicable,"250,000 Pop And Over",No,NONE,100,Farm To Market,"Straight, Hillcrest",Main/Proper Lane,On Roadway,"4 Or More Lanes, Undivided",30,FM0969,4901,Dry,Stop Sign,Clear,Not Worn,Pedalcyclist
12599244,No,No,No Data,Austin Police Department,TRUE,No Data,No Data,120341211,Austin,No,No,Travis,0,1,0,1,0,Incapacitating Injury,1649,1,0,2012,Friday,Pedalcyclist,No Data,UNKNOWN,Intersection Related,30.17646878,Daylight,-97.83190185,One Motor Vehicle - Going Straight,No Data,Not Applicable,No Data,Not Applicable,"250,000 Pop And Over",No,BICYCLE,No Data,City Street,"Straight, Level",Main/Proper Lane,On Roadway,No Data,0,PIPING ROCK TRL,2699,Dry,Stop Sign,Clear,Not Worn,Pedalcyclist
12539272,Yes,No,No Data,Austin Police Department,TRUE,No Data,No Data,120350960,Austin,Yes,No,Travis,0,0,0,1,1,Possible Injury,1418,1,0,2012,Saturday,Pedalcyclist,No Data,W STASSNEY LN,Intersection Related,30.21064479,Daylight,-97.78708245,One Motor Vehicle - Going Straight,No Data,Construction - Within Posted Road Construction Zone (Not Related To Crash),No Data,Not Applicable,"250,000 Pop And Over",No,NONE,No Data,City Street,"Straight, Level",Main/Proper Lane,On Roadway,No Data,35,EMERALD FOREST DR,5601,Dry,Signal Light,Clear,Not Worn,Pedalcyclist
12539426,No,No,No Data,Austin Police Department,TRUE,No Data,No Data,12-0351143,Austin,No,No,Travis,0,0,1,1,0,Non-Incapacitating Injury,1617,1,0,2012,Saturday,Pedalcyclist,No Data,UNKNOWN,Intersection Related,30.32582652,Daylight,-97.73959274,One Motor Vehicle - Turning Right,No Data,Not Applicable,No Data,Not Applicable,"250,000 Pop And Over",No,NONE,No Data,US & State Highways,"Straight, Level",Main/Proper Lane,On Roadway,No Data,30,W NORTH LOOP BLVD,1685,Dry,Signal Light,Clear,Not Worn,Pedalcyclist
12558913,Yes,No,No Data,Austin Police Department,FALSE,No Data,No Data,120381167,Austin,No,No,Travis,0,0,1,1,0,Non-Incapacitating Injury,1515,1,0,2012,Tuesday,Pedalcyclist,No Data,N/A,Non Intersection,30.35941037,Daylight,-97.69270438,One Motor Vehicle - Going Straight,No Data,Not Applicable,No Data,Not Applicable,"250,000 Pop And Over",No,NONE,No Data,City Street,"Straight, Level",Main/Proper Lane,On Roadway,No Data,30,HACKBERRY LN,331,Dry,Stop Sign,Clear,Not Worn,Pedalcyclist
12558951,No,No,No Data,Austin Police Department,TRUE,No Data,No Data,12-0380749,Austin,No,No,Travis,0,1,0,1,0,Incapacitating Injury,1128,1,0,2012,Tuesday,Pedalcyclist,No Data,W WILLIAM CANNON DR,Intersection Related,30.22329479,Daylight,-97.84169244,One Motor Vehicle - Going Straight,No Data,Not Applicable,No Data,Not Applicable,"250,000 Pop And Over",No,NONE,No Data,City Street,"Straight, Level",Main/Proper Lane,On Roadway,No Data,45,BRUSH COUNTRY RD,NO DATA,Dry,Signal Light,Clear,Unknown If Worn,Pedalcyclist
12609367,No,No,No Data,Austin Police Department,TRUE,No Data,No Data,12-0381215,Austin,No,No,Travis,0,0,1,1,0,Non-Incapacitating Injury,1542,1,0,2012,Tuesday,Pedalcyclist,No Data,GUADALUPE ST,Intersection,30.28978477,Daylight,-97.74140246,One Motor Vehicle - Going Straight,No Data,Not Applicable,No Data,Not Applicable,"250,000 Pop And Over",No,NONE,No Data,City Street,"Straight, Level",Main/Proper Lane,On Roadway,No Data,0,W DEAN KEETON ST,398,Dry,Marked Lanes,Clear,Not Worn,Pedalcyclist
12641867,No,No,115456,Austin Police Department,TRUE,115456,2014,120401757,Austin,No,No,Travis,0,0,1,1,0,Non-Incapacitating Injury,2113,1,0,2012,Thursday,Pedalcyclist,US Highway,FM1325,Intersection,30.37320328,"Dark, Lighted",-97.72640319,One Motor Vehicle - Turning Right,6,Not Applicable,10,Not Applicable,"250,000 Pop And Over",No,NONE,260,US & State Highways,"Straight, Level",Service/Frontage Road,On Roadway,"4 Or More Lanes, Divided",50,US0183,NO DATA,Dry,Signal Light,Clear,"Worn, Not Damaged",Pedalcyclist
12559151,Yes,No,No Data,Austin Police Department,TRUE,No Data,No Data,120411272,Austin,No,No,Travis,0,0,0,4,1,Possible Injury,1649,1,0,2012,Friday,Pedalcyclist,No Data,BARTON SPRINGS RD,Intersection,30.26606478,Daylight,-97.76887246,One Motor Vehicle - Going Straight,No Data,Not Applicable,No Data,Not Applicable,"250,000 Pop And Over",No,NONE,No Data,City Street,"Straight, Hillcrest",Main/Proper Lane,On Roadway,No Data,30,WILLIAM BARTON DR,NO DATA,Dry,None,Clear,"Worn, Damaged",Pedalcyclist
12559271,No,No,No Data,Austin Police Department,TRUE,No Data,No Data,12-0440779,Austin,No,No,Travis,0,0,1,1,0,Non-Incapacitating Injury,1302,1,0,2012,Monday,Pedalcyclist,No Data,RED RIVER ST,Intersection Related,30.29560477,Daylight,-97.72339247,One Motor Vehicle - Going Straight,No Data,Not Applicable,No Data,Not Applicable,"250,000 Pop And Over",No,NONE,No Data,City Street,"Straight, Level",Main/Proper Lane,On Roadway,No Data,35,E 38TH ST,898,Dry,Signal Light,Cloudy,Not Worn,Pedalcyclist
12559293,No,No,No Data,Austin Police Department,TRUE,No Data,No Data,120451122,Austin,No,No,Travis,0,0,1,2,0,Non-Incapacitating Injury,1521,1,0,2012,Tuesday,Pedalcyclist,No Data,ROCKPOINT DR,Intersection Related,30.36410476,Daylight,-97.76276245,One Motor Vehicle - Going Straight,No Data,Not Applicable,No Data,Not Applicable,"250,000 Pop And Over",No,NONE,No Data,City Street,"Straight, Level",Main/Proper Lane,On Roadway,No Data,30,GREYSTONE DR,4018,Dry,Bike Lane,Clear,"Worn, Not Damaged",Pedalcyclist
12609310,No,No,No Data,Austin Police Department,FALSE,No Data,No Data,12-0460561,Austin,No,No,Travis,0,0,1,1,0,Non-Incapacitating Injury,917,1,0,2012,Wednesday,Pedalcyclist,No Data,W CESAR CHAVEZ ST,Intersection Related,30.26468258,Daylight,-97.74910943,One Motor Vehicle - Going Straight,No Data,Not Applicable,No Data,Not Applicable,"250,000 Pop And Over",No,NONE,No Data,City Street,Unknown,Main/Proper Lane,On Roadway,No Data,30,SAN ANTONIO ST,102,Dry,Signal Light,Cloudy,"Worn, Not Damaged",Pedalcyclist
12712944,Yes,No,No Data,Austin Police Department,FALSE,No Data,No Data,120471130,Austin,No,No,Travis,0,0,1,1,0,Non-Incapacitating Injury,1600,1,0,2012,Thursday,Pedalcyclist,No Data,N/A,Driveway Access,30.37743476,Daylight,-97.75342246,One Motor Vehicle - Turning Left,No Data,One Vehicle Entering Driveway,No Data,Entrance To Or Exit From Private Property Or Driveway,"250,000 Pop And Over",No,NONE,No Data,City Street,"Straight, Level",Main/Proper Lane,On Roadway,No Data,0,MESA DR,8501,Dry,Bike Lane,Clear,"Worn, Not Damaged",Pedalcyclist
12575172,No,No,No Data,Austin Police Department,FALSE,No Data,No Data,120480915,Austin,No,No,Travis,0,0,0,1,1,Possible Injury,1322,1,0,2012,Friday,Pedalcyclist,No Data,N/A,Non Intersection,No Data,Daylight,No Data,One Motor Vehicle - Going Straight,No Data,One Vehicle Leaving Driveway,No Data,In A Parking Lot,"250,000 Pop And Over",No,NONE,No Data,Non Trafficway,"Straight, Level",Other (Explain In Narrative),Not Applicable,No Data,0,S PLEASANT VALLEY RD,NO DATA,Dry,None,Clear,Not Worn,Pedalcyclist
12609273,No,No,41709,Austin Police Department,FALSE,41709,2014,120500937,Austin,No,No,Travis,0,0,1,3,0,Non-Incapacitating Injury,1330,1,0,2012,Sunday,Pedalcyclist,Ranch To Mkt,N/A,Driveway Access,30.43748947,Daylight,-97.8381948,One Motor Vehicle - Turning Left,4,One Vehicle Entering Driveway,8,Entrance To Or Exit From Private Property Or Driveway,"250,000 Pop And Over",No,NONE,120,Farm To Market,"Straight, Level",Main/Proper Lane,On Roadway,"4 Or More Lanes, Undivided",60,RM0620,NO DATA,Dry,Marked Lanes,Clear,"Worn, Not Damaged",Pedalcyclist
12560378,No,No,22613,Austin Police Department,TRUE,22613,2014,120511374,Austin,No,No,Travis,0,0,1,1,0,Non-Incapacitating Injury,1906,1,0,2012,Monday,Pedalcyclist,State Loop,E 1ST ST,Intersection Related,30.26244633,"Dark, Lighted",-97.7410236,One Motor Vehicle - Going Straight,4,Not Applicable,10,Not Applicable,"250,000 Pop And Over",No,NONE,80,US & State Highways,"Straight, Level",Main/Proper Lane,On Roadway,"4 Or More Lanes, Undivided",0,SL0343,398,Dry,Crosswalk,Clear,Not Worn,Pedalcyclist