Crash ID,$1000 Damage to Any One Person's Property,Active School Zone Flag,Adjusted Average Daily Traffic Amount,Agency,At Intersection Flag,Average Daily Traffic Amount,Average Daily Traffic Year,Case ID,City,Construction Zone Flag,Construction Zone Workers Present Flag,County,Crash Death Count,Crash Incapacitating Injury Count,Crash Non-incapacitating Injury Count,Crash Not Injured Count,Crash Possible Injury Count,Crash Severity,Crash Time,Crash Total Injury Count,Crash Unknown Injury Count,Crash Year,Day of Week,First Harmful Event,Highway System,Intersecting Street Name,Intersection Related,Latitude,Light Condition,Longitude,Manner of Collision,Number of Lanes,Other Factor,Outside Shoulder Width on Divided Highway,Physical Feature 1,Population Group,Private Drive Flag,Property Damages,Right of Way Usual Width,Road Class,Roadway Alignment,Roadway Part,Roadway Relation,Roadway Type,Speed Limit,Street Name,Street Number,Surface Condition,Traffic Control Type,Weather Condition,Person Helmet,Person Type
12648787,No,No,No Data,Austin Police Department,TRUE,No Data,No Data,12-0970861,Austin,No,No,Travis,0,0,1,1,0,Non-Incapacitating Injury,1235,1,0,2012,Friday,Pedalcyclist,No Data,UNKNOWN,Intersection,30.30789175,Daylight,-97.74139229,One Motor Vehicle - Turning Left,No Data,Not Applicable,No Data,Not Applicable,"250,000 Pop And Over",No,NONE,No Data,US & State Highways,"Straight, Level",Main/Proper Lane,On Roadway,No Data,40,N LAMAR BLVD,4005,Dry,Signal Light,Clear,Not Worn,Pedalcyclist
12650225,Yes,No,No Data,Austin Police Department,FALSE,No Data,No Data,120981697,Austin,No,No,Travis,0,0,1,1,0,Non-Incapacitating Injury,2130,1,0,2012,Saturday,Pedalcyclist,No Data,N/A,Driveway Access,30.23172585,Daylight,-97.75895108,One Motor Vehicle - Turning Left,No Data,One Vehicle Entering Driveway,No Data,Entrance To Or Exit From Private Property Or Driveway,"250,000 Pop And Over",No,NONE,No Data,City Street,"Straight, Level",Main/Proper Lane,On Roadway,No Data,45,S CONGRESS AVE,3107,Dry,None,Clear,Not Worn,Pedalcyclist
12650238,No,No,No Data,Austin Police Department,TRUE,No Data,No Data,,Austin,No,No,Travis,0,0,1,1,0,Non-Incapacitating Injury,1339,1,0,2012,Saturday,Pedalcyclist,No Data,UNKNOWN,Intersection,30.25890478,Daylight,-97.74621246,One Motor Vehicle - Going Straight,No Data,Not Applicable,No Data,Not Applicable,"250,000 Pop And Over",No,NONE,No Data,US & State Highways,"Curve, Grade",Main/Proper Lane,On Roadway,No Data,0,CONGRESS AVE S,301,Dry,Signal Light,Clear,Not Worn,Pedalcyclist
12677502,No,No,No Data,Austin Police Department,TRUE,No Data,No Data,120981251,Austin,No,No,Travis,0,0,1,4,0,Non-Incapacitating Injury,1748,1,0,2012,Saturday,Pedalcyclist,No Data,UNKNOWN,Intersection,30.37683476,Daylight,-97.65911248,One Motor Vehicle - Going Straight,No Data,Not Applicable,No Data,Not Applicable,"250,000 Pop And Over",No,NONE,No Data,City Street,"Straight, Level",Main/Proper Lane,On Roadway,No Data,0,DESSAU RD,11700,Dry,Signal Light,Clear,"Worn, Not Damaged",Pedalcyclist
12706507,Yes,No,No Data,Austin Police Department,FALSE,No Data,No Data,,Austin,No,No,Travis,0,0,1,1,0,Non-Incapacitating Injury,202,1,0,2012,Saturday,Pedalcyclist,No Data,N/A,Non Intersection,30.22235501,"Dark, Lighted",-97.77208757,One Motor Vehicle - Going Straight,No Data,Not Applicable,No Data,Not Applicable,"250,000 Pop And Over",No,NONE,No Data,City Street,"Straight, Grade",Main/Proper Lane,On Roadway,No Data,35,S 1ST ST,4300,Dry,Flashing Yellow Light,Clear,"Worn, Not Damaged",Pedalcyclist
12648999,Yes,No,No Data,Austin Police Department,TRUE,No Data,No Data,120991175,Austin,No,No,Travis,0,0,1,7,2,Non-Incapacitating Injury,1823,3,0,2012,Sunday,Pedalcyclist,No Data,UNKNOWN,Intersection,30.24138478,Daylight,-97.72593247,One Motor Vehicle - Turning Left,No Data,Not Applicable,No Data,Not Applicable,"250,000 Pop And Over",No,NONE,No Data,City Street,"Curve, Level",Main/Proper Lane,On Roadway,No Data,30,ELMONT DR,2100,Dry,Yield Sign,Clear,Not Worn,Pedalcyclist
12650227,Yes,No,No Data,Austin Police Department,TRUE,No Data,No Data,121000765,Austin,No,No,Travis,0,0,1,1,0,Non-Incapacitating Injury,1155,1,0,2012,Monday,Pedalcyclist,No Data,SANTA RITA ST,Intersection,30.25677478,Daylight,-97.71683247,One Motor Vehicle - Going Straight,No Data,Not Applicable,No Data,Not Applicable,"250,000 Pop And Over",No,NONE,No Data,City Street,"Straight, Grade",Main/Proper Lane,On Roadway,No Data,30,JULIAN TERAN ST,301,Dry,Stop Sign,Clear,Not Worn,Pedalcyclist
12648868,No,No,No Data,Austin Police Department,FALSE,No Data,No Data,12-1010661,Austin,No,No,Travis,0,0,1,2,0,Non-Incapacitating Injury,1050,1,0,2012,Tuesday,Pedalcyclist,No Data,N/A,Non Intersection,30.29546203,Daylight,-97.7367638,One Motor Vehicle - Going Straight,No Data,Not Applicable,No Data,Not Applicable,"250,000 Pop And Over",No,NONE,No Data,City Street,"Curve, Grade",Main/Proper Lane,On Roadway,No Data,30,SPEEDWAY,3104,Dry,None,Clear,"Worn, Damaged",Pedalcyclist
12670648,No,No,No Data,"Department Of Public Safety, State Of Texas",FALSE,No Data,No Data,,Austin,No,No,Travis,0,0,0,1,1,Possible Injury,920,1,0,2012,Tuesday,Pedalcyclist,No Data,N/A,Non Intersection,No Data,"Dark, Not Lighted",No Data,One Motor Vehicle - Going Straight,No Data,One Vehicle Leaving Driveway,No Data,Private Drive Or Road,"250,000 Pop And Over",No,NONE,No Data,Non Trafficway,"Straight, Level",Main/Proper Lane,Not Applicable,No Data,35,GUADALUPE ST,NO DATA,Dry,Marked Lanes,Clear,Unknown If Worn,Pedalcyclist
12660367,No,No,No Data,Austin Police Department,FALSE,No Data,No Data,12-1050305,Austin,No,No,Travis,0,1,0,1,0,Incapacitating Injury,250,1,0,2012,Saturday,Pedalcyclist,No Data,N/A,Non Intersection,30.2695939,"Dark, Lighted",-97.73840994,One Motor Vehicle - Going Straight,No Data,Not Applicable,No Data,Not Applicable,"250,000 Pop And Over",No,NONE,No Data,City Street,"Straight, Hillcrest",Main/Proper Lane,On Roadway,No Data,0,TRINITY ST,871,Dry,None,Clear,Not Worn,Pedalcyclist
12712164,No,No,No Data,Austin Police Department,FALSE,No Data,No Data,121051342,Austin,No,No,Travis,0,0,0,3,1,Possible Injury,1637,1,0,2012,Saturday,Pedalcyclist,No Data,N/A,Non Intersection,30.18382461,Daylight,-97.74983702,One Motor Vehicle - Going Straight,No Data,Not Applicable,No Data,Not Applicable,"250,000 Pop And Over",No,NONE,No Data,City Street,"Straight, Level",Main/Proper Lane,On Roadway,No Data,25,CREEK BEND DR,4786,Dry,None,Clear,Unknown If Worn,Pedalcyclist
12660477,No,No,No Data,Austin Police Department,FALSE,No Data,No Data,12-1080847,Austin,No,No,Travis,0,0,1,1,0,Non-Incapacitating Injury,1252,1,1,2012,Tuesday,Pedalcyclist,No Data,N/A,Non Intersection,30.26787352,Daylight,-97.73850006,One Motor Vehicle - Going Straight,No Data,Not Applicable,No Data,Not Applicable,"250,000 Pop And Over",No,NONE,No Data,City Street,"Straight, Level",Main/Proper Lane,On Roadway,No Data,45,E 7TH ST,444,Dry,Center Stripe/Divider,Clear,"Worn, Not Damaged",Pedalcyclist
12712190,No,No,34215,Austin Police Department,FALSE,34215,2014,12-1100607,Austin,No,No,Travis,0,0,1,1,0,Non-Incapacitating Injury,1039,1,0,2012,Thursday,Pedalcyclist,State Loop,N/A,Driveway Access,30.24645044,Daylight,-97.77829459,One Motor Vehicle - Turning Right,4,One Vehicle Entering Driveway,0,Entrance To Or Exit From Private Property Or Driveway,"250,000 Pop And Over",No,NONE,80,US & State Highways,Unknown,Main/Proper Lane,On Roadway,"4 Or More Lanes, Undivided",35,SL0343,2511,Dry,None,Clear,Not Worn,Pedalcyclist
12677620,Yes,No,No Data,Austin Police Department,TRUE,No Data,No Data,12-1141770,Austin,No,No,Travis,0,0,1,0,0,Non-Incapacitating Injury,2204,1,1,2012,Monday,Pedalcyclist,No Data,W 38TH ST,Intersection,30.30274477,"Dark, Lighted",-97.73815246,One Motor Vehicle - Turning Left,No Data,Not Applicable,No Data,Not Applicable,"250,000 Pop And Over",No,NONE,No Data,City Street,"Straight, Level",Main/Proper Lane,On Roadway,No Data,35,GUADALUPE ST,3801,Dry,Signal Light,Clear,Not Worn,Pedalcyclist
12678281,No,No,No Data,Austin Police Department,FALSE,No Data,No Data,121160797,Austin,No,No,Travis,0,0,1,1,0,Non-Incapacitating Injury,1141,1,0,2012,Wednesday,Pedalcyclist,No Data,CROCKETT ST,Intersection,30.24284866,Daylight,-97.75217206,One Motor Vehicle - Turning Left,No Data,Not Applicable,No Data,Not Applicable,"250,000 Pop And Over",No,NONE,No Data,City Street,"Straight, Level",Main/Proper Lane,On Roadway,No Data,40,CONGRESS AVE S,2111,Dry,Bike Lane,Clear,"Worn, Unk Damage",Pedalcyclist
12678452,Yes,No,No Data,Austin Police Department,FALSE,No Data,No Data,121161326,Austin,No,No,Travis,0,0,1,0,0,Non-Incapacitating Injury,1639,1,1,2012,Wednesday,Pedalcyclist,Interstate,N/A,Non Intersection,No Data,Daylight,No Data,One Motor Vehicle - Going Straight,No Data,Not Applicable,No Data,In A Parking Lot,"250,000 Pop And Over",Yes,NONE,No Data,Non Trafficway,"Straight, Level",Other (Explain In Narrative),Not Applicable,No Data,5,IH0035,NO DATA,Dry,None,Clear,Unknown If Worn,Pedalcyclist
12705913,Yes,No,No Data,Austin Police Department,FALSE,No Data,No Data,121160045,Austin,No,No,Travis,0,1,0,1,0,Incapacitating Injury,29,1,0,2012,Wednesday,Pedalcyclist,No Data,N/A,Non Intersection,30.23471796,"Dark, Not Lighted",-97.74383661,One Motor Vehicle - Going Straight,No Data,Vehicle Changing Lanes,No Data,Not Applicable,"250,000 Pop And Over",No,NONE,No Data,City Street,"Straight, Hillcrest",Main/Proper Lane,On Roadway,No Data,0,OLTORF ST E,1277,Dry,None,Clear,Not Worn,Pedalcyclist
12678335,Yes,No,No Data,Austin Police Department,FALSE,No Data,No Data,121171427,Austin,No,No,Travis,0,0,1,5,0,Non-Incapacitating Injury,1812,1,0,2012,Thursday,Pedalcyclist,No Data,N/A,Non Intersection,30.246376,Daylight,-97.71473287,One Motor Vehicle - Going Straight,No Data,Not Applicable,No Data,Not Applicable,"250,000 Pop And Over",No,NONE,No Data,City Street,"Straight, Level",Main/Proper Lane,On Roadway,No Data,35,S PLEASANT VALLEY RD,500,Dry,None,Clear,Not Worn,Pedalcyclist
12686725,No,No,No Data,Austin Police Department,FALSE,No Data,No Data,12-1231568,Austin,No,No,Travis,0,1,0,1,0,Incapacitating Injury,1821,1,0,2012,Wednesday,Pedalcyclist,No Data,S PLEASANT VALLEY RD,Intersection Related,30.19705742,Daylight,-97.74431384,One Motor Vehicle - Going Straight,No Data,Not Applicable,No Data,Not Applicable,"250,000 Pop And Over",No,NONE,No Data,City Street,"Straight, Level",Main/Proper Lane,On Roadway,No Data,30,TERI RD,4586,Dry,Marked Lanes,Clear,Unknown If Worn,Pedalcyclist
12697752,No,No,No Data,Austin Police Department,FALSE,No Data,No Data,12-1231453,Austin,No,No,Travis,0,0,0,1,1,Possible Injury,1721,1,0,2012,Wednesday,Pedalcyclist,US Highway,N/A,Non Intersection,No Data,Daylight,No Data,One Motor Vehicle - Turning Right,No Data,Attention Diverted From Driving,No Data,Private Drive Or Road,"250,000 Pop And Over",Yes,NONE,No Data,Non Trafficway,"Straight, Level",Service/Frontage Road,Not Applicable,No Data,45,US0183,NO DATA,Dry,None,Clear,Unknown If Worn,Pedalcyclist
12686840,No,No,No Data,Austin Police Department,TRUE,No Data,No Data,12-1241561,Austin,No,No,Travis,0,0,1,0,0,Non-Incapacitating Injury,1853,1,1,2012,Thursday,Pedalcyclist,No Data,CIMARRON TRL,Intersection Related,30.22705479,Daylight,-97.79015245,One Motor Vehicle - Going Straight,No Data,Not Applicable,No Data,Not Applicable,"250,000 Pop And Over",No,NONE,No Data,City Street,"Straight, Level",Main/Proper Lane,On Roadway,No Data,35,MANCHACA RD,4517,Dry,Stop Sign,Clear,Not Worn,Pedalcyclist
12696955,No,No,No Data,Austin Police Department,TRUE,No Data,No Data,121260575,Austin,No,No,Travis,0,0,1,2,0,Non-Incapacitating Injury,629,1,0,2012,Saturday,Pedalcyclist,No Data,CHRISTOPHER ST,Intersection,30.25577478,Unknown,-97.75728246,One Motor Vehicle - Turning Right,No Data,Not Applicable,No Data,Not Applicable,"250,000 Pop And Over",No,NONE,No Data,City Street,"Straight, Hillcrest",Main/Proper Lane,On Roadway,No Data,0,5TH ST S,999,Dry,None,Cloudy,"Worn, Not Damaged",Pedalcyclist
12722355,No,No,No Data,Austin Police Department,TRUE,No Data,No Data,121260168,Austin,No,No,Travis,0,1,0,0,0,Incapacitating Injury,108,1,1,2012,Saturday,Pedalcyclist,No Data,UNKNOWN,Intersection,30.291161,"Dark, Lighted",-97.72705394,One Motor Vehicle - Going Straight,No Data,Not Applicable,No Data,Not Applicable,"250,000 Pop And Over",No,NONE,No Data,City Street,"Curve, Grade",Main/Proper Lane,On Roadway,No Data,30,RED RIVER ST,3215,Dry,Flashing Red Light,Clear,Not Worn,Pedalcyclist
12696870,Yes,No,44866,Austin Police Department,FALSE,44866,2014,121280847,Austin,No,No,Travis,0,0,1,1,0,Non-Incapacitating Injury,1210,1,0,2012,Monday,Pedalcyclist,State Loop,N/A,Non Intersection,30.38292895,Daylight,-97.77079716,One Motor Vehicle - Going Straight,4,Attention Diverted From Driving,10,Not Applicable,"250,000 Pop And Over",No,NONE,291,US & State Highways,"Straight, Level",Main/Proper Lane,Shoulder,"4 Or More Lanes, Divided",60,SL0360,NO DATA,Dry,Signal Light,Clear,"Worn, Damaged",Pedalcyclist
12737818,No,No,No Data,Austin Police Department,FALSE,No Data,No Data,12-1281454,Austin,No,No,Travis,0,0,0,1,1,Possible Injury,1806,1,0,2012,Monday,Pedalcyclist,No Data,N/A,Non Intersection,No Data,Daylight,No Data,One Motor Vehicle - Going Straight,No Data,Not Applicable,No Data,In A Parking Lot,"250,000 Pop And Over",Yes,NONE,No Data,Non Trafficway,"Straight, Level",Other (Explain In Narrative),Not Applicable,No Data,0,FAIRWAY ST,NO DATA,Dry,None,Clear,Not Worn,Pedalcyclist
12737969,No,No,No Data,Austin Police Department,TRUE,No Data,No Data,121280492,Austin,No,No,Travis,0,0,1,0,0,Non-Incapacitating Injury,957,1,1,2012,Monday,Pedalcyclist,No Data,ANCHOR LN,Intersection,30.28751477,Daylight,-97.70131247,One Motor Vehicle - Turning Right,No Data,Not Applicable,No Data,Not Applicable,"250,000 Pop And Over",No,NONE,No Data,City Street,"Straight, Level",Main/Proper Lane,On Roadway,No Data,35,MANOR RD,3399,Dry,Marked Lanes,Clear,"Worn, Damaged",Pedalcyclist
12697034,No,No,No Data,Austin Police Department,TRUE,No Data,No Data,121300822,Austin,Yes,Yes,Travis,0,1,0,1,0,Incapacitating Injury,1216,1,0,2012,Wednesday,Pedalcyclist,No Data,UNKNOWN,Intersection,30.26654478,Daylight,-97.74482246,One Motor Vehicle - Going Straight,No Data,Construction - Within Posted Road Construction Zone (Not Related To Crash),No Data,One Or More Traffic Lanes Closed,"250,000 Pop And Over",No,NONE,No Data,City Street,"Straight, Level",Main/Proper Lane,On Roadway,No Data,30,W 4TH ST,200,Dry,Stop Sign,Clear,Not Worn,Pedalcyclist
12697013,No,No,148494,Austin Police Department,FALSE,148494,2014,12-1320285,Austin,No,No,Travis,0,0,1,1,0,Non-Incapacitating Injury,335,1,0,2012,Friday,Pedalcyclist,Interstate,N/A,Non Intersection,30.26592916,"Dark, Lighted",-97.73458853,One Motor Vehicle - Going Straight,6,Not Applicable,5,Not Applicable,"250,000 Pop And Over",No,NONE,300,Interstate,"Straight, Grade",Main/Proper Lane,On Roadway,"4 Or More Lanes, Divided",60,IH0035,NO DATA,Wet,Marked Lanes,Cloudy,Not Worn,Pedalcyclist
12835403,No,No,No Data,Austin Police Department,FALSE,No Data,No Data,121321531,Austin,No,No,Travis,0,0,1,1,0,Non-Incapacitating Injury,1746,1,0,2012,Friday,Pedalcyclist,No Data,N/A,Driveway Access,30.24419449,Daylight,-97.73010044,One Motor Vehicle - Turning Right,No Data,One Vehicle Entering Driveway,No Data,Private Drive Or Road,"250,000 Pop And Over",No,NONE,No Data,City Street,"Straight, Level",Other (Explain In Narrative),On Roadway,No Data,35,E RIVERSIDE DR,NO DATA,Dry,None,Clear,Unknown If Worn,Pedalcyclist
12696971,No,No,No Data,Austin Police Department,TRUE,No Data,No Data,121340207,Austin,No,No,Travis,0,0,0,1,0,Not Injured,142,0,1,2012,Sunday,Pedalcyclist,No Data,E RIVERSIDE DR,Intersection,30.24016478,"Dark, Not Lighted",-97.72707247,One Motor Vehicle - Going Straight,No Data,Not Applicable,No Data,Not Applicable,"250,000 Pop And Over",No,NONE,No Data,City Street,"Straight, Grade",Main/Proper Lane,On Roadway,No Data,30,BURTON DR,1501,Dry,Signal Light,Clear,Not Worn,Pedalcyclist
12706141,No,No,No Data,Austin Police Department,TRUE,No Data,No Data,121361949,Austin,No,No,Travis,0,0,1,4,0,Non-Incapacitating Injury,2225,1,0,2012,Tuesday,Pedalcyclist,No Data,GUADALUPE ST,Intersection,30.29539477,"Dark, Lighted",-97.74279246,One Motor Vehicle - Turning Left,No Data,Not Applicable,No Data,Not Applicable,"250,000 Pop And Over",No,NONE,No Data,City Street,"Straight, Level",Main/Proper Lane,On Roadway,No Data,25,W 29TH ST,600,Dry,Signal Light,Clear,"Worn, Not Damaged",Pedalcyclist
12758950,Yes,No,No Data,Austin Police Department,TRUE,No Data,No Data,121371551,Austin,No,No,Travis,0,0,0,1,1,Possible Injury,1722,1,0,2012,Wednesday,Pedalcyclist,State Loop,PARKSTONE HEIGHTY DR,Intersection,No Data,Daylight,No Data,One Motor Vehicle - Turning Left,No Data,Not Applicable,No Data,Not Applicable,"250,000 Pop And Over",No,NONE,No Data,US & State Highways,"Straight, Level",Main/Proper Lane,On Roadway,No Data,0,SL0360,NO DATA,Dry,Marked Lanes,Clear,"Worn, Not Damaged",Pedalcyclist
12706319,No,No,No Data,Austin Police Department,TRUE,No Data,No Data,121381564,Austin,No,No,Travis,0,1,0,1,0,Incapacitating Injury,1729,1,0,2012,Thursday,Pedalcyclist,No Data,E 49TH ST,Intersection,30.31200477,Daylight,-97.72134247,One Motor Vehicle - Going Straight,No Data,Not Applicable,No Data,Not Applicable,"250,000 Pop And Over",No,NONE,No Data,City Street,"Straight, Level",Main/Proper Lane,On Roadway,No Data,30,DUVAL ST,4815,Dry,Stop Sign,Clear,"Worn, Not Damaged",Pedalcyclist
12749265,No,No,No Data,Austin Police Department,TRUE,No Data,No Data,121391357,Austin,No,No,Travis,0,0,1,6,0,Non-Incapacitating Injury,1618,1,0,2012,Friday,Pedalcyclist,No Data,W RIVERSIDE DR,Intersection Related,30.25809478,Daylight,-97.74792246,One Motor Vehicle - Turning Right,No Data,Not Applicable,No Data,Not Applicable,"250,000 Pop And Over",No,NONE,No Data,City Street,"Straight, Level",Main/Proper Lane,On Roadway,No Data,30,HAYWOOD AVE,401,Dry,Stop Sign,Clear,Not Worn,Pedalcyclist
12718188,No,No,No Data,Austin Police Department,TRUE,No Data,No Data,121400740,Austin,No,No,Travis,0,0,0,1,1,Possible Injury,1013,1,0,2012,Saturday,Pedalcyclist,No Data,UNKNOWN,Intersection Related,30.23779193,Daylight,-97.72562194,One Motor Vehicle - Turning Right,No Data,Not Applicable,No Data,Not Applicable,"250,000 Pop And Over",No,NONE,No Data,City Street,"Straight, Grade",Other (Explain In Narrative),On Roadway,No Data,35,E RIVERSIDE DR,2300,Dry,Yield Sign,Clear,Unknown If Worn,Pedalcyclist
12718111,No,No,No Data,Austin Police Department,FALSE,No Data,No Data,12-1421572,Austin,No,No,Travis,0,0,0,1,1,Possible Injury,1812,1,0,2012,Monday,Pedalcyclist,No Data,N/A,Driveway Access,30.23224206,Daylight,-97.73694691,One Motor Vehicle - Turning Right,No Data,One Vehicle Leaving Driveway,No Data,Entrance To Or Exit From Private Property Or Driveway,"250,000 Pop And Over",No,NONE,No Data,City Street,Other (Explain In Narrative),Main/Proper Lane,On Roadway,No Data,0,PARKER LN,2307,Dry,Other (Explain In Narrative),Clear,Not Worn,Pedalcyclist
12718062,Yes,No,No Data,Austin Police Department,TRUE,No Data,No Data,121431657,Austin,No,No,Travis,0,0,0,1,1,Possible Injury,1938,1,0,2012,Tuesday,Pedalcyclist,No Data,W BRAKER LN,Intersection,30.40069475,Daylight,-97.74884246,One Motor Vehicle - Turning Left,No Data,Not Applicable,No Data,Not Applicable,"250,000 Pop And Over",No,NONE,No Data,City Street,"Straight, Level",Main/Proper Lane,On Roadway,No Data,40,JOLLYVILLE RD,10729,Dry,Signal Light,Clear,"Worn, Not Damaged",Pedalcyclist
12718033,Yes,No,No Data,Austin Police Department,FALSE,No Data,No Data,12-1440513,Austin,No,No,Travis,0,0,1,1,0,Non-Incapacitating Injury,833,1,0,2012,Wednesday,Pedalcyclist,No Data,N/A,Driveway Access,30.39058487,Daylight,-97.80215215,One Motor Vehicle - Backing,No Data,One Vehicle Leaving Driveway,No Data,Entrance To Or Exit From Private Property Or Driveway,"250,000 Pop And Over",No,NONE,No Data,City Street,"Straight, Level",Main/Proper Lane,On Roadway,No Data,40,JESTER BLVD,7918,Dry,None,Clear,"Worn, Unk Damage",Pedalcyclist
12733524,Yes,No,No Data,Austin Police Department,FALSE,No Data,No Data,121472144,Austin,No,No,Travis,0,0,1,1,0,Non-Incapacitating Injury,2302,1,0,2012,Saturday,Pedalcyclist,No Data,WEST DR,Intersection Related,30.29522713,"Dark, Not Lighted",-97.74163391,One Motor Vehicle - Turning Left,No Data,Not Applicable,No Data,Not Applicable,"250,000 Pop And Over",No,NONE,No Data,City Street,"Straight, Level",Main/Proper Lane,On Roadway,No Data,0,FRUTH ST,2902,Dry,Stop Sign,Clear,Not Worn,Pedalcyclist
12773889,No,No,No Data,Austin Police Department,FALSE,No Data,No Data,12-1471257,Austin,No,No,Travis,0,0,1,1,0,Non-Incapacitating Injury,1556,1,0,2012,Saturday,Pedalcyclist,No Data,N/A,Driveway Access,No Data,Daylight,No Data,One Motor Vehicle - Going Straight,No Data,One Vehicle Leaving Driveway,No Data,Private Drive Or Road,"250,000 Pop And Over",Yes,NONE,No Data,Non Trafficway,"Straight, Level",Other (Explain In Narrative),Not Applicable,No Data,20,W ANDERSON LN,NO DATA,Dry,Signal Light,Clear,Not Worn,Pedalcyclist
12734499,No,No,No Data,Austin Police Department,FALSE,No Data,No Data,12-1480770,Austin,No,No,Travis,0,0,1,1,0,Non-Incapacitating Injury,1108,1,0,2012,Sunday,Pedalcyclist,No Data,N/A,Non Intersection,No Data,Daylight,No Data,One Motor Vehicle - Going Straight,No Data,Not Applicable,No Data,In A Parking Lot,"250,000 Pop And Over",Yes,NONE,No Data,Non Trafficway,"Straight, Level",Other (Explain In Narrative),Not Applicable,No Data,0,FM0620,NO DATA,Wet,None,Clear,Not Worn,Pedalcyclist
12733606,No,No,No Data,Austin Police Department,FALSE,No Data,No Data,121500748,Austin,No,No,Travis,0,0,1,1,0,Non-Incapacitating Injury,1058,1,0,2012,Tuesday,Pedalcyclist,No Data,N/A,Driveway Access,No Data,Daylight,No Data,One Motor Vehicle - Going Straight,No Data,One Vehicle Leaving Driveway,No Data,Entrance To Or Exit From Private Property Or Driveway,"250,000 Pop And Over",Yes,NONE,No Data,Non Trafficway,"Straight, Level",Other (Explain In Narrative),Not Applicable,No Data,30,N LAMAR BLVD,NO DATA,Dry,Stop Sign,Clear,Not Worn,Pedalcyclist
12765024,No,No,No Data,Austin Police Department,FALSE,No Data,No Data,121501676,Austin,No,No,Travis,0,0,1,1,0,Non-Incapacitating Injury,1900,1,0,2012,Tuesday,Pedalcyclist,No Data,N/A,Non Intersection,30.41023475,Daylight,-97.75132245,One Motor Vehicle - Turning Left,No Data,Not Applicable,No Data,Not Applicable,"250,000 Pop And Over",No,NONE,No Data,City Street,"Straight, Grade",Main/Proper Lane,On Roadway,No Data,40,TAYLOR DRAPER LN,11250,Dry,None,Clear,Not Worn,Pedalcyclist
12733677,No,No,No Data,Austin Police Department,TRUE,No Data,No Data,121530564,Austin,No,No,Travis,0,0,0,1,1,Possible Injury,827,1,0,2012,Friday,Pedalcyclist,No Data,UNKNOWN,Intersection,30.28089478,Daylight,-97.71429247,One Motor Vehicle - Turning Left,No Data,Not Applicable,No Data,Not Applicable,"250,000 Pop And Over",No,NONE,No Data,City Street,"Straight, Level",Main/Proper Lane,On Roadway,No Data,0,CEDAR AVE,1899,Dry,Signal Light,Clear,Not Worn,Pedalcyclist
12784023,No,No,No Data,Austin Police Department,FALSE,No Data,No Data,12-1531726,Austin,Yes,No,Travis,0,0,1,4,0,Non-Incapacitating Injury,1834,1,0,2012,Friday,Pedalcyclist,No Data,N/A,Driveway Access,30.32061562,Daylight,-97.69608325,One Motor Vehicle - Turning Right,No Data,Construction - Within Posted Road Construction Zone (Not Related To Crash),No Data,Entrance To Or Exit From Private Property Or Driveway,"250,000 Pop And Over",No,NONE,No Data,City Street,"Straight, Level",Main/Proper Lane,On Roadway,No Data,35,CAMERON RD,NO DATA,Dry,Bike Lane,Clear,"Worn, Unk Damage",Pedalcyclist
12784056,No,No,20895,Austin Police Department,FALSE,20895,2014,12-1531857,Austin,No,No,Travis,0,0,0,2,0,Not Injured,1925,0,0,2012,Friday,Pedalcyclist,State Loop,CESAR CHAVEZ ST E,Intersection Related,30.26243787,Daylight,-97.74099345,One Motor Vehicle - Going Straight,4,Not Applicable,10,Not Applicable,"250,000 Pop And Over",No,NONE,80,US & State Highways,"Straight, Level",Main/Proper Lane,On Roadway,"4 Or More Lanes, Undivided",30,SL0343,403,Dry,Crosswalk,Clear,"Worn, Unk Damage",Pedalcyclist
12733978,No,No,174473,Austin Police Department,TRUE,174473,2014,121551444,Austin,No,No,Travis,0,0,1,0,0,Non-Incapacitating Injury,1925,1,1,2012,Sunday,Pedalcyclist,Interstate,E 46TH ST,Intersection,30.30385901,Daylight,-97.71398637,One Motor Vehicle - Turning Right,8,Slowing/Stopping-To Make Right Turn,10,Not Applicable,"250,000 Pop And Over",No,NONE,300,Interstate,"Straight, Level",Service/Frontage Road,On Roadway,"4 Or More Lanes, Divided",0,IH0035,NO DATA,Dry,None,Clear,Not Worn,Pedalcyclist
12853414,No,No,No Data,Austin Police Department,TRUE,No Data,No Data,12-1571704,Austin,No,No,Travis,0,0,0,1,1,Possible Injury,1854,1,0,2012,Tuesday,Pedalcyclist,No Data,E WILLIAM CANNON DR,Intersection,30.1926748,Daylight,-97.77756246,One Motor Vehicle - Going Straight,No Data,Not Applicable,No Data,Not Applicable,"250,000 Pop And Over",No,NONE,No Data,City Street,"Straight, Level",Main/Proper Lane,On Roadway,No Data,35,CIRCLE S RD,6601,Dry,None,Clear,Not Worn,Pedalcyclist
12748050,No,No,No Data,Austin Police Department,TRUE,No Data,No Data,12-1581082,Austin,No,No,Travis,0,0,0,2,0,Not Injured,1405,0,0,2012,Wednesday,Pedalcyclist,No Data,LAVACA ST,Intersection,30.26965478,Daylight,-97.74485246,One Motor Vehicle - Going Straight,No Data,Not Applicable,No Data,Not Applicable,"250,000 Pop And Over",No,NONE,No Data,City Street,"Straight, Grade",Main/Proper Lane,On Roadway,No Data,30,W 7TH ST,300,Dry,Signal Light,Clear,Not Worn,Pedalcyclist