Crash ID,$1000 Damage to Any One Person's Property,Active School Zone Flag,Adjusted Average Daily Traffic Amount,Agency,At Intersection Flag,Average Daily Traffic Amount,Average Daily Traffic Year,Case ID,City,Construction Zone Flag,Construction Zone Workers Present Flag,County,Crash Death Count,Crash Incapacitating Injury Count,Crash Non-incapacitating Injury Count,Crash Not Injured Count,Crash Possible Injury Count,Crash Severity,Crash Time,Crash Total Injury Count,Crash Unknown Injury Count,Crash Year,Day of Week,First Harmful Event,Highway System,Intersecting Street Name,Intersection Related,Latitude,Light Condition,Longitude,Manner of Collision,Number of Lanes,Other Factor,Outside Shoulder Width on Divided Highway,Physical Feature 1,Population Group,Private Drive Flag,Property Damages,Right of Way Usual Width,Road Class,Roadway Alignment,Roadway Part,Roadway Relation,Roadway Type,Speed Limit,Street Name,Street Number,Surface Condition,Traffic Control Type,Weather Condition,Person Helmet,Person Type
13236018,No,No,No Data,"Department Of Public Safety, State Of Texas",TRUE,No Data,No Data,,Austin,No,No,Travis,0,0,1,1,0,Non-Incapacitating Injury,1615,1,0,2013,Friday,Pedalcyclist,No Data,UNKNOWN,Intersection,30.28064927,Daylight,-97.73813048,One Motor Vehicle - Turning Right,No Data,Not Applicable,No Data,Not Applicable,"250,000 Pop And Over",No,NONE,No Data,City Street,"Straight, Grade",Main/Proper Lane,On Roadway,No Data,30,W MARTIN LUTHER KING JR BLVD,101,Dry,Signal Light,Clear,"Worn, Damaged",Pedalcyclist
13245175,No,No,No Data,Austin Police Department,FALSE,No Data,No Data,131091607,Austin,No,No,Travis,0,0,0,1,1,Possible Injury,1737,1,0,2013,Friday,Pedalcyclist,No Data,N/A,Driveway Access,30.29565477,Daylight,-97.73790246,One Motor Vehicle - Backing,No Data,One Vehicle Leaving Driveway,No Data,Entrance To Or Exit From Private Property Or Driveway,"250,000 Pop And Over",No,PUEGOT-AVORIAZ ROAD BICYCLE,No Data,City Street,"Straight, Grade",Main/Proper Lane,On Roadway,No Data,30,W 31ST ST,200,Dry,Marked Lanes,Clear,"Worn, Damaged",Pedalcyclist
13245163,No,No,20895,Austin Police Department,FALSE,20895,2014,131110250,Austin,No,No,Travis,0,0,1,1,0,Non-Incapacitating Injury,213,1,0,2013,Sunday,Pedalcyclist,State Loop,N/A,Driveway Access,30.2618526,"Dark, Unknown Lighting",-97.7388989,One Motor Vehicle - Turning Right,4,One Vehicle Entering Driveway,10,Entrance To Or Exit From Private Property Or Driveway,"250,000 Pop And Over",No,NONE,80,US & State Highways,"Straight, Level",Main/Proper Lane,On Roadway,"4 Or More Lanes, Undivided",0,SL0343,595,Dry,Marked Lanes,Clear,Not Worn,Pedalcyclist
13389335,No,No,No Data,Austin Police Department,FALSE,No Data,No Data,13-1161123,Austin,No,No,Travis,0,0,0,1,1,Possible Injury,1417,1,0,2013,Sunday,Pedalcyclist,No Data,NORTHGATE BLVD,Intersection Related,30.37181608,Daylight,-97.71541341,One Motor Vehicle - Going Straight,No Data,Attention Diverted From Driving,No Data,Not Applicable,"250,000 Pop And Over",No,NONE,No Data,City Street,"Straight, Level",Main/Proper Lane,On Roadway,No Data,0,W RUNDBERG LN,NO DATA,Dry,None,Cloudy,Not Worn,Pedalcyclist
13245014,No,No,No Data,Austin Police Department,FALSE,No Data,No Data,131130947,Austin,No,No,Travis,0,0,1,0,0,Non-Incapacitating Injury,1930,1,3,2013,Monday,Pedalcyclist,No Data,N/A,Driveway Access,30.34435456,Daylight,-97.75097455,One Motor Vehicle - Turning Right,No Data,One Vehicle Leaving Driveway,No Data,Entrance To Or Exit From Private Property Or Driveway,"250,000 Pop And Over",No,NONE,No Data,City Street,"Straight, Level",Main/Proper Lane,On Roadway,No Data,0,GREAT NORTHERN BLVD,6323,Dry,Center Stripe/Divider,Clear,"Worn, Not Damaged",Pedalcyclist
13245044,Yes,No,No Data,Austin Police Department,FALSE,No Data,No Data,131121454,Austin,No,No,Travis,0,1,0,1,0,Incapacitating Injury,1838,1,0,2013,Monday,Pedalcyclist,No Data,N/A,Non Intersection,30.21376092,Daylight,-97.80067868,One Motor Vehicle - Going Straight,No Data,Not Applicable,No Data,Not Applicable,"250,000 Pop And Over",No,NONE,No Data,City Street,"Straight, Level",Main/Proper Lane,On Roadway,No Data,35,MANCHACA RD,5816,Dry,None,Clear,"Worn, Damaged",Pedalcyclist
13254074,Yes,No,33647,Austin Police Department,FALSE,33647,2014,131120629,Austin,Yes,No,Travis,0,0,1,1,0,Non-Incapacitating Injury,1015,1,0,2013,Monday,Pedalcyclist,State Loop,N/A,Driveway Access,30.25396739,Daylight,-97.76278203,One Motor Vehicle - Turning Left,4,Construction - Within Posted Road Construction Zone (Not Related To Crash),0,Entrance To Or Exit From Private Property Or Driveway,"250,000 Pop And Over",No,BLUE HURLY BIKE,80,US & State Highways,"Straight, Level",Main/Proper Lane,On Roadway,"4 Or More Lanes, Undivided",40,SL0343,1258,Dry,Marked Lanes,Clear,"Worn, Damaged",Pedalcyclist
13245020,No,No,No Data,Austin Police Department,FALSE,No Data,No Data,13-1131663,Austin,No,No,Travis,0,0,1,0,0,Non-Incapacitating Injury,1952,1,2,2013,Tuesday,Pedalcyclist,No Data,N/A,Non Intersection,30.20663492,"Dark, Lighted",-97.85953822,One Motor Vehicle - Going Straight,No Data,Not Applicable,No Data,Not Applicable,"250,000 Pop And Over",No,NONE,No Data,City Street,"Straight, Level",Main/Proper Lane,On Roadway,No Data,40,DAVIS LN,5000,Dry,Center Stripe/Divider,Cloudy,Unknown If Worn,Pedalcyclist
13245022,Yes,No,No Data,Austin Police Department,FALSE,No Data,No Data,13-1130559,Austin,No,No,Travis,0,0,1,1,0,Non-Incapacitating Injury,906,1,0,2013,Tuesday,Pedalcyclist,No Data,N/A,Driveway Access,30.29115888,Daylight,-97.72705509,One Motor Vehicle - Turning Left,No Data,One Vehicle Leaving Driveway,No Data,Entrance To Or Exit From Private Property Or Driveway,"250,000 Pop And Over",No,NONE,No Data,City Street,"Straight, Grade",Main/Proper Lane,On Roadway,No Data,35,RED RIVER ST,3215,Dry,Bike Lane,Clear,"Worn, Not Damaged",Pedalcyclist
13268481,Yes,No,No Data,Austin Police Department,TRUE,No Data,No Data,131131189,Austin,No,No,Travis,0,0,0,1,1,Possible Injury,1527,1,0,2013,Tuesday,Pedalcyclist,No Data,MEDICAL ARTS ST,Intersection,30.28837477,Daylight,-97.72909247,One Motor Vehicle - Turning Right,No Data,Attention Diverted From Driving,No Data,Not Applicable,"250,000 Pop And Over",No,NONE,No Data,City Street,"Straight, Grade",Main/Proper Lane,On Roadway,No Data,0,E DEAN KEETON ST,824,Dry,Signal Light,Clear,Unknown If Worn,Pedalcyclist
13300696,No,No,No Data,Austin Police Department,TRUE,No Data,No Data,131150457,Austin,No,No,Travis,0,0,1,0,0,Non-Incapacitating Injury,837,1,1,2013,Thursday,Pedalcyclist,No Data,DUVAL ST,Intersection Related,30.30699477,Daylight,-97.72457247,One Motor Vehicle - Turning Right,No Data,Not Applicable,No Data,Not Applicable,"250,000 Pop And Over",No,NONE,No Data,City Street,"Straight, Level",Main/Proper Lane,On Roadway,No Data,30,E 45TH ST,NO DATA,Dry,Signal Light,Cloudy,Not Worn,Pedalcyclist
13255080,No,No,No Data,Austin Police Department,FALSE,No Data,No Data,131161187,Austin,No,No,Travis,0,0,1,1,0,Non-Incapacitating Injury,1540,1,0,2013,Friday,Pedalcyclist,No Data,W 7TH ST,Intersection Related,30.26912463,Daylight,-97.74241165,One Motor Vehicle - Going Straight,No Data,Attention Diverted From Driving,No Data,Not Applicable,"250,000 Pop And Over",No,NONE,No Data,City Street,"Straight, Level",Main/Proper Lane,On Roadway,No Data,25,CONGRESS AVE,715,Dry,Signal Light,Clear,Not Worn,Pedalcyclist
13255081,No,No,No Data,Austin Police Department,FALSE,No Data,No Data,131161345,Austin,No,No,Travis,0,0,1,4,0,Non-Incapacitating Injury,1616,1,0,2013,Friday,Pedalcyclist,No Data,N/A,Non Intersection,30.19892943,Daylight,-97.77650793,One Motor Vehicle - Going Straight,No Data,Vehicle Changing Lanes,No Data,Not Applicable,"250,000 Pop And Over",No,NONE,No Data,City Street,"Straight, Level",Main/Proper Lane,On Roadway,No Data,45,S CONGRESS AVE,6234,Wet,Center Stripe/Divider,Rain,Not Worn,Pedalcyclist
13254137,Yes,No,No Data,Austin Police Department,FALSE,No Data,No Data,13-1171208,Austin,No,No,Travis,0,0,0,3,0,Not Injured,1529,0,1,2013,Saturday,Pedalcyclist,No Data,N/A,Non Intersection,30.24050579,Daylight,-97.76065523,One Motor Vehicle - Going Straight,No Data,Not Applicable,No Data,Not Applicable,"250,000 Pop And Over",No,NONE,No Data,City Street,"Straight, Level",Main/Proper Lane,On Roadway,No Data,35,S 1ST ST,2523,Dry,Marked Lanes,Cloudy,Not Worn,Pedalcyclist
13276766,No,No,21351,Austin Police Department,TRUE,21351,2014,13-1180041,Austin,No,No,Travis,0,0,0,1,1,Possible Injury,15,1,0,2013,Sunday,Pedalcyclist,State Loop,CONGRESS AVE,Intersection,30.26339563,"Dark, Lighted",-97.74449683,One Motor Vehicle - Turning Left,4,Attention Diverted From Driving,10,Not Applicable,"250,000 Pop And Over",No,NONE,80,US & State Highways,"Straight, Level",Main/Proper Lane,On Roadway,"4 Or More Lanes, Undivided",30,SL0343,100,Dry,Signal Light,Clear,Not Worn,Pedalcyclist
13300788,Yes,No,No Data,Austin Police Department,TRUE,No Data,No Data,13-1191225,Austin,No,No,Travis,0,0,1,1,0,Non-Incapacitating Injury,1656,1,0,2013,Monday,Pedalcyclist,No Data,N/A,Driveway Access,30.34303476,Daylight,-97.72502246,One Motor Vehicle - Turning Right,No Data,One Vehicle Entering Driveway,No Data,Entrance To Or Exit From Private Property Or Driveway,"250,000 Pop And Over",No,NONE,No Data,City Street,"Straight, Level",Main/Proper Lane,On Roadway,No Data,0,WOODROW AVE,7201,Dry,None,Clear,"Worn, Not Damaged",Pedalcyclist
13254083,No,No,No Data,Austin Police Department,FALSE,No Data,No Data,131201747,Austin,No,No,Travis,0,0,1,1,0,Non-Incapacitating Injury,2019,1,0,2013,Tuesday,Pedalcyclist,No Data,N/A,Driveway Access,No Data,"Dark, Lighted",No Data,One Motor Vehicle - Turning Right,No Data,One Vehicle Leaving Driveway,No Data,In A Parking Lot,"250,000 Pop And Over",Yes,NONE,No Data,Non Trafficway,"Straight, Level",Main/Proper Lane,Not Applicable,No Data,35,E BEN WHITE WB BLVD,NO DATA,Dry,Stop Sign,Clear,Not Worn,Pedalcyclist
13267677,No,No,113017,Austin Police Department,TRUE,113017,2014,13-1210550,Austin,No,No,Travis,0,0,0,2,1,Possible Injury,842,1,0,2013,Wednesday,Pedalcyclist,US Highway,PAYLOAD PASS,Intersection,30.21930022,Daylight,-97.75676212,One Motor Vehicle - Turning Right,6,Not Applicable,10,Not Applicable,"250,000 Pop And Over",No,NONE,380,US & State Highways,"Straight, Level",Service/Frontage Road,On Roadway,"4 Or More Lanes, Divided",45,US0290,NO DATA,Dry,None,Clear,Not Worn,Pedalcyclist
13268101,No,No,No Data,Austin Police Department,FALSE,No Data,No Data,13-1211632,Austin,No,No,Travis,0,0,0,1,1,Possible Injury,1931,1,0,2013,Wednesday,Pedalcyclist,No Data,E STASSNEY LN,Intersection Related,30.19500029,Daylight,-97.75815539,One Motor Vehicle - Going Straight,No Data,Not Applicable,No Data,Not Applicable,"250,000 Pop And Over",No,NONE,No Data,City Street,"Straight, Level",Main/Proper Lane,On Roadway,No Data,35,PONCIANA DR,NO DATA,Dry,Stop Sign,Clear,Not Worn,Pedalcyclist
13268427,No,No,No Data,Austin Police Department,FALSE,No Data,No Data,13-1231189,Austin,No,No,Travis,0,0,1,1,0,Non-Incapacitating Injury,1453,1,0,2013,Friday,Pedalcyclist,No Data,N/A,Non Intersection,30.22805977,Daylight,-97.77508116,One Motor Vehicle - Going Straight,No Data,Not Applicable,No Data,Not Applicable,"250,000 Pop And Over",No,NONE,No Data,City Street,"Curve, Grade",Service/Frontage Road,On Roadway,No Data,45,W BEN WHITE BLVD,1000,Dry,Stop Sign,Clear,Not Worn,Pedalcyclist
13267549,Yes,No,No Data,Austin Police Department,FALSE,No Data,No Data,13-1240501,Austin,No,No,Travis,0,0,1,0,0,Non-Incapacitating Injury,617,1,1,2013,Saturday,Pedalcyclist,No Data,N/A,Non Intersection,30.24283522,"Dark, Unknown Lighting",-97.71700341,One Motor Vehicle - Going Straight,No Data,Not Applicable,No Data,Not Applicable,"250,000 Pop And Over",No,NONE,No Data,City Street,"Straight, Grade",Main/Proper Lane,On Roadway,No Data,0,S PLEASANT VALLEY RD,963,Dry,Marked Lanes,Clear,Not Worn,Pedalcyclist
13300797,No,No,No Data,Austin Police Department,TRUE,No Data,No Data,131241043,Austin,No,No,Travis,0,0,1,0,0,Non-Incapacitating Injury,10,1,1,2013,Saturday,Pedalcyclist,No Data,NUECES ST,Intersection,30.26961478,"Dark, Lighted",-97.74842246,One Motor Vehicle - Going Straight,No Data,Attention Diverted From Driving,No Data,Not Applicable,"250,000 Pop And Over",No,NONE,No Data,City Street,"Straight, Level",Main/Proper Lane,On Roadway,No Data,35,W 6TH ST,600,Dry,Signal Light,Clear,Not Worn,Pedalcyclist
13267586,Yes,No,No Data,Austin Police Department,TRUE,No Data,No Data,131251655,Austin,No,No,Travis,0,1,0,1,0,Incapacitating Injury,2046,1,0,2013,Sunday,Pedalcyclist,No Data,CEDARDALE DR,Intersection,30.20630479,"Dark, Not Lighted",-97.77961246,One Motor Vehicle - Going Straight,No Data,Attention Diverted From Driving,No Data,Not Applicable,"250,000 Pop And Over",No,BICYCLE,No Data,City Street,"Curve, Grade",Main/Proper Lane,On Roadway,No Data,30,BRAMBLE DR,500,Dry,None,Clear,Not Worn,Pedalcyclist
13267596,No,No,No Data,Austin Police Department,TRUE,No Data,No Data,13-1251058,Austin,No,No,Travis,0,0,1,1,0,Non-Incapacitating Injury,1430,1,0,2013,Sunday,Pedalcyclist,No Data,OVERBROOK DR,Intersection,30.30053477,Daylight,-97.68416248,One Motor Vehicle - Going Straight,No Data,Not Applicable,No Data,Not Applicable,"250,000 Pop And Over",No,NONE,No Data,City Street,"Straight, Grade",Main/Proper Lane,On Roadway,No Data,25,PECAN SPRINGS RD,2908,Dry,Stop Sign,Clear,Not Worn,Pedalcyclist
13276615,Yes,No,No Data,Austin Police Department,TRUE,No Data,No Data,131250595,Austin,No,No,Travis,0,0,1,1,0,Non-Incapacitating Injury,806,1,0,2013,Sunday,Pedalcyclist,No Data,UNKNOWN,Intersection,30.24175107,Daylight,-97.81582798,One Motor Vehicle - Turning Right,No Data,Not Applicable,No Data,Not Applicable,"250,000 Pop And Over",No,NONE,No Data,US & State Highways,"Straight, Hillcrest",Service/Frontage Road,On Roadway,No Data,45,GAINES RANCH LOOP,4400,Dry,Stop Sign,Clear,"Worn, Unk Damage",Pedalcyclist
13267605,No,No,No Data,Austin Police Department,FALSE,No Data,No Data,13-1260844,Austin,No,No,Travis,0,0,1,3,0,Non-Incapacitating Injury,1204,1,0,2013,Monday,Pedalcyclist,No Data,N/A,Driveway Access,No Data,Daylight,No Data,One Motor Vehicle - Going Straight,No Data,One Vehicle Leaving Driveway,No Data,In A Parking Lot,"250,000 Pop And Over",Yes,NONE,No Data,Non Trafficway,"Straight, Level",Other (Explain In Narrative),Not Applicable,No Data,0,N LAMAR BLVD,NO DATA,Dry,Other (Explain In Narrative),Clear,Unknown If Worn,Pedalcyclist
13276649,No,No,No Data,Austin Police Department,FALSE,No Data,No Data,131271274,Austin,No,No,Travis,0,0,1,1,0,Non-Incapacitating Injury,1625,1,0,2013,Tuesday,Pedalcyclist,No Data,N/A,Driveway Access,30.3577326,Daylight,-97.73039988,One Motor Vehicle - Going Straight,No Data,One Vehicle Leaving Driveway,No Data,Entrance To Or Exit From Private Property Or Driveway,"250,000 Pop And Over",No,NONE,No Data,Farm To Market,"Straight, Level",Other (Explain In Narrative),On Roadway,No Data,0,BURNET RD,7953,Dry,None,Clear,"Worn, Not Damaged",Pedalcyclist
13302425,Yes,No,No Data,Austin Police Department,FALSE,No Data,No Data,13-1300910,Austin,No,No,Travis,0,0,1,1,0,Non-Incapacitating Injury,1239,1,0,2013,Friday,Pedalcyclist,No Data,W 45TH ST,Intersection Related,30.317462,Daylight,-97.74608791,One Motor Vehicle - Going Straight,No Data,Attention Diverted From Driving,No Data,Not Applicable,"250,000 Pop And Over",No,NONE,No Data,City Street,"Straight, Level",Main/Proper Lane,On Roadway,No Data,35,SHOAL CREEK BLVD,4502,Dry,Stop Sign,Clear,"Worn, Not Damaged",Pedalcyclist
13276515,No,No,No Data,Austin Police Department,TRUE,No Data,No Data,13-1330366,Austin,No,No,Travis,0,0,1,2,0,Non-Incapacitating Injury,705,1,0,2013,Monday,Pedalcyclist,No Data,GEORGIAN DR,Intersection,No Data,Daylight,No Data,One Motor Vehicle - Turning Right,No Data,Not Applicable,No Data,Not Applicable,"250,000 Pop And Over",No,NONE,No Data,City Street,"Straight, Level",Service/Frontage Road,On Roadway,No Data,30,E ANDERSON SVRD WB LN,NO DATA,Dry,Signal Light,Clear,Not Worn,Pedalcyclist
13276516,Yes,No,No Data,Austin Police Department,TRUE,No Data,No Data,13-1330499,Austin,No,No,Travis,0,0,1,1,0,Non-Incapacitating Injury,1013,1,0,2013,Monday,Pedalcyclist,No Data,WESTMINSTER DR,Intersection,30.30010477,Daylight,-97.68587248,One Motor Vehicle - Turning Left,No Data,Not Applicable,No Data,Not Applicable,"250,000 Pop And Over",No,NONE,No Data,City Street,"Straight, Hillcrest",Main/Proper Lane,On Roadway,No Data,35,MANOR RD,NO DATA,Dry,Marked Lanes,Clear,Not Worn,Pedalcyclist
13326850,No,No,20818,Austin Police Department,TRUE,20818,2014,131341643,Austin,No,No,Travis,0,0,1,1,0,Non-Incapacitating Injury,1913,1,0,2013,Tuesday,Pedalcyclist,State Loop,SH0045,Intersection,30.18087117,Daylight,-97.88174628,One Motor Vehicle - Turning Left,4,Not Applicable,10,Not Applicable,"250,000 Pop And Over",No,NONE,500,US & State Highways,"Straight, Level",Main/Proper Lane,On Roadway,"4 Or More Lanes, Divided",65,SL0001,NO DATA,Dry,Stop Sign,Clear,"Worn, Unk Damage",Pedalcyclist
13292191,Yes,No,22775,Austin Police Department,TRUE,22775,2014,131361959,Austin,No,No,Travis,0,1,0,1,0,Incapacitating Injury,2158,1,0,2013,Thursday,Pedalcyclist,State Loop,E 12TH ST,Intersection Related,30.2768416,"Dark, Lighted",-97.7003275,One Motor Vehicle - Turning Left,4,Not Applicable,2,Not Applicable,"250,000 Pop And Over",No,NONE,160,US & State Highways,"Straight, Level",Main/Proper Lane,On Roadway,"4 Or More Lanes, Undivided",0,SL0111,1199,Dry,Signal Light,Clear,Not Worn,Pedalcyclist
13300621,No,No,172066,Austin Police Department,TRUE,172066,2014,131361304,Austin,No,No,Travis,0,0,1,1,0,Non-Incapacitating Injury,1630,1,0,2013,Thursday,Pedalcyclist,Interstate,REINLI ST,Intersection Related,30.31866845,Daylight,-97.70725807,One Motor Vehicle - Going Straight,8,Not Applicable,10,Not Applicable,"250,000 Pop And Over",No,NONE,300,Interstate,"Straight, Level",Service/Frontage Road,On Roadway,"4 Or More Lanes, Divided",45,IH0035,NO DATA,Dry,Stop Sign,Clear,Not Worn,Pedalcyclist
13292026,No,No,No Data,Austin Police Department,FALSE,No Data,No Data,131371464,Austin,No,No,Travis,0,1,0,1,0,Incapacitating Injury,1718,1,0,2013,Friday,Pedalcyclist,No Data,N/A,Driveway Access,No Data,Daylight,No Data,One Motor Vehicle - Going Straight,No Data,One Vehicle Leaving Driveway,No Data,Entrance To Or Exit From Private Property Or Driveway,"250,000 Pop And Over",No,NONE,No Data,Non Trafficway,"Straight, Hillcrest",Main/Proper Lane,On Roadway,No Data,40,S LAMAR BLVD,NO DATA,Dry,None,Clear,Not Worn,Pedalcyclist
13292067,No,No,No Data,Austin Police Department,TRUE,No Data,No Data,131370568,Austin,No,No,Travis,0,0,1,1,0,Non-Incapacitating Injury,901,1,0,2013,Friday,Pedalcyclist,No Data,MARY ST E,Intersection,30.24515478,Daylight,-97.75132246,One Motor Vehicle - Going Straight,No Data,Attention Diverted From Driving,No Data,Not Applicable,"250,000 Pop And Over",No,BICYCLE,No Data,City Street,"Straight, Hillcrest",Main/Proper Lane,On Roadway,No Data,0,CONGRESS AVE S,1899,Dry,Signal Light,Clear,Not Worn,Pedalcyclist
13326894,No,No,No Data,Austin Police Department,FALSE,No Data,No Data,131371983,Austin,No,No,Travis,0,0,1,1,0,Non-Incapacitating Injury,2130,1,0,2013,Friday,Pedalcyclist,No Data,N/A,Driveway Access,No Data,"Dark, Not Lighted",No Data,One Motor Vehicle - Going Straight,No Data,One Vehicle Leaving Driveway,No Data,Entrance To Or Exit From Private Property Or Driveway,"250,000 Pop And Over",No,NONE,No Data,Non Trafficway,"Straight, Level",Other (Explain In Narrative),Off Roadway,No Data,0,W SLAUGHTER LN,NO DATA,Dry,None,Cloudy,Unknown If Worn,Pedalcyclist
13292210,No,No,180878,Austin Police Department,FALSE,180878,2014,13-1380985,Austin,No,No,Travis,0,0,1,1,0,Non-Incapacitating Injury,1251,1,0,2013,Saturday,Pedalcyclist,Interstate,E 38TH ST,Intersection,30.29422111,Daylight,-97.72004537,One Motor Vehicle - Turning Right,8,Attention Diverted From Driving,10,Not Applicable,"250,000 Pop And Over",No,NONE,310,Interstate,"Straight, Level",Service/Frontage Road,On Roadway,"4 Or More Lanes, Divided",35,IH0035,NO DATA,Dry,Signal Light,Clear,"Worn, Not Damaged",Pedalcyclist
13292219,No,No,No Data,Austin Police Department,TRUE,No Data,No Data,131380751,Austin,Yes,No,Travis,0,1,0,2,0,Incapacitating Injury,1005,1,0,2013,Saturday,Pedalcyclist,No Data,E 5TH ST,Intersection,30.25659478,Daylight,-97.71110247,One Motor Vehicle - Going Straight,No Data,Construction - Within Posted Road Construction Zone (Not Related To Crash),No Data,Not Applicable,"250,000 Pop And Over",No,NONE,No Data,City Street,"Straight, Level",Main/Proper Lane,On Roadway,No Data,0,PLEASANT VALLEY RD N,501,Dry,Signal Light,Clear,"Worn, Damaged",Pedalcyclist
13326869,No,No,No Data,Austin Police Department,FALSE,No Data,No Data,131390459,Austin,No,No,Travis,0,0,1,0,0,Non-Incapacitating Injury,425,1,1,2013,Sunday,Pedalcyclist,No Data,N/A,Non Intersection,30.24057538,"Dark, Lighted",-97.72680371,One Motor Vehicle - Going Straight,No Data,Attention Diverted From Driving,No Data,Not Applicable,"250,000 Pop And Over",No,NONE,No Data,City Street,"Straight, Level",Main/Proper Lane,On Roadway,No Data,35,TINNIN FORD RD,1570,Dry,Marked Lanes,Clear,Not Worn,Pedalcyclist
13301395,Yes,No,No Data,Austin Police Department,TRUE,No Data,No Data,13-1401196,Austin,No,No,Travis,0,1,0,1,0,Incapacitating Injury,1708,1,0,2013,Monday,Pedalcyclist,No Data,UNKNOWN,Intersection,30.32295515,Daylight,-97.72822149,One Motor Vehicle - Going Straight,No Data,Not Applicable,No Data,Not Applicable,"250,000 Pop And Over",No,NONE,No Data,City Street,"Straight, Level",Main/Proper Lane,On Roadway,No Data,35,N LAMAR BLVD,NO DATA,Dry,Marked Lanes,Clear,Not Worn,Pedalcyclist
13292207,No,No,44866,Austin Police Department,TRUE,44866,2014,131411321,Austin,No,No,Travis,0,0,0,2,1,Possible Injury,1718,1,0,2013,Tuesday,Pedalcyclist,State Loop,RM2244,Intersection,30.32279101,Daylight,-97.81431652,One Motor Vehicle - Turning Right,4,Attention Diverted From Driving,10,Not Applicable,"250,000 Pop And Over",No,NONE,350,US & State Highways,"Straight, Hillcrest",Main/Proper Lane,On Roadway,"4 Or More Lanes, Divided",60,SL0360,NO DATA,Dry,Stop Sign,Clear,"Worn, Not Damaged",Pedalcyclist
13300659,No,No,44866,Austin Police Department,FALSE,44866,2014,13-1420350,Austin,No,No,Travis,0,0,1,2,0,Non-Incapacitating Injury,734,1,0,2013,Wednesday,Pedalcyclist,State Loop,N/A,Non Intersection,30.3218326,Daylight,-97.81545545,One Motor Vehicle - Going Straight,4,Attention Diverted From Driving,10,Not Applicable,"250,000 Pop And Over",No,NONE,350,US & State Highways,"Straight, Grade",Main/Proper Lane,Shoulder,"4 Or More Lanes, Divided",60,SL0360,NO DATA,Dry,Marked Lanes,Clear,"Worn, Damaged",Pedalcyclist
13424566,No,No,No Data,Austin Police Department,FALSE,No Data,No Data,13-142-1539,Austin,No,No,Travis,0,1,0,1,0,Incapacitating Injury,1904,1,0,2013,Wednesday,Pedalcyclist,No Data,N/A,Driveway Access,30.2364044,Daylight,-97.72926181,One Motor Vehicle - Turning Left,No Data,One Vehicle Entering Driveway,No Data,Entrance To Or Exit From Private Property Or Driveway,"250,000 Pop And Over",No,NONE,No Data,City Street,"Straight, Grade",Main/Proper Lane,On Roadway,No Data,35,WOODLAND AVE,2083,Dry,None,Clear,"Worn, Unk Damage",Pedalcyclist
13300610,Yes,No,22725,Austin Police Department,FALSE,22725,2014,131431424,Austin,No,No,Travis,0,0,0,4,0,Not Injured,1734,0,0,2013,Thursday,Motor Vehicle In Transport,Ranch To Mkt,N/A,Non Intersection,30.34668654,Daylight,-97.78479004,Same Direction - Both Going Straight-Rear End,4,"Slowing/Stopping-For Pedestrian, Pedalcyclist, etc. In Road",0,Not Applicable,"250,000 Pop And Over",No,NONE,100,Farm To Market,"Curve, Hillcrest",Main/Proper Lane,On Roadway,"4 Or More Lanes, Undivided",45,RM2222,4868,Dry,None,Cloudy,"Worn, Not Damaged",Pedalcyclist
13384355,No,No,22613,Austin Police Department,FALSE,22613,2014,13-1431201,Austin,No,No,Travis,0,0,1,1,0,Non-Incapacitating Injury,1555,1,0,2013,Thursday,Pedalcyclist,State Loop,N/A,Driveway Access,30.26337111,Daylight,-97.7444061,One Motor Vehicle - Turning Left,4,One Vehicle Entering Driveway,10,Entrance To Or Exit From Private Property Or Driveway,"250,000 Pop And Over",No,NONE,80,US & State Highways,"Straight, Level",Main/Proper Lane,On Roadway,"4 Or More Lanes, Undivided",35,SL0343,100,Dry,None,Clear,"Worn, Not Damaged",Pedalcyclist
13393212,Yes,No,No Data,Austin Police Department,TRUE,No Data,No Data,131431458,Austin,No,No,Travis,0,0,1,1,0,Non-Incapacitating Injury,1753,1,0,2013,Thursday,Pedalcyclist,No Data,CESAR CHAVEZ ST E,Intersection,30.25344478,Daylight,-97.71412247,One Motor Vehicle - Turning Left,No Data,Not Applicable,No Data,Not Applicable,"250,000 Pop And Over",No,NONE,No Data,City Street,"Straight, Level",Main/Proper Lane,On Roadway,No Data,35,LLANO ST,99,Dry,Stop Sign,Clear,"Worn, Unk Damage",Pedalcyclist
13301357,No,No,No Data,Austin Police Department,FALSE,No Data,No Data,131470996,Austin,No,No,Travis,0,0,1,0,0,Non-Incapacitating Injury,1358,1,1,2013,Monday,Pedalcyclist,No Data,CAMERON RD,Intersection Related,30.30902914,Daylight,-97.70965322,One Motor Vehicle - Going Straight,No Data,Not Applicable,No Data,Not Applicable,"250,000 Pop And Over",No,NONE,No Data,City Street,"Straight, Level",Main/Proper Lane,On Roadway,No Data,0,E 51ST ST,NO DATA,Dry,Signal Light,Clear,Not Worn,Pedalcyclist