Crash ID,$1000 Damage to Any One Person's Property,Active School Zone Flag,Adjusted Average Daily Traffic Amount,Agency,At Intersection Flag,Average Daily Traffic Amount,Average Daily Traffic Year,Case ID,City,Construction Zone Flag,Construction Zone Workers Present Flag,County,Crash Death Count,Crash Incapacitating Injury Count,Crash Non-incapacitating Injury Count,Crash Not Injured Count,Crash Possible Injury Count,Crash Severity,Crash Time,Crash Total Injury Count,Crash Unknown Injury Count,Crash Year,Day of Week,First Harmful Event,Highway System,Intersecting Street Name,Intersection Related,Latitude,Light Condition,Longitude,Manner of Collision,Number of Lanes,Other Factor,Outside Shoulder Width on Divided Highway,Physical Feature 1,Population Group,Private Drive Flag,Property Damages,Right of Way Usual Width,Road Class,Roadway Alignment,Roadway Part,Roadway Relation,Roadway Type,Speed Limit,Street Name,Street Number,Surface Condition,Traffic Control Type,Weather Condition,Person Helmet,Person Type
13366569,Yes,No,No Data,Austin Police Department,TRUE,No Data,No Data,131930715,Austin,No,No,Travis,0,0,1,1,0,Non-Incapacitating Injury,1012,1,0,2013,Friday,Pedalcyclist,No Data,SINCLAIR AVE,Intersection,30.31203477,Daylight,-97.74720246,One Motor Vehicle - Going Straight,No Data,Not Applicable,No Data,Not Applicable,"250,000 Pop And Over",No,NONE,No Data,City Street,"Straight, Level",Main/Proper Lane,On Roadway,No Data,36,W 41ST ST,1700,Dry,Stop Sign,Clear,"Worn, Not Damaged",Pedalcyclist
13366571,No,No,No Data,Austin Police Department,TRUE,No Data,No Data,13-1930912,Austin,No,No,Travis,0,0,1,5,0,Non-Incapacitating Injury,1206,1,0,2013,Friday,Pedalcyclist,No Data,RIO GRANDE ST,Intersection,30.28793478,Daylight,-97.74463246,One Motor Vehicle - Turning Left,No Data,Not Applicable,No Data,Not Applicable,"250,000 Pop And Over",No,NONE,No Data,City Street,"Straight, Level",Main/Proper Lane,On Roadway,No Data,30,W 24TH ST,700,Dry,Signal Light,Clear,"Worn, Damaged",Pedalcyclist
13416973,Yes,No,No Data,Austin Police Department,TRUE,No Data,No Data,13-1931042,Austin,No,No,Travis,0,0,0,1,1,Possible Injury,1311,1,0,2013,Friday,Pedalcyclist,No Data,GUADALUPE ST,Intersection,30.27367478,Daylight,-97.74456246,One Motor Vehicle - Going Straight,No Data,Not Applicable,No Data,Not Applicable,"250,000 Pop And Over",No,NONE,No Data,City Street,"Straight, Level",Main/Proper Lane,On Roadway,No Data,30,W 11TH ST,400,Dry,Signal Light,Clear,Not Worn,Pedalcyclist
13389451,No,No,No Data,Austin Police Department,FALSE,No Data,No Data,131950423,Austin,No,No,Travis,0,0,1,2,0,Non-Incapacitating Injury,418,1,0,2013,Sunday,Pedalcyclist,No Data,GENE JOHNSON ST,Intersection Related,30.30837374,"Dark, Lighted",-97.71563566,One Motor Vehicle - Going Straight,No Data,Vehicle Changing Lanes,No Data,Not Applicable,"250,000 Pop And Over",No,NONE,No Data,City Street,"Straight, Level",Main/Proper Lane,On Roadway,No Data,40,AIRPORT BLVD,4803,Dry,Marked Lanes,Clear,Not Worn,Pedalcyclist
13389392,No,No,34215,Austin Police Department,TRUE,34215,2014,13-1960645,Austin,No,No,Travis,0,0,1,1,0,Non-Incapacitating Injury,1110,1,0,2013,Monday,Pedalcyclist,State Loop,SL0360,Intersection Related,30.24433907,Daylight,-97.78131563,One Motor Vehicle - Turning Left,4,Not Applicable,0,Not Applicable,"250,000 Pop And Over",No,NONE,80,US & State Highways,"Straight, Level",Main/Proper Lane,On Roadway,"4 Or More Lanes, Undivided",30,SL0343,2802,Wet,Signal Light,Rain,Not Worn,Pedalcyclist
13416951,No,No,No Data,Austin Police Department,TRUE,No Data,No Data,13-1971706,Austin,No,No,Travis,0,0,0,2,0,Not Injured,2100,0,0,2013,Tuesday,Pedalcyclist,No Data,UNKNOWN,Intersection Related,30.37210476,"Dark, Lighted",-97.70319247,One Motor Vehicle - Going Straight,No Data,Not Applicable,No Data,Not Applicable,"250,000 Pop And Over",No,NONE,No Data,City Street,"Straight, Level",Main/Proper Lane,On Roadway,No Data,0,PARKFIELD DR,9799,Wet,Stop Sign,Rain,Unknown If Worn,Pedalcyclist
13417060,No,No,No Data,Austin Police Department,FALSE,No Data,No Data,131970752,Austin,No,No,Travis,0,0,1,0,1,Non-Incapacitating Injury,1227,2,0,2013,Tuesday,Pedalcyclist,No Data,N/A,Non Intersection,30.21921794,Daylight,-97.74380878,One Motor Vehicle - Going Straight,No Data,Not Applicable,No Data,Not Applicable,"250,000 Pop And Over",No,BICYCLE,No Data,City Street,"Curve, Grade",Main/Proper Lane,On Roadway,No Data,30,WOODWARD ST,1921,Dry,None,Clear,Unknown If Worn,Pedalcyclist
13417029,No,No,No Data,Austin Police Department,TRUE,No Data,No Data,13-1991488,Austin,No,No,Travis,0,0,1,3,0,Non-Incapacitating Injury,1806,1,0,2013,Thursday,Pedalcyclist,No Data,N/A,Driveway Access,30.26606478,Daylight,-97.76887246,One Motor Vehicle - Turning Left,No Data,One Vehicle Entering Driveway,No Data,Entrance To Or Exit From Private Property Or Driveway,"250,000 Pop And Over",No,NONE,No Data,City Street,"Straight, Level",Main/Proper Lane,On Roadway,No Data,35,BARTON SPRINGS RD,NO DATA,Dry,Bike Lane,Clear,"Worn, Not Damaged",Pedalcyclist
13384869,No,No,No Data,Austin Police Department,FALSE,No Data,No Data,13-2001044,Austin,No,No,Travis,0,0,1,1,0,Non-Incapacitating Injury,103,1,0,2013,Friday,Pedalcyclist,No Data,N/A,Non Intersection,30.30132477,Daylight,-97.73523246,One Motor Vehicle - Going Straight,No Data,Not Applicable,No Data,Not Applicable,"250,000 Pop And Over",No,NONE,No Data,City Street,"Straight, Level",Main/Proper Lane,On Roadway,No Data,40,W 38TH ST,300,Dry,None,Clear,"Worn, Damaged",Pedalcyclist
13521486,Yes,No,29839,Austin Police Department,FALSE,29839,2014,13-2001296,Austin,No,No,Travis,0,0,2,1,0,Non-Incapacitating Injury,1544,2,1,2013,Friday,Motor Vehicle In Transport,State Loop,N/A,Driveway Access,30.35768148,Daylight,-97.70006534,Angle - Both Going Straight,4,One Vehicle Leaving Driveway,0,Entrance To Or Exit From Private Property Or Driveway,"250,000 Pop And Over",No,DAIRY QUEEN SIGN,125,US & State Highways,"Straight, Level",Main/Proper Lane,On Roadway,"4 Or More Lanes, Undivided",45,SL0275,8838,Dry,None,Clear,Unknown If Worn,Pedalcyclist
13811981,Yes,No,No Data,Austin Police Department,FALSE,No Data,No Data,132002050,Austin,No,No,Travis,0,0,0,1,0,Not Injured,2226,0,1,2013,Friday,Pedalcyclist,No Data,N/A,Non Intersection,30.26567374,"Dark, Lighted",-97.74633934,One Motor Vehicle - Going Straight,No Data,Not Applicable,No Data,Not Applicable,"250,000 Pop And Over",No,NONE,No Data,City Street,"Straight, Level",Main/Proper Lane,On Roadway,No Data,0,LAVACA ST,273,Dry,None,Clear,Unknown If Worn,Pedalcyclist
13385021,Yes,No,No Data,Austin Police Department,TRUE,No Data,No Data,13-2021027,Austin,No,No,Travis,0,0,1,1,0,Non-Incapacitating Injury,1457,1,0,2013,Sunday,Pedalcyclist,No Data,UNKNOWN,Intersection,30.22111479,Daylight,-97.87322243,One Motor Vehicle - Going Straight,No Data,Not Applicable,No Data,Not Applicable,"250,000 Pop And Over",No,NONE,No Data,City Street,"Straight, Level",Main/Proper Lane,On Roadway,No Data,0,OASIS DR,NO DATA,Dry,Stop Sign,Clear,Unknown If Worn,Pedalcyclist
13385800,No,No,No Data,Austin Police Department,TRUE,No Data,No Data,132021551,Austin,No,No,Travis,0,0,0,0,1,Possible Injury,1930,1,1,2013,Sunday,Pedalcyclist,No Data,W SLAUGHTER LN,Intersection Related,30.1792148,"Dark, Lighted",-97.84105244,One Motor Vehicle - Going Straight,No Data,Not Applicable,No Data,Not Applicable,"250,000 Pop And Over",No,NONE,No Data,City Street,"Straight, Level",Main/Proper Lane,On Roadway,No Data,35,W GATE BLVD,NO DATA,Dry,Bike Lane,Clear,Not Worn,Pedalcyclist
13384639,No,No,No Data,Austin Police Department,FALSE,No Data,No Data,132030574,Austin,No,No,Travis,0,0,1,1,0,Non-Incapacitating Injury,949,1,0,2013,Monday,Pedalcyclist,No Data,N/A,Driveway Access,30.28843784,Daylight,-97.75160047,One Motor Vehicle - Turning Left,No Data,One Vehicle Entering Driveway,No Data,Entrance To Or Exit From Private Property Or Driveway,"250,000 Pop And Over",No,NONE,No Data,City Street,"Straight, Grade",Main/Proper Lane,On Roadway,No Data,30,W 24TH ST,1311,Dry,Center Stripe/Divider,Clear,Not Worn,Pedalcyclist
13392154,Yes,No,No Data,Austin Police Department,FALSE,No Data,No Data,13-2051034,Austin,No,No,Travis,0,0,0,3,1,Possible Injury,1322,1,0,2013,Wednesday,Pedalcyclist,No Data,UNKNOWN,Intersection,30.40005475,Daylight,-97.65262248,One Motor Vehicle - Going Straight,No Data,Attention Diverted From Driving,No Data,Not Applicable,"250,000 Pop And Over",No,NONE,No Data,City Street,"Straight, Level",Main/Proper Lane,On Roadway,No Data,45,HARRISGLENN DR,12800,Dry,None,Cloudy,Not Worn,Pedalcyclist
13416983,No,No,No Data,Austin Police Department,FALSE,No Data,No Data,13-2052033,Austin,No,No,Travis,0,0,0,1,1,Possible Injury,2302,1,0,2013,Wednesday,Pedalcyclist,No Data,N/A,Non Intersection,No Data,"Dark, Lighted",No Data,One Motor Vehicle - Going Straight,No Data,Not Applicable,No Data,In A Parking Lot,"250,000 Pop And Over",No,NONE,No Data,Non Trafficway,"Straight, Level",Other (Explain In Narrative),Not Applicable,No Data,45,E RUNDBERG LN,NO DATA,Dry,None,Clear,Unknown If Worn,Pedalcyclist
13425902,No,No,No Data,Austin Police Department,FALSE,No Data,No Data,132050761,Austin,No,No,Travis,0,0,0,1,1,Possible Injury,1103,1,0,2013,Wednesday,Pedalcyclist,No Data,N/A,Non Intersection,No Data,Daylight,No Data,One Motor Vehicle - Going Straight,No Data,"Slowing/Stopping - For Officer, Flagman, Or Traffic Control",No Data,Private Drive Or Road,"250,000 Pop And Over",Yes,NONE,No Data,Non Trafficway,"Straight, Level",Other (Explain In Narrative),Not Applicable,No Data,0,WILLIAM CANNON PRIVATE DRIVE DR,NO DATA,Dry,Signal Light,Clear,Not Worn,Pedalcyclist
13425920,No,No,No Data,Austin Police Department,FALSE,No Data,No Data,132050761,Austin,No,No,Travis,0,0,0,1,1,Possible Injury,1103,1,0,2013,Wednesday,Pedalcyclist,No Data,N/A,Non Intersection,No Data,Daylight,No Data,One Motor Vehicle - Going Straight,No Data,Attention Diverted From Driving,No Data,Private Drive Or Road,"250,000 Pop And Over",Yes,NONE,No Data,Non Trafficway,"Straight, Level",Other (Explain In Narrative),Not Applicable,No Data,0,W WILLIAM CANNON PRIVATE DRIVE DR,NO DATA,Dry,Crosswalk,Clear,Not Worn,Pedalcyclist
13448938,No,No,No Data,Austin Police Department,TRUE,No Data,No Data,132061490,Austin,No,No,Travis,0,1,0,2,0,Incapacitating Injury,1840,1,0,2013,Thursday,Pedalcyclist,No Data,YAUPON DR,Intersection,30.41002475,Daylight,-97.77689245,One Motor Vehicle - Turning Right,No Data,Not Applicable,No Data,Not Applicable,"250,000 Pop And Over",No,NONE,No Data,City Street,"Straight, Grade",Main/Proper Lane,On Roadway,No Data,30,VILLA MARIA LN,7298,Dry,Marked Lanes,Clear,Unknown If Worn,Pedalcyclist
13391977,No,No,No Data,Austin Police Department,FALSE,No Data,No Data,132070728,Austin,No,No,Travis,0,0,1,2,0,Non-Incapacitating Injury,949,1,0,2013,Friday,Pedalcyclist,No Data,N/A,Non Intersection,30.17090345,Daylight,-97.75318309,One Motor Vehicle - Going Straight,No Data,Attention Diverted From Driving,No Data,Not Applicable,"250,000 Pop And Over",No,NONE,No Data,City Street,"Straight, Grade",Main/Proper Lane,On Roadway,No Data,35,S PLEASANT VALLEY RD,NO DATA,Dry,Marked Lanes,Clear,Not Worn,Pedalcyclist
13392209,No,No,No Data,Austin Police Department,FALSE,No Data,No Data,13-2070962,Austin,No,No,Travis,0,0,0,1,1,Possible Injury,1153,1,0,2013,Friday,Pedalcyclist,No Data,N/A,Driveway Access,30.28061478,Daylight,-97.74198246,One Motor Vehicle - Turning Right,No Data,One Vehicle Entering Driveway,No Data,Entrance To Or Exit From Private Property Or Driveway,"250,000 Pop And Over",No,NONE,No Data,City Street,"Straight, Level",Main/Proper Lane,Off Roadway,No Data,35,GUADALUPE ST,1800,Dry,Center Stripe/Divider,Clear,Not Worn,Pedalcyclist
13448924,No,No,No Data,Austin Police Department,TRUE,No Data,No Data,132140791,Austin,No,No,Travis,0,0,1,1,0,Non-Incapacitating Injury,1050,1,0,2013,Friday,Pedalcyclist,No Data,S CONGRESS AVE,Intersection,No Data,Daylight,No Data,One Motor Vehicle - Going Straight,No Data,Not Applicable,No Data,Not Applicable,"250,000 Pop And Over",No,NONE,No Data,City Street,"Straight, Level",Main/Proper Lane,On Roadway,No Data,35,W ST ELMO RD,NO DATA,Dry,Signal Light,Clear,Not Worn,Pedalcyclist
13408723,No,No,No Data,Austin Police Department,TRUE,No Data,No Data,132201504,Austin,No,No,Travis,0,0,1,1,0,Non-Incapacitating Injury,1821,1,0,2013,Thursday,Pedalcyclist,No Data,RAMOS ST,Intersection,30.26121478,Daylight,-97.70666247,One Motor Vehicle - Going Straight,No Data,Not Applicable,No Data,Not Applicable,"250,000 Pop And Over",No,NONE,No Data,City Street,"Straight, Level",Main/Proper Lane,On Roadway,No Data,30,PRADO ST,3000,Dry,Stop Sign,Clear,Not Worn,Pedalcyclist
13408671,No,No,No Data,Austin Police Department,TRUE,No Data,No Data,13-2220671,Austin,No,No,Travis,0,0,1,2,0,Non-Incapacitating Injury,1008,1,0,2013,Saturday,Pedalcyclist,No Data,UNKNOWN,Intersection,30.27330861,Daylight,-97.68869065,One Motor Vehicle - Going Straight,No Data,Not Applicable,No Data,Not Applicable,"250,000 Pop And Over",No,NONE,No Data,City Street,"Straight, Grade",Main/Proper Lane,On Roadway,No Data,30,LEDESMA RD,4797,Dry,Stop Sign,Clear,Unknown If Worn,Pedalcyclist
13408672,Yes,No,No Data,Austin Police Department,FALSE,No Data,No Data,132220272,Austin,No,No,Travis,0,0,1,4,0,Non-Incapacitating Injury,227,1,0,2013,Saturday,Pedalcyclist,No Data,N/A,Non Intersection,30.24127061,"Dark, Lighted",-97.71799027,One Motor Vehicle - Going Straight,No Data,Attention Diverted From Driving,No Data,Not Applicable,"250,000 Pop And Over",No,NONE,No Data,City Street,"Straight, Level",Main/Proper Lane,On Roadway,No Data,45,S PLEASANT VALLEY RD,1128,Dry,None,Clear,Not Worn,Pedalcyclist
13438093,Yes,No,No Data,Austin Police Department,FALSE,No Data,No Data,13-2231389,Austin,No,No,Travis,0,0,1,0,0,Non-Incapacitating Injury,1925,1,2,2013,Sunday,Pedalcyclist,No Data,ABERDEEN WAY,Intersection Related,No Data,Daylight,No Data,One Motor Vehicle - Going Straight,No Data,Attention Diverted From Driving,No Data,Not Applicable,"250,000 Pop And Over",No,NONE,No Data,City Street,"Straight, Level",Main/Proper Lane,On Roadway,No Data,0,OOBIE DR,NO DATA,Dry,Stop Sign,Clear,Unknown If Worn,Pedalcyclist
13408549,No,No,No Data,Austin Police Department,FALSE,No Data,No Data,132250510,Austin,No,No,Travis,0,0,0,1,1,Possible Injury,845,1,0,2013,Tuesday,Pedalcyclist,No Data,N/A,Driveway Access,No Data,Daylight,No Data,One Motor Vehicle - Going Straight,No Data,One Vehicle Leaving Driveway,No Data,Entrance To Or Exit From Private Property Or Driveway,"250,000 Pop And Over",No,NONE,No Data,Non Trafficway,"Straight, Level",Main/Proper Lane,Off Roadway,No Data,0,BRODIE LN,NO DATA,Dry,None,Clear,"Worn, Not Damaged",Pedalcyclist
13408576,No,No,No Data,Austin Police Department,TRUE,No Data,No Data,132261702,Austin,No,No,Travis,0,0,1,1,0,Non-Incapacitating Injury,2140,1,0,2013,Wednesday,Pedalcyclist,No Data,UNKNOWN,Intersection,30.28223728,"Dark, Lighted",-97.74377082,One Motor Vehicle - Turning Left,No Data,Attention Diverted From Driving,No Data,Not Applicable,"250,000 Pop And Over",No,NONE,No Data,City Street,"Straight, Level",Main/Proper Lane,On Roadway,No Data,0,MARTIN LUTHER KING BLVD W,508,Dry,Signal Light,Clear,Unknown If Worn,Pedalcyclist
13439221,No,No,No Data,Austin Police Department,TRUE,No Data,No Data,132261702,Austin,No,No,Travis,0,0,1,1,0,Non-Incapacitating Injury,2140,1,0,2013,Wednesday,Pedalcyclist,No Data,NUECES ST ST,Intersection,No Data,"Dark, Lighted",No Data,One Motor Vehicle - Going Straight,No Data,Attention Diverted From Driving,No Data,Not Applicable,"250,000 Pop And Over",No,NONE,No Data,City Street,"Straight, Level",Main/Proper Lane,On Roadway,No Data,-1,W W MARTIN LUTHER KING JR BLVD BLVD,NO DATA,Dry,Signal Light,Clear,Unknown If Worn,Pedalcyclist
13419730,Yes,No,No Data,Austin Police Department,TRUE,No Data,No Data,132271611,Austin,No,No,Travis,0,0,2,1,0,Non-Incapacitating Injury,2114,2,0,2013,Thursday,Pedalcyclist,No Data,MONROE ST W,Intersection,30.24932478,"Dark, Lighted",-97.75517246,One Motor Vehicle - Turning Left,No Data,Not Applicable,No Data,Not Applicable,"250,000 Pop And Over",No,TANDEM BICYCLE,No Data,City Street,"Straight, Level",Main/Proper Lane,On Roadway,No Data,35,S 1ST ST,NO DATA,Wet,Marked Lanes,Rain,"Worn, Not Damaged",Pedalcyclist
13419730,Yes,No,No Data,Austin Police Department,TRUE,No Data,No Data,132271611,Austin,No,No,Travis,0,0,2,1,0,Non-Incapacitating Injury,2114,2,0,2013,Thursday,Pedalcyclist,No Data,MONROE ST W,Intersection,30.24932478,"Dark, Lighted",-97.75517246,One Motor Vehicle - Turning Left,No Data,Not Applicable,No Data,Not Applicable,"250,000 Pop And Over",No,TANDEM BICYCLE,No Data,City Street,"Straight, Level",Main/Proper Lane,On Roadway,No Data,35,S 1ST ST,NO DATA,Wet,Marked Lanes,Rain,Not Worn,Pedalcyclist
13424573,No,No,No Data,Austin Police Department,TRUE,No Data,No Data,132271564,Austin,No,No,Travis,0,0,1,1,0,Non-Incapacitating Injury,2045,1,0,2013,Thursday,Pedalcyclist,No Data,E 45TH ST,Intersection Related,30.30699477,"Dark, Lighted",-97.72457247,One Motor Vehicle - Turning Left,No Data,Not Applicable,No Data,Not Applicable,"250,000 Pop And Over",No,NONE,No Data,City Street,"Curve, Grade",Main/Proper Lane,On Roadway,No Data,0,DUVAL ST,4431,Wet,Signal Light,Rain,Unknown If Worn,Pedalcyclist
13439321,No,No,No Data,Austin Police Department,TRUE,No Data,No Data,132271564,Austin,No,No,Travis,0,0,1,1,0,Non-Incapacitating Injury,2045,1,0,2013,Thursday,Pedalcyclist,No Data,E 45TH ST,Intersection Related,30.30699477,"Dark, Lighted",-97.72457247,One Motor Vehicle - Turning Left,No Data,Not Applicable,No Data,Not Applicable,"250,000 Pop And Over",No,NONE,No Data,City Street,"Curve, Grade",Main/Proper Lane,On Roadway,No Data,-1,DUVAL ST,4431,Wet,Signal Light,Rain,Not Worn,Pedalcyclist
13463730,No,No,No Data,Austin Police Department,FALSE,No Data,No Data,132281724,Austin,No,No,Travis,0,0,1,1,0,Non-Incapacitating Injury,1936,1,0,2013,Friday,Pedalcyclist,No Data,W 6TH ST,Intersection Related,30.26962787,Daylight,-97.74841777,One Motor Vehicle - Going Straight,No Data,Not Applicable,No Data,Not Applicable,"250,000 Pop And Over",No,NONE,No Data,City Street,"Straight, Level",Main/Proper Lane,On Roadway,No Data,30,NUECES ST,602,"Sand, Mud, Dirt",Signal Light,Clear,"Worn, Not Damaged",Pedalcyclist
13424480,No,No,No Data,Austin Police Department,FALSE,No Data,No Data,132301756,Austin,No,No,Travis,0,0,1,1,0,Non-Incapacitating Injury,2237,1,0,2013,Sunday,Pedalcyclist,No Data,N/A,Non Intersection,30.36639165,"Dark, Lighted",-97.72813786,One Motor Vehicle - Going Straight,No Data,Not Applicable,No Data,Not Applicable,"250,000 Pop And Over",No,NONE,No Data,City Street,"Straight, Level",Main/Proper Lane,Off Roadway,No Data,0,BURNET RD,8506,Dry,None,Clear,"Worn, Unk Damage",Pedalcyclist
13418774,No,No,No Data,Austin Police Department,FALSE,No Data,No Data,132340346,Austin,No,No,Travis,0,0,1,1,0,Non-Incapacitating Injury,615,1,0,2013,Thursday,Pedalcyclist,No Data,N/A,Driveway Access,No Data,"Dark, Not Lighted",No Data,One Motor Vehicle - Going Straight,No Data,One Vehicle Leaving Driveway,No Data,Entrance To Or Exit From Private Property Or Driveway,"250,000 Pop And Over",No,NONE,No Data,Non Trafficway,"Straight, Level",Main/Proper Lane,Not Applicable,No Data,40,S CONGRESS AVE,NO DATA,Dry,Bike Lane,Clear,Unknown If Worn,Pedalcyclist
13446436,No,No,No Data,Austin Police Department,FALSE,No Data,No Data,132351833,Austin,No,No,Travis,0,0,1,1,0,Non-Incapacitating Injury,2111,1,0,2013,Friday,Pedalcyclist,No Data,N/A,Driveway Access,No Data,"Dark, Lighted",No Data,One Motor Vehicle - Turning Right,No Data,One Vehicle Leaving Driveway,No Data,In A Parking Lot,"250,000 Pop And Over",No,NONE,No Data,Non Trafficway,"Straight, Level",Main/Proper Lane,Not Applicable,No Data,40,S LAMAR BLVD,NO DATA,Dry,Other (Explain In Narrative),Clear,Unknown If Worn,Pedalcyclist
13478885,Yes,No,No Data,Austin Police Department,TRUE,No Data,No Data,132371302,Austin,No,No,Travis,0,0,1,1,0,Non-Incapacitating Injury,1751,1,0,2013,Sunday,Pedalcyclist,No Data,EXPOSITION BLVD,Intersection,30.28431478,Daylight,-97.77603245,One Motor Vehicle - Turning Right,No Data,Not Applicable,No Data,Not Applicable,"250,000 Pop And Over",No,NONE,No Data,City Street,"Straight, Level",Main/Proper Lane,On Roadway,No Data,35,W 8TH ST,2698,Dry,Marked Lanes,Clear,"Worn, Not Damaged",Pedalcyclist
13566002,No,No,No Data,Austin Police Department,FALSE,No Data,No Data,132370315,Austin,No,No,Travis,0,0,1,2,1,Non-Incapacitating Injury,243,2,0,2013,Sunday,Pedalcyclist,No Data,E 5TH ST,Intersection Related,30.26528995,"Dark, Lighted",-97.73759443,One Motor Vehicle - Going Straight,No Data,Attention Diverted From Driving,No Data,Not Applicable,"250,000 Pop And Over",No,NONE,No Data,City Street,"Straight, Level",Main/Proper Lane,On Roadway,No Data,30,RED RIVER ST,473,Dry,Marked Lanes,Clear,Unknown If Worn,Pedalcyclist
13566002,No,No,No Data,Austin Police Department,FALSE,No Data,No Data,132370315,Austin,No,No,Travis,0,0,1,2,1,Non-Incapacitating Injury,243,2,0,2013,Sunday,Pedalcyclist,No Data,E 5TH ST,Intersection Related,30.26528995,"Dark, Lighted",-97.73759443,One Motor Vehicle - Going Straight,No Data,Attention Diverted From Driving,No Data,Not Applicable,"250,000 Pop And Over",No,NONE,No Data,City Street,"Straight, Level",Main/Proper Lane,On Roadway,No Data,30,RED RIVER ST,473,Dry,Marked Lanes,Clear,Not Worn,Pedalcyclist
13478784,No,No,No Data,Austin Police Department,TRUE,No Data,No Data,132400788,Austin,No,No,Travis,0,0,1,1,0,Non-Incapacitating Injury,1150,1,0,2013,Wednesday,Pedalcyclist,No Data,W 13TH ST,Intersection,30.27629478,Daylight,-97.74475246,One Motor Vehicle - Going Straight,No Data,Slowing/Stopping-Reason Not Specified,No Data,Not Applicable,"250,000 Pop And Over",No,NONE,No Data,City Street,"Straight, Level",Main/Proper Lane,On Roadway,No Data,-1,SAN ANTONIO ST,1299,Dry,None,Clear,Unknown If Worn,Pedalcyclist
13467381,No,No,No Data,Austin Police Department,FALSE,No Data,No Data,132421672,Austin,No,No,Travis,0,0,1,1,0,Non-Incapacitating Injury,1640,1,0,2013,Friday,Pedalcyclist,No Data,N/A,Driveway Access,30.29775465,Daylight,-97.74130891,One Motor Vehicle - Turning Left,No Data,One Vehicle Entering Driveway,No Data,Entrance To Or Exit From Private Property Or Driveway,"250,000 Pop And Over",No,NONE,No Data,City Street,"Straight, Level",Main/Proper Lane,On Roadway,No Data,35,GUADALUPE ST,3089,Dry,None,Clear,"Worn, Not Damaged",Pedalcyclist
13439342,No,No,No Data,Austin Police Department,FALSE,No Data,No Data,132451359,Austin,No,No,Travis,0,0,0,1,1,Possible Injury,1834,1,0,2013,Monday,Pedalcyclist,No Data,N/A,Driveway Access,30.23922416,Daylight,-97.75315309,One Motor Vehicle - Going Straight,No Data,One Vehicle Leaving Driveway,No Data,Entrance To Or Exit From Private Property Or Driveway,"250,000 Pop And Over",No,NONE,No Data,City Street,"Straight, Level",Main/Proper Lane,On Roadway,No Data,35,S CONGRESS AVE,2357,Dry,Bike Lane,Clear,Not Worn,Pedalcyclist
13439364,No,No,No Data,Austin Police Department,FALSE,No Data,No Data,132461652,Austin,No,No,Travis,0,0,1,1,0,Non-Incapacitating Injury,1933,1,0,2013,Tuesday,Pedalcyclist,No Data,N/A,Driveway Access,30.18298443,Daylight,-97.85014813,One Motor Vehicle - Going Straight,No Data,One Vehicle Leaving Driveway,No Data,Entrance To Or Exit From Private Property Or Driveway,"250,000 Pop And Over",No,NONE,No Data,City Street,"Straight, Level",Main/Proper Lane,On Roadway,No Data,45,BRODIE LN,10003,Dry,None,Clear,Unknown If Worn,Pedalcyclist
13488990,No,No,No Data,Austin Police Department,FALSE,No Data,No Data,132481072,Austin,No,No,Travis,0,0,0,0,1,Possible Injury,1423,1,1,2013,Thursday,Pedalcyclist,No Data,SAN ANTONIO ST,Intersection Related,30.28777844,Daylight,-97.74253751,One Motor Vehicle - Going Straight,No Data,Not Applicable,No Data,Not Applicable,"250,000 Pop And Over",No,TREK 3700 MAROON BICYCLE,No Data,City Street,"Straight, Level",Main/Proper Lane,On Roadway,No Data,-1,W 24TH ST,494,Dry,None,Clear,Unknown If Worn,Pedalcyclist
13565930,Yes,No,No Data,Austin Police Department,TRUE,No Data,No Data,132480554,Austin,No,No,Travis,0,0,1,1,0,Non-Incapacitating Injury,856,1,0,2013,Thursday,Pedalcyclist,No Data,UNKNOWN,Intersection,30.2030748,Daylight,-97.83733246,One Motor Vehicle - Turning Left,No Data,Not Applicable,No Data,Not Applicable,"250,000 Pop And Over",No,NONE,No Data,City Street,"Straight, Level",Main/Proper Lane,On Roadway,No Data,-1,ESKEW DR,3500,Dry,Crosswalk,Clear,Not Worn,Pedalcyclist
13696930,No,No,No Data,Austin Police Department,TRUE,No Data,No Data,132481398,Austin,No,No,Travis,0,0,0,2,0,Not Injured,1742,0,0,2013,Thursday,Pedalcyclist,No Data,S LAMAR BLVD,Intersection,No Data,Daylight,No Data,One Motor Vehicle - Turning Left,No Data,Not Applicable,No Data,Not Applicable,"250,000 Pop And Over",No,NONE,No Data,City Street,"Straight, Level",Main/Proper Lane,On Roadway,No Data,-1,W W RIVERSIDE DR,NO DATA,Dry,Signal Light,Clear,Unknown If Worn,Pedalcyclist
13499462,No,No,No Data,Austin Police Department,TRUE,No Data,No Data,132520892,Austin,No,No,Travis,0,0,1,1,0,Non-Incapacitating Injury,1308,1,0,2013,Monday,Pedalcyclist,No Data,WHITIS AVE,Intersection,30.29191476,Daylight,-97.74031246,One Motor Vehicle - Going Straight,No Data,Not Applicable,No Data,Not Applicable,"250,000 Pop And Over",No,TREK NAVIGATOR 200 WHITE/RED,No Data,City Street,"Straight, Level",Main/Proper Lane,On Roadway,No Data,30,W 27TH ST,300,Dry,Marked Lanes,Cloudy,Unknown If Worn,Pedalcyclist