Crash ID,$1000 Damage to Any One Person's Property,Active School Zone Flag,Adjusted Average Daily Traffic Amount,Agency,At Intersection Flag,Average Daily Traffic Amount,Average Daily Traffic Year,Case ID,City,Construction Zone Flag,Construction Zone Workers Present Flag,County,Crash Death Count,Crash Incapacitating Injury Count,Crash Non-incapacitating Injury Count,Crash Not Injured Count,Crash Possible Injury Count,Crash Severity,Crash Time,Crash Total Injury Count,Crash Unknown Injury Count,Crash Year,Day of Week,First Harmful Event,Highway System,Intersecting Street Name,Intersection Related,Latitude,Light Condition,Longitude,Manner of Collision,Number of Lanes,Other Factor,Outside Shoulder Width on Divided Highway,Physical Feature 1,Population Group,Private Drive Flag,Property Damages,Right of Way Usual Width,Road Class,Roadway Alignment,Roadway Part,Roadway Relation,Roadway Type,Speed Limit,Street Name,Street Number,Surface Condition,Traffic Control Type,Weather Condition,Person Helmet,Person Type
13499670,No,No,No Data,Austin Police Department,TRUE,No Data,No Data,132540523,Austin,No,No,Travis,0,0,0,2,1,Possible Injury,815,1,0,2013,Wednesday,Pedalcyclist,No Data,BOLM RD,Intersection Related,30.25651478,Daylight,-97.68663248,One Motor Vehicle - Going Straight,No Data,Attention Diverted From Driving,No Data,Not Applicable,"250,000 Pop And Over",No,NONE,No Data,City Street,"Straight, Level",Main/Proper Lane,On Roadway,No Data,-1,PERRY RD,1101,Dry,Crosswalk,Clear,Not Worn,Pedalcyclist
13523479,No,No,No Data,Austin Police Department,TRUE,No Data,No Data,132550525,Austin,No,No,Travis,0,0,0,0,2,Possible Injury,845,2,0,2013,Thursday,Pedalcyclist,No Data,WALLER ST,Intersection Related,30.25630478,Daylight,-97.73425247,One Motor Vehicle - Turning Left,No Data,Not Applicable,No Data,Not Applicable,"250,000 Pop And Over",No,SILVER SCHWINN,No Data,City Street,"Straight, Level",Main/Proper Lane,On Roadway,No Data,-1,HOLLY ST,1200,Dry,Stop Sign,Clear,Not Worn,Pedalcyclist
13447808,No,No,No Data,Austin Police Department,TRUE,No Data,No Data,132560990,Austin,No,No,Travis,0,0,1,1,0,Non-Incapacitating Injury,1237,1,0,2013,Friday,Pedalcyclist,No Data,UNKNOWN,Intersection Related,30.26407478,Daylight,-97.76414246,One Motor Vehicle - Going Straight,No Data,Not Applicable,No Data,Not Applicable,"250,000 Pop And Over",No,NONE,No Data,City Street,"Straight, Level",Main/Proper Lane,On Roadway,No Data,30,BARTON BLVD,500,Dry,Stop Sign,Clear,Not Worn,Pedalcyclist
13513221,No,No,No Data,Austin Police Department,FALSE,No Data,No Data,132560572,Austin,No,No,Travis,0,0,1,3,0,Non-Incapacitating Injury,841,1,0,2013,Friday,Pedalcyclist,No Data,N/A,Driveway Access,30.3285566,Daylight,-97.75105613,One Motor Vehicle - Turning Left,No Data,One Vehicle Entering Driveway,No Data,Entrance To Or Exit From Private Property Or Driveway,"250,000 Pop And Over",No,NONE,No Data,City Street,"Straight, Level",Main/Proper Lane,On Roadway,No Data,35,HANCOCK DR,2843,Dry,None,Clear,"Worn, Not Damaged",Pedalcyclist
13513224,No,No,No Data,Austin Police Department,FALSE,No Data,No Data,132560673,Austin,No,No,Travis,0,0,0,2,0,Not Injured,948,0,0,2013,Friday,Pedalcyclist,No Data,W BRAKER LN,Intersection Related,30.39103828,Daylight,-97.70907651,One Motor Vehicle - Turning Right,No Data,Not Applicable,No Data,Not Applicable,"250,000 Pop And Over",No,NONE,No Data,City Street,"Straight, Level",Main/Proper Lane,On Roadway,No Data,45,METRIC BLVD,11165,Dry,Signal Light,Clear,"Worn, Not Damaged",Pedalcyclist
13523482,No,No,115456,Austin Police Department,FALSE,115456,2014,132590648,Austin,No,No,Travis,0,1,0,1,0,Incapacitating Injury,1015,1,0,2013,Monday,Pedalcyclist,US Highway,N/A,Non Intersection,30.37092813,Daylight,-97.72143358,One Motor Vehicle - Going Straight,6,Swerved Or Veered-Avoiding Vehicle Stopped Or Moving Slowly In Traffic Lane,10,Not Applicable,"250,000 Pop And Over",No,RALEIGH C40 SILVER BICYCLE,260,US & State Highways,"Straight, Level",Service/Frontage Road,Off Roadway,"4 Or More Lanes, Divided",50,US0183,NO DATA,Dry,None,Clear,Not Worn,Pedalcyclist
13523495,No,No,No Data,Austin Police Department,TRUE,No Data,No Data,132591781,Austin,No,No,Travis,0,0,1,1,0,Non-Incapacitating Injury,2240,1,0,2013,Monday,Pedalcyclist,No Data,N/A,Driveway Access,30.23879479,"Dark, Lighted",-97.75354246,One Motor Vehicle - Going Straight,No Data,One Vehicle Entering Driveway,No Data,Entrance To Or Exit From Private Property Or Driveway,"250,000 Pop And Over",No,NONE,No Data,City Street,"Straight, Level",Main/Proper Lane,On Roadway,No Data,-1,S CONGRESS AVE,2401,Dry,Signal Light,Clear,Not Worn,Pedalcyclist
13453996,No,No,34215,Austin Police Department,TRUE,34215,2014,132600442,Austin,No,No,Travis,0,0,1,1,0,Non-Incapacitating Injury,827,1,0,2013,Tuesday,Pedalcyclist,State Loop,SL0360,Intersection,30.24690167,Daylight,-97.77729299,One Motor Vehicle - Turning Right,4,Not Applicable,0,Not Applicable,"250,000 Pop And Over",No,NONE,80,US & State Highways,"Straight, Grade",Main/Proper Lane,On Roadway,"4 Or More Lanes, Undivided",35,SL0343,2433,Dry,Signal Light With Red Light Running Camera,Cloudy,Unknown If Worn,Pedalcyclist
13520447,No,No,No Data,Austin Police Department,FALSE,No Data,No Data,132600526,Austin,No,No,Travis,0,0,1,1,0,Non-Incapacitating Injury,900,1,0,2013,Tuesday,Pedalcyclist,No Data,N/A,Driveway Access,30.30793626,Daylight,-97.70739379,One Motor Vehicle - Turning Right,No Data,One Vehicle Entering Driveway,No Data,Entrance To Or Exit From Private Property Or Driveway,"250,000 Pop And Over",No,UNIT 2 BICYCLE,No Data,City Street,"Straight, Level",Main/Proper Lane,Off Roadway,No Data,40,E 51ST ST,1209,Dry,None,Clear,Not Worn,Pedalcyclist
13520579,No,No,No Data,Austin Police Department,TRUE,No Data,No Data,132601303,Austin,No,No,Travis,0,0,1,1,0,Non-Incapacitating Injury,1635,1,0,2013,Tuesday,Pedalcyclist,No Data,GUADALUPE ST,Intersection,30.30113477,Daylight,-97.73918246,One Motor Vehicle - Going Straight,No Data,Not Applicable,No Data,Not Applicable,"250,000 Pop And Over",No,NONE,No Data,City Street,"Straight, Level",Main/Proper Lane,On Roadway,No Data,-1,W 35TH ST,600,Dry,Stop Sign,Clear,Unknown If Worn,Pedalcyclist
13520589,No,No,No Data,Austin Police Department,TRUE,No Data,No Data,132610433,Austin,No,No,Travis,0,0,1,1,0,Non-Incapacitating Injury,650,1,0,2013,Wednesday,Pedalcyclist,No Data,ALLEN ST,Intersection Related,30.25473478,"Dark, Not Lighted",-97.70569247,One Motor Vehicle - Turning Left,No Data,Attention Diverted From Driving,No Data,Not Applicable,"250,000 Pop And Over",No,NONE,No Data,City Street,"Straight, Level",Main/Proper Lane,On Roadway,No Data,30,E 5TH ST,3298,Dry,Stop Sign,Clear,Not Worn,Pedalcyclist
13525679,Yes,No,No Data,Austin Police Department,FALSE,No Data,No Data,132611515,Austin,No,No,Travis,0,0,0,1,1,Possible Injury,1708,1,0,2013,Wednesday,Pedalcyclist,No Data,N/A,Non Intersection,No Data,Daylight,No Data,One Motor Vehicle - Turning Right,No Data,One Vehicle Leaving Driveway,No Data,Entrance To Or Exit From Private Property Or Driveway,"250,000 Pop And Over",No,NONE,No Data,Non Trafficway,"Straight, Level",Service/Frontage Road,Not Applicable,No Data,-1,US0183G,NO DATA,Dry,None,Clear,Unknown If Worn,Pedalcyclist
13525681,Yes,No,No Data,Austin Police Department,FALSE,No Data,No Data,132611575,Austin,No,No,Travis,0,0,0,0,2,Possible Injury,1736,2,0,2013,Wednesday,Pedalcyclist,No Data,CENTER LINE PASS,Intersection,30.41992877,Daylight,-97.66221822,One Motor Vehicle - Turning Right,No Data,Not Applicable,No Data,Not Applicable,"250,000 Pop And Over",No,NONE,No Data,City Street,"Straight, Level",Main/Proper Lane,On Roadway,No Data,-1,W HOWARD LN,NO DATA,Dry,Stop Sign,Clear,"Worn, Unk Damage",Pedalcyclist
13727873,Yes,No,No Data,Austin Police Department,FALSE,No Data,No Data,132610649,Austin,No,No,Travis,0,1,0,1,0,Incapacitating Injury,843,1,0,2013,Wednesday,Pedalcyclist,No Data,N/A,Non Intersection,30.35049502,Daylight,-97.67136325,One Motor Vehicle - Going Straight,No Data,Not Applicable,No Data,Not Applicable,"250,000 Pop And Over",No,NONE,No Data,City Street,"Straight, Level",Main/Proper Lane,On Roadway,No Data,-1,DUNGAN LN,1700,Dry,None,Clear,Not Worn,Pedalcyclist
13541339,No,No,No Data,Austin Police Department,TRUE,No Data,No Data,132641319,Austin,No,No,Travis,0,0,1,2,0,Non-Incapacitating Injury,1746,1,0,2013,Saturday,Pedalcyclist,No Data,E RIVERSIDE DR,Intersection Related,30.22698479,Dusk,-97.70800247,One Motor Vehicle - Going Straight,No Data,Attention Diverted From Driving,No Data,Not Applicable,"250,000 Pop And Over",No,NONE,No Data,City Street,"Straight, Level",Main/Proper Lane,On Roadway,No Data,35,GROVE BLVD,NO DATA,Dry,Crosswalk,Clear,Not Worn,Pedalcyclist
13614622,No,No,No Data,Austin Police Department,TRUE,No Data,No Data,132670580,Austin,No,No,Travis,0,0,0,1,1,Possible Injury,923,1,0,2013,Tuesday,Pedalcyclist,No Data,UNKNOWN,Intersection Related,30.26337478,Daylight,-97.74450247,One Motor Vehicle - Turning Right,No Data,Not Applicable,No Data,Not Applicable,"250,000 Pop And Over",No,NONE,No Data,City Street,"Straight, Level",Main/Proper Lane,On Roadway,No Data,-1,W 1ST ST,100,Dry,Crosswalk,Clear,"Worn, Damaged",Pedalcyclist
13614749,No,No,No Data,Austin Police Department,TRUE,No Data,No Data,132671704,Austin,No,No,Travis,0,0,0,1,1,Possible Injury,1946,1,0,2013,Tuesday,Pedalcyclist,No Data,UNKNOWN,Intersection,30.3579934,"Dark, Lighted",-97.76286916,One Motor Vehicle - Turning Left,No Data,Not Applicable,No Data,Not Applicable,"250,000 Pop And Over",No,NONE,No Data,City Street,"Straight, Grade",Main/Proper Lane,On Roadway,No Data,35,FAR WEST BLVD,3979,Dry,Center Stripe/Divider,Clear,Unknown If Worn,Pedalcyclist
13620208,Yes,No,No Data,Austin Police Department,FALSE,No Data,No Data,132680471,Austin,No,No,Travis,0,0,1,1,0,Non-Incapacitating Injury,757,1,0,2013,Wednesday,Pedalcyclist,No Data,N/A,Non Intersection,30.2877066,Daylight,-97.74188891,One Motor Vehicle - Going Straight,No Data,Vision Obstructed By Headlight Or Sun Glare,No Data,Not Applicable,"250,000 Pop And Over",No,NONE,No Data,City Street,"Straight, Level",Main/Proper Lane,On Roadway,No Data,30,W 24TH ST,431,Dry,Center Stripe/Divider,Clear,Not Worn,Pedalcyclist
13620212,Yes,No,No Data,Austin Police Department,TRUE,No Data,No Data,132681219,Austin,No,No,Travis,0,0,0,2,1,Possible Injury,1501,1,0,2013,Wednesday,Pedalcyclist,No Data,UNKNOWN,Intersection,30.28207915,Daylight,-97.743182,One Motor Vehicle - Turning Left,No Data,Attention Diverted From Driving,No Data,Not Applicable,"250,000 Pop And Over",No,NONE,No Data,City Street,"Straight, Level",Main/Proper Lane,On Roadway,No Data,-1,SAN ANTONIO ST,1901,Dry,None,Clear,Unknown If Worn,Pedalcyclist
13614500,No,No,29839,Austin Police Department,FALSE,29839,2014,132691477,Austin,No,No,Travis,0,0,0,2,0,Not Injured,1718,0,0,2013,Thursday,Pedalcyclist,State Loop,N/A,Driveway Access,30.35908559,Daylight,-97.69926828,One Motor Vehicle - Going Straight,4,Not Applicable,0,Entrance To Or Exit From Private Property Or Driveway,"250,000 Pop And Over",No,NONE,125,US & State Highways,"Straight, Level",Main/Proper Lane,On Roadway,"4 Or More Lanes, Undivided",45,SL0275,8979,Dry,Marked Lanes,Clear,Unknown If Worn,Pedalcyclist
13627248,No,No,No Data,Austin Police Department,TRUE,No Data,No Data,132702245,Austin,No,No,Travis,0,0,1,0,0,Non-Incapacitating Injury,2313,1,1,2013,Friday,Pedalcyclist,No Data,CHICON ST,Intersection,30.25710478,"Dark, Lighted",-97.72461247,One Motor Vehicle - Turning Right,No Data,Not Applicable,No Data,Not Applicable,"250,000 Pop And Over",No,NONE,No Data,City Street,"Straight, Hillcrest",Main/Proper Lane,On Roadway,No Data,-1,E CESAR CHAVEZ ST,1898,Dry,Signal Light,Clear,Not Worn,Pedalcyclist
13626942,Yes,No,No Data,Austin Police Department,FALSE,No Data,No Data,132710356,Austin,No,No,Travis,0,0,0,2,0,Not Injured,252,0,0,2013,Saturday,Pedalcyclist,No Data,N/A,Non Intersection,No Data,"Dark, Lighted",No Data,One Motor Vehicle - Going Straight,No Data,Attention Diverted From Driving,No Data,In A Parking Lot,"250,000 Pop And Over",No,NONE,No Data,Non Trafficway,"Straight, Level",Main/Proper Lane,Not Applicable,No Data,-1,E 6TH ST ST,NO DATA,Dry,Other (Explain In Narrative),Clear,Unknown If Worn,Pedalcyclist
13635434,No,No,No Data,Austin Police Department,TRUE,No Data,No Data,132721293,Austin,No,No,Travis,0,0,1,1,0,Non-Incapacitating Injury,1818,1,0,2013,Sunday,Pedalcyclist,No Data,UNKNOWN,Intersection,30.26658478,Daylight,-97.71144247,One Motor Vehicle - Going Straight,No Data,"Swerved Or Veered-Avoiding Pedestrian, Pedalcyclist, etc. In Road",No Data,Not Applicable,"250,000 Pop And Over",No,NONE,No Data,City Street,"Straight, Level",Main/Proper Lane,On Roadway,No Data,-1,WALTER ST,903,Dry,Stop Sign,Clear,Not Worn,Pedalcyclist
13635438,No,No,No Data,Austin Police Department,TRUE,No Data,No Data,132721598,Austin,No,No,Travis,0,0,0,0,2,Possible Injury,2128,2,1,2013,Sunday,Pedalcyclist,No Data,UNKNOWN,Intersection Related,30.25260636,"Dark, Lighted",-97.7536775,One Motor Vehicle - Going Straight,No Data,Not Applicable,No Data,Not Applicable,"250,000 Pop And Over",No,NONE,No Data,City Street,"Straight, Level",Main/Proper Lane,On Roadway,No Data,35,S 1ST ST,1183,Dry,Center Stripe/Divider,Clear,"Worn, Unk Damage",Pedalcyclist
13635438,No,No,No Data,Austin Police Department,TRUE,No Data,No Data,132721598,Austin,No,No,Travis,0,0,0,0,2,Possible Injury,2128,2,1,2013,Sunday,Pedalcyclist,No Data,UNKNOWN,Intersection Related,30.25260636,"Dark, Lighted",-97.7536775,One Motor Vehicle - Going Straight,No Data,Not Applicable,No Data,Not Applicable,"250,000 Pop And Over",No,NONE,No Data,City Street,"Straight, Level",Main/Proper Lane,On Roadway,No Data,35,S 1ST ST,1183,Dry,Center Stripe/Divider,Clear,"Worn, Unk Damage",Pedalcyclist
13541349,No,No,No Data,Austin Police Department,FALSE,No Data,No Data,132740642,Austin,No,No,Travis,0,0,1,1,0,Non-Incapacitating Injury,957,1,0,2013,Tuesday,Pedalcyclist,No Data,JANEY DR,Intersection,30.33974319,Daylight,-97.74948668,One Motor Vehicle - Turning Right,No Data,Not Applicable,No Data,Not Applicable,"250,000 Pop And Over",No,NONE,No Data,City Street,"Straight, Level",Main/Proper Lane,On Roadway,No Data,30,WHITE ROCK DR,2993,Dry,Yield Sign,Clear,Unknown If Worn,Pedalcyclist
13551236,Yes,No,No Data,Austin Police Department,FALSE,No Data,No Data,132771895,Austin,No,No,Travis,0,0,0,1,1,Possible Injury,2048,1,0,2013,Friday,Pedalcyclist,No Data,JAMES ST W,Intersection,30.25108873,"Dark, Lighted",-97.74913232,One Motor Vehicle - Turning Left,No Data,Attention Diverted From Driving,No Data,Not Applicable,"250,000 Pop And Over",No,NONE,No Data,City Street,"Straight, Level",Main/Proper Lane,On Roadway,No Data,40,CONGRESS AVE S,1302,Dry,None,Clear,"Worn, Damaged",Pedalcyclist
13483669,Yes,No,No Data,Austin Police Department,TRUE,No Data,No Data,132800597,Austin,No,No,Travis,0,0,0,1,1,Possible Injury,938,1,0,2013,Monday,Pedalcyclist,No Data,ROUNDUP TRL,Intersection,30.22977479,Daylight,-97.79628245,One Motor Vehicle - Going Straight,No Data,Not Applicable,No Data,Not Applicable,"250,000 Pop And Over",No,NONE,No Data,City Street,"Straight, Level",Main/Proper Lane,On Roadway,No Data,30,WESTERN TRAILS BLVD,2501,Dry,Yield Sign,Clear,Unknown If Worn,Pedalcyclist
13554912,No,No,No Data,Austin Police Department,TRUE,No Data,No Data,132800171,Austin,No,No,Travis,0,0,0,1,1,Possible Injury,221,1,0,2013,Monday,Pedalcyclist,No Data,E 5TH ST,Intersection Related,30.26674478,"Dark, Lighted",-97.74182246,One Motor Vehicle - Going Straight,No Data,Not Applicable,No Data,Not Applicable,"250,000 Pop And Over",No,NONE,No Data,City Street,"Straight, Level",Main/Proper Lane,On Roadway,No Data,30,BRAZOS ST,499,Dry,Signal Light,Clear,Not Worn,Pedalcyclist
13555064,No,No,No Data,Austin Police Department,FALSE,No Data,No Data,132801605,Austin,No,No,Travis,0,0,1,1,0,Non-Incapacitating Injury,1856,1,0,2013,Monday,Pedalcyclist,No Data,N/A,Non Intersection,No Data,Daylight,No Data,One Motor Vehicle - Backing,No Data,One Vehicle Backward From Parking,No Data,In A Parking Lot,"250,000 Pop And Over",Yes,NONE,No Data,Non Trafficway,"Straight, Level",Other (Explain In Narrative),Not Applicable,No Data,-1,E US 290 SVRD EB,NO DATA,Dry,None,Clear,Not Worn,Pedalcyclist
13557591,No,No,No Data,Austin Police Department,TRUE,No Data,No Data,132811420,Austin,No,No,Travis,0,0,1,1,0,Non-Incapacitating Injury,1715,1,0,2013,Tuesday,Pedalcyclist,No Data,ALEXANDER AVE,Intersection,30.28568477,Daylight,-97.71020247,One Motor Vehicle - Turning Left,No Data,Not Applicable,No Data,Not Applicable,"250,000 Pop And Over",No,NONE,No Data,City Street,"Straight, Grade",Main/Proper Lane,On Roadway,No Data,30,MANOR RD,2901,Dry,Marked Lanes,Clear,Not Worn,Pedalcyclist
13577405,Yes,No,No Data,Austin Police Department,TRUE,No Data,No Data,132811090,Austin,No,No,Travis,0,0,1,1,0,Non-Incapacitating Injury,1432,1,0,2013,Tuesday,Pedalcyclist,No Data,PECOS ST,Intersection,30.29972477,Daylight,-97.77389245,One Motor Vehicle - Going Straight,No Data,Not Applicable,No Data,Not Applicable,"250,000 Pop And Over",No,NONE,No Data,City Street,"Straight, Level",Main/Proper Lane,On Roadway,No Data,30,WINDSOR RD,3500,Dry,Stop Sign,Clear,"Worn, Not Damaged",Pedalcyclist
13486787,No,No,No Data,Austin Police Department,FALSE,No Data,No Data,132820925,Austin,No,No,Travis,0,0,1,1,0,Non-Incapacitating Injury,1249,1,0,2013,Wednesday,Pedalcyclist,No Data,N/A,Non Intersection,No Data,Daylight,No Data,One Motor Vehicle - Going Straight,No Data,Not Applicable,No Data,In A Parking Lot,"250,000 Pop And Over",Yes,NONE,No Data,Non Trafficway,"Straight, Level",Main/Proper Lane,Not Applicable,No Data,35,BARTON SPRINGS RD,NO DATA,Dry,None,Clear,Unknown If Worn,Pedalcyclist
13488515,No,No,No Data,Austin Police Department,TRUE,No Data,No Data,132820439,Austin,No,No,Travis,0,0,1,1,0,Non-Incapacitating Injury,843,1,0,2013,Wednesday,Pedalcyclist,No Data,LONG BOW LN,Intersection,30.23718479,Daylight,-97.75491246,One Motor Vehicle - Turning Right,No Data,Not Applicable,No Data,Not Applicable,"250,000 Pop And Over",No,NONE,No Data,City Street,"Straight, Level",Main/Proper Lane,On Roadway,No Data,35,CONGRESS AVE S,2511,Dry,None,Clear,Unknown If Worn,Pedalcyclist
13558615,No,No,No Data,Austin Police Department,TRUE,No Data,No Data,132820495,Austin,No,No,Travis,0,0,1,1,0,Non-Incapacitating Injury,835,1,0,2013,Wednesday,Pedalcyclist,No Data,MEDICAL ARTS ST,Intersection Related,30.28837477,Daylight,-97.72909247,One Motor Vehicle - Turning Right,No Data,Not Applicable,No Data,Not Applicable,"250,000 Pop And Over",No,NONE,No Data,City Street,"Straight, Grade",Main/Proper Lane,On Roadway,No Data,35,E DEAN KEETON ST,824,Dry,Signal Light,Clear,"Worn, Not Damaged",Pedalcyclist
13558619,No,No,No Data,Austin Police Department,TRUE,No Data,No Data,132821074,Austin,No,No,Travis,0,0,0,1,1,Possible Injury,1400,1,0,2013,Wednesday,Pedalcyclist,No Data,E 30TH ST,Intersection,30.29172477,Daylight,-97.73424246,One Motor Vehicle - Turning Left,No Data,Not Applicable,No Data,Not Applicable,"250,000 Pop And Over",No,NONE,No Data,City Street,"Straight, Level",Main/Proper Lane,On Roadway,No Data,-1,DUVAL ST,2907,Dry,None,Clear,"Worn, Damaged",Pedalcyclist
13559529,No,No,No Data,Austin Police Department,FALSE,No Data,No Data,132821547,Austin,No,No,Travis,0,0,1,2,0,Non-Incapacitating Injury,1803,1,0,2013,Wednesday,Pedalcyclist,No Data,N/A,Driveway Access,30.29661442,Daylight,-97.74203504,One Motor Vehicle - Turning Left,No Data,One Vehicle Entering Driveway,No Data,Entrance To Or Exit From Private Property Or Driveway,"250,000 Pop And Over",No,NONE,No Data,City Street,"Straight, Level",Main/Proper Lane,On Roadway,No Data,35,GUADALUPE ST,2979,Dry,Center Stripe/Divider,Clear,Not Worn,Pedalcyclist
13559531,Yes,No,No Data,Austin Police Department,FALSE,No Data,No Data,132821607,Austin,No,No,Travis,0,0,1,1,0,Non-Incapacitating Injury,1839,1,0,2013,Wednesday,Pedalcyclist,No Data,N/A,Driveway Access,30.27816685,Daylight,-97.77267992,One Motor Vehicle - Turning Left,No Data,One Vehicle Entering Driveway,No Data,Entrance To Or Exit From Private Property Or Driveway,"250,000 Pop And Over",No,NONE,No Data,City Street,"Straight, Level",Main/Proper Lane,On Roadway,No Data,-1,LAKE AUSTIN BLVD,2412,Dry,Marked Lanes,Clear,"Worn, Unk Damage",Pedalcyclist
13517085,No,No,No Data,Austin Police Department,FALSE,No Data,No Data,132831662,Austin,No,No,Travis,0,0,1,1,0,Non-Incapacitating Injury,1823,1,0,2013,Thursday,Pedalcyclist,No Data,MANCHACA RD,Intersection Related,30.21537129,Daylight,-97.79772779,One Motor Vehicle - Turning Right,No Data,Attention Diverted From Driving,No Data,Not Applicable,"250,000 Pop And Over",No,NONE,No Data,City Street,"Straight, Level",Main/Proper Lane,On Roadway,No Data,35,W STASSNEY LN,NO DATA,Dry,Signal Light With Red Light Running Camera,Clear,Unknown If Worn,Pedalcyclist
13563427,No,No,No Data,Austin Police Department,TRUE,No Data,No Data,132831440,Austin,No,No,Travis,0,0,0,1,1,Possible Injury,1643,1,0,2013,Thursday,Pedalcyclist,No Data,W 38TH ST,Intersection,30.30274477,Daylight,-97.73815246,One Motor Vehicle - Turning Left,No Data,Not Applicable,No Data,Not Applicable,"250,000 Pop And Over",No,NONE,No Data,City Street,"Straight, Level",Main/Proper Lane,On Roadway,No Data,-1,GUADALUPE ST,3801,Dry,Bike Lane,Clear,Not Worn,Pedalcyclist
13565933,Yes,No,No Data,Austin Police Department,TRUE,No Data,No Data,132850066,Austin,No,No,Travis,0,0,0,1,1,Possible Injury,26,1,0,2013,Saturday,Pedalcyclist,No Data,UNKNOWN,Intersection,30.23414046,"Dark, Lighted",-97.72285964,One Motor Vehicle - Turning Left,No Data,Attention Diverted From Driving,No Data,Not Applicable,"250,000 Pop And Over",No,NONE,No Data,City Street,Unknown,Main/Proper Lane,On Roadway,No Data,35,E RIVERSIDE DR,NO DATA,Dry,Signal Light,Clear,Not Worn,Pedalcyclist
13569744,No,No,No Data,Austin Police Department,FALSE,No Data,No Data,132851195,Austin,No,No,Travis,0,0,0,2,0,Not Injured,1521,0,0,2013,Saturday,Pedalcyclist,No Data,N/A,Driveway Access,30.27834412,Daylight,-97.77292205,One Motor Vehicle - Going Straight,No Data,One Vehicle Leaving Driveway,No Data,Entrance To Or Exit From Private Property Or Driveway,"250,000 Pop And Over",No,NONE,No Data,City Street,"Straight, Level",Main/Proper Lane,Off Roadway,No Data,35,LAKE AUSTIN BLVD,2453,Dry,None,Clear,Unknown If Worn,Pedalcyclist
13606480,Yes,No,No Data,Austin Police Department,FALSE,No Data,No Data,132851460,Austin,No,No,Travis,0,0,1,2,0,Non-Incapacitating Injury,1846,1,0,2013,Saturday,Pedalcyclist,No Data,N/A,Non Intersection,30.25975242,Daylight,-97.74586941,One Motor Vehicle - Going Straight,No Data,Swerved Or Veered-Reason Not Specified,No Data,Not Applicable,"250,000 Pop And Over",No,NONE,No Data,Interstate,"Straight, Grade",Main/Proper Lane,On Roadway,No Data,35,CONGRESS AVE S,209,Dry,Marked Lanes,Clear,Unknown If Worn,Pedalcyclist
13576599,No,No,162940,Austin Police Department,TRUE,162940,2014,132860370,Austin,No,No,Travis,0,0,0,0,1,Possible Injury,247,1,1,2013,Sunday,Pedalcyclist,Interstate,E OLTORF ST,Intersection,30.23360863,"Dark, Lighted",-97.74126543,One Motor Vehicle - Going Straight,6,Not Applicable,10,Not Applicable,"250,000 Pop And Over",No,NONE,300,Interstate,"Straight, Level",Service/Frontage Road,On Roadway,"4 Or More Lanes, Divided",55,IH0035,NO DATA,Wet,Signal Light,Rain,Not Worn,Pedalcyclist
13577322,Yes,No,No Data,Austin Police Department,FALSE,No Data,No Data,132861446,Austin,No,No,Travis,0,0,0,1,1,Possible Injury,1823,1,0,2013,Sunday,Pedalcyclist,No Data,N/A,Non Intersection,30.30740004,"Dark, Lighted",-97.66965097,One Motor Vehicle - Going Straight,No Data,Not Applicable,No Data,Not Applicable,"250,000 Pop And Over",No,NONE,No Data,City Street,"Straight, Hillcrest",Main/Proper Lane,On Roadway,No Data,35,SPRINGDALE RD,6440,Wet,Marked Lanes,Rain,Not Worn,Pedalcyclist
13596011,No,No,No Data,Austin Police Department,TRUE,No Data,No Data,132871603,Austin,No,No,Travis,0,0,0,1,1,Possible Injury,2111,1,0,2013,Monday,Pedalcyclist,No Data,W 39TH ST,Intersection,30.31210477,"Dark, Lighted",-97.75259246,One Motor Vehicle - Going Straight,No Data,Not Applicable,No Data,Not Applicable,"250,000 Pop And Over",No,NONE,No Data,City Street,"Straight, Level",Main/Proper Lane,On Roadway,No Data,35,BULL CREEK RD,3901,Dry,Stop Sign,Clear,"Worn, Not Damaged",Pedalcyclist
13495141,Yes,No,No Data,Austin Police Department,TRUE,No Data,No Data,132881415,Austin,No,No,Travis,0,0,0,1,1,Possible Injury,1807,1,0,2013,Tuesday,Pedalcyclist,No Data,HOLLOW CREEK DR,Intersection,30.26150478,Daylight,-97.77524246,One Motor Vehicle - Turning Left,No Data,Not Applicable,No Data,Not Applicable,"250,000 Pop And Over",No,NONE,No Data,City Street,Other (Explain In Narrative),Main/Proper Lane,On Roadway,No Data,35,BARTON HILLS DR,1303,Dry,None,Clear,Unknown If Worn,Pedalcyclist
13598670,No,No,No Data,Austin Police Department,FALSE,No Data,No Data,132880607,Austin,No,No,Travis,0,0,0,1,1,Possible Injury,1013,1,0,2013,Tuesday,Pedalcyclist,No Data,METRIC BLVD,Intersection Related,30.39832953,Daylight,-97.70446129,One Motor Vehicle - Turning Right,No Data,Not Applicable,No Data,Not Applicable,"250,000 Pop And Over",No,NONE,No Data,City Street,"Straight, Grade",Main/Proper Lane,On Roadway,No Data,35,GRACY FARMS LN,NO DATA,Dry,Signal Light,Cloudy,Not Worn,Pedalcyclist