Crash ID,$1000 Damage to Any One Person's Property,Active School Zone Flag,Adjusted Average Daily Traffic Amount,Agency,At Intersection Flag,Average Daily Traffic Amount,Average Daily Traffic Year,Case ID,City,Construction Zone Flag,Construction Zone Workers Present Flag,County,Crash Death Count,Crash Incapacitating Injury Count,Crash Non-incapacitating Injury Count,Crash Not Injured Count,Crash Possible Injury Count,Crash Severity,Crash Time,Crash Total Injury Count,Crash Unknown Injury Count,Crash Year,Day of Week,First Harmful Event,Highway System,Intersecting Street Name,Intersection Related,Latitude,Light Condition,Longitude,Manner of Collision,Number of Lanes,Other Factor,Outside Shoulder Width on Divided Highway,Physical Feature 1,Population Group,Private Drive Flag,Property Damages,Right of Way Usual Width,Road Class,Roadway Alignment,Roadway Part,Roadway Relation,Roadway Type,Speed Limit,Street Name,Street Number,Surface Condition,Traffic Control Type,Weather Condition,Person Helmet,Person Type
14320678,No,No,No Data,Austin Police Department,FALSE,No Data,No Data,150580265,Austin,No,No,Travis,0,0,1,0,0,Non-Incapacitating Injury,502,1,1,2015,Friday,Pedalcyclist,No Data,N/A,Non Intersection,30.17108896,"Dark, Not Lighted",-97.62664111,One Motor Vehicle - Going Straight,No Data,Attention Diverted From Driving,No Data,Not Applicable,"250,000 Pop And Over",No,NONE,No Data,City Street,"Straight, Level",Main/Proper Lane,On Roadway,No Data,45,PEARCE LN,12451,Dry,None,Clear,Not Worn,Pedalcyclist
14341167,No,No,No Data,Austin Police Department,TRUE,No Data,No Data,150621434,Austin,No,No,Travis,0,0,0,1,1,Possible Injury,1957,1,0,2015,Tuesday,Pedalcyclist,No Data,LEON ST,Intersection,30.28827478,"Dark, Lighted",-97.74933246,One Motor Vehicle - Turning Left,No Data,Not Applicable,No Data,Not Applicable,"250,000 Pop And Over",No,NONE,No Data,City Street,"Straight, Hillcrest",Main/Proper Lane,On Roadway,No Data,-1,W 24TH ST,1100,Wet,Marked Lanes,Cloudy,Unknown If Worn,Pedalcyclist
14341227,No,No,34215,Austin Police Department,TRUE,34215,2014,150641350,Austin,No,No,Travis,0,0,0,2,0,Not Injured,1855,0,0,2015,Thursday,Pedalcyclist,State Loop,KINNEY RD,Intersection Related,30.2476193,"Dark, Lighted",-97.77293717,One Motor Vehicle - Turning Left,4,Attention Diverted From Driving,0,Not Applicable,"250,000 Pop And Over",No,BICYCLE,80,US & State Highways,"Straight, Grade",Main/Proper Lane,On Roadway,"4 Or More Lanes, Undivided",40,SL0343,2199,Dry,Stop Sign,Clear,"Worn, Not Damaged",Pedalcyclist
14326544,No,No,No Data,Austin Police Department,FALSE,No Data,No Data,150701969,Austin,No,No,Travis,0,1,0,2,0,Incapacitating Injury,2259,1,0,2015,Wednesday,Pedalcyclist,No Data,N/A,Non Intersection,30.24271508,"Dark, Not Lighted",-97.71707976,One Motor Vehicle - Going Straight,No Data,Not Applicable,No Data,Not Applicable,"250,000 Pop And Over",No,NONE,No Data,City Street,"Straight, Level",Main/Proper Lane,On Roadway,No Data,45,S PLEASANT VALLEY RD,978,Dry,Marked Lanes,Clear,Not Worn,Pedalcyclist
14326652,No,No,No Data,Austin Police Department,TRUE,No Data,No Data,150711786,Austin,No,No,Travis,0,0,1,1,0,Non-Incapacitating Injury,2045,1,0,2015,Thursday,Pedalcyclist,No Data,E 13TH ST,Intersection,30.27475478,"Dark, Lighted",-97.72011247,One Motor Vehicle - Turning Left,No Data,Not Applicable,No Data,Not Applicable,"250,000 Pop And Over",No,NONE,No Data,City Street,"Straight, Level",Main/Proper Lane,On Roadway,No Data,30,CHICON ST,1299,Dry,Marked Lanes,Clear,Not Worn,Pedalcyclist
14326815,Yes,No,No Data,Austin Police Department,FALSE,No Data,No Data,150720923,Austin,No,No,Travis,0,1,0,1,0,Incapacitating Injury,1229,1,0,2015,Friday,Pedalcyclist,No Data,N/A,Driveway Access,30.35923091,Daylight,-97.69443971,One Motor Vehicle - Turning Left,No Data,One Vehicle Entering Driveway,No Data,Entrance To Or Exit From Private Property Or Driveway,"250,000 Pop And Over",No,NONE,No Data,City Street,"Straight, Level",Main/Proper Lane,On Roadway,No Data,30,GEORGIAN DR,9208,Dry,Marked Lanes,Clear,Not Worn,Pedalcyclist
14360137,No,No,No Data,Austin Police Department,TRUE,No Data,No Data,150731386,Austin,No,No,Travis,0,0,0,2,0,Not Injured,1747,0,0,2015,Saturday,Pedalcyclist,No Data,W 21ST ST,Intersection,30.28414478,Daylight,-97.74661246,One Motor Vehicle - Going Straight,No Data,Not Applicable,No Data,Not Applicable,"250,000 Pop And Over",No,NONE,No Data,City Street,"Straight, Level",Main/Proper Lane,On Roadway,No Data,25,PEARL ST,1999,Dry,Other (Explain In Narrative),Clear,Unknown If Worn,Pedalcyclist
14334519,No,No,No Data,Austin Police Department,FALSE,No Data,No Data,150741265,Austin,No,No,Travis,0,0,1,1,0,Non-Incapacitating Injury,1605,1,0,2015,Sunday,Pedalcyclist,No Data,N/A,Driveway Access,30.23719141,Daylight,-97.77616848,One Motor Vehicle - Turning Left,No Data,One Vehicle Entering Driveway,No Data,Entrance To Or Exit From Private Property Or Driveway,"250,000 Pop And Over",No,NONE,No Data,City Street,"Straight, Level",Main/Proper Lane,On Roadway,No Data,25,S OAK DR,3303,Dry,None,Cloudy,Unknown If Worn,Pedalcyclist
14352259,Yes,No,No Data,Austin Police Department,FALSE,No Data,No Data,150740345,Austin,No,No,Travis,0,0,2,0,0,Non-Incapacitating Injury,231,2,1,2015,Sunday,Pedalcyclist,No Data,E 4TH ST,Intersection Related,30.26115946,"Dark, Lighted",-97.72740462,One Motor Vehicle - Going Straight,No Data,Not Applicable,No Data,Not Applicable,"250,000 Pop And Over",No,NONE,No Data,City Street,"Straight, Grade",Main/Proper Lane,On Roadway,No Data,30,COMAL ST,390,Dry,Center Stripe/Divider,Clear,Not Worn,Pedalcyclist
14352259,Yes,No,No Data,Austin Police Department,FALSE,No Data,No Data,150740345,Austin,No,No,Travis,0,0,2,0,0,Non-Incapacitating Injury,231,2,1,2015,Sunday,Pedalcyclist,No Data,E 4TH ST,Intersection Related,30.26115946,"Dark, Lighted",-97.72740462,One Motor Vehicle - Going Straight,No Data,Not Applicable,No Data,Not Applicable,"250,000 Pop And Over",No,NONE,No Data,City Street,"Straight, Grade",Main/Proper Lane,On Roadway,No Data,30,COMAL ST,390,Dry,Center Stripe/Divider,Clear,Not Worn,Pedalcyclist
14350640,No,No,130691,Austin Police Department,FALSE,130691,2014,150751187,Austin,No,No,Travis,0,0,0,3,1,Possible Injury,1610,1,0,2015,Monday,Pedalcyclist,Interstate,US0183,Intersection Related,30.3392898,Daylight,-97.70004109,One Motor Vehicle - Going Straight,6,Not Applicable,10,Not Applicable,"250,000 Pop And Over",No,NONE,300,Interstate,"Curve, Grade",Service/Frontage Road,On Roadway,"4 Or More Lanes, Divided",50,IH0035,NO DATA,Dry,Yield Sign,Clear,Not Worn,Pedalcyclist
14334633,No,No,No Data,Austin Police Department,TRUE,No Data,No Data,150770848,Austin,No,No,Travis,0,0,1,1,0,Non-Incapacitating Injury,1203,1,0,2015,Wednesday,Pedalcyclist,No Data,E 2ND ST,Intersection,30.25870478,Daylight,-97.72622247,One Motor Vehicle - Going Straight,No Data,Attention Diverted From Driving,No Data,Not Applicable,"250,000 Pop And Over",No,NONE,No Data,City Street,"Straight, Level",Main/Proper Lane,On Roadway,No Data,30,CHALMERS AVE,201,Dry,Stop Sign,Clear,Unknown If Worn,Pedalcyclist
14341444,Yes,No,No Data,Austin Police Department,FALSE,No Data,No Data,150770076,Austin,No,No,Travis,0,0,1,1,0,Non-Incapacitating Injury,36,1,0,2015,Wednesday,Pedalcyclist,No Data,N/A,Non Intersection,30.23246847,"Dark, Lighted",-97.73246977,One Motor Vehicle - Going Straight,No Data,Not Applicable,No Data,Not Applicable,"250,000 Pop And Over",No,NONE,No Data,City Street,"Straight, Grade",Main/Proper Lane,On Roadway,No Data,30,BURTON DR,2088,Wet,None,Clear,Not Worn,Pedalcyclist
14360159,No,No,33647,Austin Police Department,TRUE,33647,2014,150770924,Austin,No,No,Travis,0,0,1,1,0,Non-Incapacitating Injury,1251,1,0,2015,Wednesday,Pedalcyclist,State Loop,W RIVERSIDE DR,Intersection,30.26449154,Daylight,-97.75711525,One Motor Vehicle - Going Straight,6,Not Applicable,0,Not Applicable,"250,000 Pop And Over",No,NONE,120,US & State Highways,"Straight, Level",Main/Proper Lane,On Roadway,"4 Or More Lanes, Divided",30,SL0343,NO DATA,Dry,Signal Light,Clear,Unknown If Worn,Pedalcyclist
14334665,No,No,No Data,Austin Police Department,FALSE,No Data,No Data,150780059,Austin,No,No,Travis,0,0,0,2,0,Not Injured,30,0,1,2015,Thursday,Pedalcyclist,No Data,N/A,Non Intersection,30.23828517,"Dark, Lighted",-97.7620466,One Motor Vehicle - Going Straight,No Data,Not Applicable,No Data,Not Applicable,"250,000 Pop And Over",No,NONE,No Data,City Street,"Straight, Level",Main/Proper Lane,On Roadway,No Data,35,S 1ST ST,2691,Dry,Marked Lanes,Clear,Unknown If Worn,Pedalcyclist
14347436,Yes,No,No Data,Austin Police Department,TRUE,No Data,No Data,150781985,Austin,No,No,Travis,0,1,0,1,0,Incapacitating Injury,2105,1,0,2015,Thursday,Pedalcyclist,No Data,W 35TH ST,Intersection,30.30507477,"Dark, Lighted",-97.74925246,One Motor Vehicle - Turning Left,No Data,Not Applicable,No Data,Not Applicable,"250,000 Pop And Over",No,NONE,No Data,City Street,"Curve, Grade",Main/Proper Lane,On Roadway,No Data,30,W 34TH ST,NO DATA,Dry,None,Clear,Not Worn,Pedalcyclist
14360269,No,No,No Data,Austin Police Department,FALSE,No Data,No Data,150810386,Austin,No,No,Travis,0,0,0,5,0,Not Injured,251,0,0,2015,Sunday,Pedalcyclist,No Data,N/A,Non Intersection,30.26663764,Unknown,-97.74512103,One Motor Vehicle - Going Straight,No Data,Attention Diverted From Driving,No Data,Not Applicable,"250,000 Pop And Over",No,NONE,No Data,City Street,Unknown,Main/Proper Lane,On Roadway,No Data,30,W 4TH ST,204,Dry,None,Clear,Not Worn,Pedalcyclist
14360269,No,No,No Data,Austin Police Department,FALSE,No Data,No Data,150810386,Austin,No,No,Travis,0,0,0,5,0,Not Injured,251,0,0,2015,Sunday,Pedalcyclist,No Data,N/A,Non Intersection,30.26663764,Unknown,-97.74512103,One Motor Vehicle - Going Straight,No Data,Attention Diverted From Driving,No Data,Not Applicable,"250,000 Pop And Over",No,NONE,No Data,City Street,Unknown,Main/Proper Lane,On Roadway,No Data,30,W 4TH ST,204,Dry,None,Clear,Not Worn,Pedalcyclist
14392270,Yes,No,34215,Austin Police Department,TRUE,34215,2014,150811421,Austin,No,No,Travis,0,0,2,1,0,Non-Incapacitating Injury,1733,2,0,2015,Sunday,Pedalcyclist,State Loop,SL0360,Intersection,30.24729227,Daylight,-97.77525007,One Motor Vehicle - Turning Left,4,Not Applicable,0,Not Applicable,"250,000 Pop And Over",No,NONE,80,US & State Highways,"Straight, Level",Main/Proper Lane,On Roadway,"4 Or More Lanes, Undivided",45,SL0343,2301,Dry,Marked Lanes,Clear,Unknown If Worn,Pedalcyclist
14392270,Yes,No,34215,Austin Police Department,TRUE,34215,2014,150811421,Austin,No,No,Travis,0,0,2,1,0,Non-Incapacitating Injury,1733,2,0,2015,Sunday,Pedalcyclist,State Loop,SL0360,Intersection,30.24729227,Daylight,-97.77525007,One Motor Vehicle - Turning Left,4,Not Applicable,0,Not Applicable,"250,000 Pop And Over",No,NONE,80,US & State Highways,"Straight, Level",Main/Proper Lane,On Roadway,"4 Or More Lanes, Undivided",45,SL0343,2301,Dry,Marked Lanes,Clear,Unknown If Worn,Pedalcyclist
14351176,No,No,No Data,Austin Police Department,TRUE,No Data,No Data,150820834,Austin,No,No,Travis,0,0,1,0,0,Non-Incapacitating Injury,1221,1,1,2015,Monday,Pedalcyclist,No Data,WOODWARD ST,Intersection,30.22780479,Daylight,-97.75630246,One Motor Vehicle - Going Straight,No Data,Not Applicable,No Data,Not Applicable,"250,000 Pop And Over",No,NONE,No Data,City Street,"Straight, Level",Main/Proper Lane,On Roadway,No Data,25,WILLOW SPRINGS RD,3401,Dry,Bike Lane,Clear,Unknown If Worn,Pedalcyclist
14355832,Yes,No,No Data,Austin Police Department,TRUE,No Data,No Data,150830353,Austin,No,No,Travis,0,0,1,1,0,Non-Incapacitating Injury,814,1,0,2015,Tuesday,Pedalcyclist,No Data,E 5TH ST,Intersection,30.26215478,Daylight,-97.72695247,One Motor Vehicle - Going Straight,No Data,Not Applicable,No Data,Not Applicable,"250,000 Pop And Over",No,NONE,No Data,City Street,"Straight, Level",Main/Proper Lane,On Roadway,No Data,35,COMAL ST,499,Dry,Stop Sign,Clear,"Worn, Not Damaged",Pedalcyclist
14360349,No,No,No Data,Austin Police Department,TRUE,No Data,No Data,150831536,Austin,No,No,Travis,0,0,0,1,1,Possible Injury,1912,1,0,2015,Tuesday,Pedalcyclist,No Data,W 5TH ST,Intersection,30.26977478,Daylight,-97.75314246,One Motor Vehicle - Going Straight,No Data,Not Applicable,No Data,Not Applicable,"250,000 Pop And Over",No,NONE,No Data,City Street,"Straight, Level",Main/Proper Lane,On Roadway,No Data,-1,BOWIE ST,499,Dry,Signal Light,Clear,"Worn, Unk Damage",Pedalcyclist
14343526,Yes,No,No Data,Austin Police Department,FALSE,No Data,No Data,150840438,Austin,No,No,Travis,0,0,1,1,0,Non-Incapacitating Injury,851,1,0,2015,Wednesday,Pedalcyclist,No Data,N/A,Driveway Access,30.30407609,Daylight,-97.69876598,One Motor Vehicle - Turning Left,No Data,One Vehicle Entering Driveway,No Data,Entrance To Or Exit From Private Property Or Driveway,"250,000 Pop And Over",No,NONE,No Data,City Street,"Straight, Grade",Main/Proper Lane,Off Roadway,No Data,-1,BERKMAN DR,5115,Dry,Center Stripe/Divider,Clear,"Worn, Unk Damage",Pedalcyclist
14360371,No,No,No Data,Austin Police Department,FALSE,No Data,No Data,150840229,Austin,No,No,Travis,0,0,1,1,0,Non-Incapacitating Injury,545,1,0,2015,Wednesday,Pedalcyclist,No Data,N/A,Non Intersection,30.20422694,"Dark, Unknown Lighting",-97.71388055,One Motor Vehicle - Going Straight,No Data,Not Applicable,No Data,Not Applicable,"250,000 Pop And Over",No,NONE,No Data,City Street,"Straight, Level",Main/Proper Lane,On Roadway,No Data,45,BURLESON RD,6503,Dry,Marked Lanes,Clear,Not Worn,Pedalcyclist
14360395,No,No,No Data,Austin Police Department,TRUE,No Data,No Data,150841408,Austin,No,No,Travis,0,0,1,1,0,Non-Incapacitating Injury,1756,1,0,2015,Wednesday,Pedalcyclist,No Data,ALOMAR CV,Intersection Related,30.16797479,Daylight,-97.6200825,One Motor Vehicle - Going Straight,No Data,Not Applicable,No Data,Not Applicable,"250,000 Pop And Over",No,NONE,No Data,City Street,"Straight, Level",Main/Proper Lane,On Roadway,No Data,45,PEARCE LN,13098,Dry,Stop Sign,Clear,Not Worn,Pedalcyclist
14360399,No,No,No Data,Austin Police Department,FALSE,No Data,No Data,150840904,Austin,No,No,Travis,0,0,0,2,1,Possible Injury,1319,1,0,2015,Wednesday,Pedalcyclist,No Data,N/A,Non Intersection,No Data,Unknown,No Data,One Motor Vehicle - Going Straight,No Data,One Vehicle Leaving Driveway,No Data,In A Parking Lot,"250,000 Pop And Over",No,NONE,No Data,Non Trafficway,Unknown,Main/Proper Lane,Not Applicable,No Data,35,BARTON SPRINGS RD,NO DATA,Dry,None,Unknown,Not Worn,Pedalcyclist
14351679,No,No,No Data,Austin Police Department,TRUE,No Data,No Data,150861816,Austin,No,No,Travis,0,0,1,2,0,Non-Incapacitating Injury,2016,1,0,2015,Friday,Pedalcyclist,No Data,CHICON ST,Intersection Related,30.26969478,"Dark, Lighted",-97.71902247,One Motor Vehicle - Turning Left,No Data,Not Applicable,No Data,Not Applicable,"250,000 Pop And Over",No,NONE,No Data,City Street,"Straight, Grade",Main/Proper Lane,On Roadway,No Data,35,ROSEWOOD AVE,NO DATA,Dry,Signal Light With Red Light Running Camera,Clear,Not Worn,Pedalcyclist
14372573,Yes,No,No Data,Austin Police Department,TRUE,No Data,No Data,150870964,Austin,No,No,Travis,0,0,0,1,1,Possible Injury,1243,1,0,2015,Saturday,Pedalcyclist,No Data,RICHARDINE AVE,Intersection,30.27193478,Daylight,-97.68563248,One Motor Vehicle - Going Straight,No Data,Not Applicable,No Data,Not Applicable,"250,000 Pop And Over",No,NONE,No Data,City Street,"Straight, Grade",Main/Proper Lane,On Roadway,No Data,30,LEDESMA RD,5200,Dry,Stop Sign,Clear,Unknown If Worn,Pedalcyclist
14378437,Yes,No,No Data,Austin Police Department,FALSE,No Data,No Data,150871210,Austin,No,No,Travis,0,0,1,5,0,Non-Incapacitating Injury,1525,1,0,2015,Saturday,Pedalcyclist,No Data,N/A,Non Intersection,30.18818155,Daylight,-97.76803608,One Motor Vehicle - Going Straight,No Data,Not Applicable,No Data,Not Applicable,"250,000 Pop And Over",No,NONE,No Data,City Street,"Straight, Level",Main/Proper Lane,On Roadway,No Data,40,BLUFF SPRINGS RD,6642,Dry,Center Stripe/Divider,Clear,Unknown If Worn,Pedalcyclist
14372603,Yes,No,No Data,Austin Police Department,FALSE,No Data,No Data,150891426,Austin,No,No,Travis,0,0,0,2,3,Possible Injury,1749,3,0,2015,Monday,Motor Vehicle In Transport,No Data,N/A,Non Intersection,30.32317477,Daylight,-97.72807245,Opposite Direction - Both Going Straight,No Data,Not Applicable,No Data,Not Applicable,"250,000 Pop And Over",No,NONE,No Data,City Street,"Straight, Level",Main/Proper Lane,On Roadway,No Data,45,N LAMAR BLVD,5500,Dry,Marked Lanes,Clear,Not Worn,Pedalcyclist
14356260,No,No,No Data,Austin Police Department,FALSE,No Data,No Data,150910427,Austin,No,No,Travis,0,0,0,2,0,Not Injured,824,0,0,2015,Wednesday,Pedalcyclist,No Data,N/A,Driveway Access,30.25582206,Daylight,-97.74737139,One Motor Vehicle - Turning Left,No Data,One Vehicle Entering Driveway,No Data,Entrance To Or Exit From Private Property Or Driveway,"250,000 Pop And Over",No,NONE,No Data,City Street,"Straight, Level",Main/Proper Lane,On Roadway,No Data,35,CONGRESS AVE S,602,Dry,None,Cloudy,"Worn, Unk Damage",Pedalcyclist
14368486,Yes,No,197636,Austin Police Department,TRUE,197636,2014,150911816,Austin,No,No,Travis,0,1,0,1,0,Incapacitating Injury,2116,1,0,2015,Wednesday,Pedalcyclist,Interstate,SL0343,Intersection,30.24802183,"Dark, Lighted",-97.73534685,One Motor Vehicle - Going Straight,6,Not Applicable,10,Not Applicable,"250,000 Pop And Over",No,NONE,300,Interstate,"Straight, Level",Service/Frontage Road,On Roadway,"4 Or More Lanes, Divided",-1,IH0035,NO DATA,Dry,Signal Light,Clear,Not Worn,Pedalcyclist
14362825,No,No,No Data,Austin Police Department,FALSE,No Data,No Data,150921400,Austin,No,No,Travis,0,1,0,3,0,Incapacitating Injury,1731,1,0,2015,Thursday,Pedalcyclist,No Data,N/A,Non Intersection,30.27342205,Daylight,-97.69889224,One Motor Vehicle - Going Straight,No Data,Not Applicable,No Data,Not Applicable,"250,000 Pop And Over",No,NONE,No Data,City Street,"Straight, Level",Main/Proper Lane,On Roadway,No Data,30,OAK SPRINGS DR,3145,Dry,Bike Lane,Clear,Unknown If Worn,Pedalcyclist
14392341,No,No,No Data,Austin Police Department,TRUE,No Data,No Data,150921604,Austin,No,No,Travis,0,0,0,5,1,Possible Injury,1947,1,0,2015,Thursday,Pedalcyclist,No Data,BARTON SPRINGS RD,Intersection Related,30.25890478,Daylight,-97.74621246,One Motor Vehicle - Turning Right,No Data,Not Applicable,No Data,Not Applicable,"250,000 Pop And Over",No,NONE,No Data,City Street,"Straight, Grade",Main/Proper Lane,On Roadway,No Data,40,CONGRESS AVE S,301,Dry,Bike Lane,Clear,"Worn, Not Damaged",Pedalcyclist
14378886,Yes,No,No Data,Austin Police Department,TRUE,No Data,No Data,150931659,Austin,No,No,Travis,0,0,1,1,0,Non-Incapacitating Injury,1900,1,0,2015,Friday,Pedalcyclist,No Data,DAWSON RD,Intersection,30.26032478,Daylight,-97.75569246,One Motor Vehicle - Turning Left,No Data,Attention Diverted From Driving,No Data,Not Applicable,"250,000 Pop And Over",No,NONE,No Data,City Street,"Straight, Level",Main/Proper Lane,On Roadway,No Data,30,BARTON SPRINGS RD,1100,Dry,Signal Light,Clear,Not Worn,Pedalcyclist
14372893,Yes,No,No Data,Austin Police Department,FALSE,No Data,No Data,150941113,Austin,No,No,Travis,0,0,1,1,0,Non-Incapacitating Injury,1549,1,0,2015,Saturday,Pedalcyclist,US Highway,N/A,Non Intersection,No Data,Daylight,No Data,One Motor Vehicle - Going Straight,No Data,One Vehicle Leaving Driveway,No Data,Private Drive Or Road,"250,000 Pop And Over",No,NONE,No Data,Non Trafficway,"Straight, Level",Service/Frontage Road,Not Applicable,No Data,-1,US0290,NO DATA,Dry,None,Clear,Not Worn,Pedalcyclist
14372956,No,No,148494,Austin Police Department,TRUE,148494,2014,150960514,Austin,No,No,Travis,0,0,0,0,1,Possible Injury,920,1,1,2015,Monday,Pedalcyclist,Interstate,E 5TH ST,Intersection,30.26479309,Daylight,-97.73498848,One Motor Vehicle - Turning Right,6,Not Applicable,5,Not Applicable,"250,000 Pop And Over",No,NONE,300,Interstate,"Straight, Level",Main/Proper Lane,On Roadway,"4 Or More Lanes, Divided",30,IH0035,NO DATA,Dry,Stop Sign,Clear,Not Worn,Pedalcyclist
14376114,No,No,No Data,Austin Police Department,FALSE,No Data,No Data,150961296,Austin,No,No,Travis,0,0,0,2,0,Not Injured,1736,0,0,2015,Monday,Pedalcyclist,No Data,N/A,Non Intersection,No Data,Daylight,No Data,One Motor Vehicle - Going Straight,No Data,One Vehicle Leaving Driveway,No Data,Private Drive Or Road,"250,000 Pop And Over",Yes,NONE,No Data,Non Trafficway,"Straight, Level",Other (Explain In Narrative),Not Applicable,No Data,-1,W SLAUGHTER LN,NO DATA,Dry,Stop Sign,Clear,Unknown If Worn,Pedalcyclist
14373018,No,No,No Data,Austin Police Department,FALSE,No Data,No Data,150970633,Austin,No,No,Travis,0,0,0,1,1,Possible Injury,1010,1,0,2015,Tuesday,Pedalcyclist,No Data,N/A,Non Intersection,No Data,Daylight,No Data,One Motor Vehicle - Going Straight,No Data,Not Applicable,No Data,In A Parking Lot,"250,000 Pop And Over",Yes,NONE,No Data,Non Trafficway,"Straight, Level",Main/Proper Lane,Not Applicable,No Data,-1,E 6TH ST,NO DATA,Dry,None,Clear,Not Worn,Pedalcyclist
14373020,No,No,No Data,Austin Police Department,FALSE,No Data,No Data,150971302,Austin,No,No,Travis,0,0,1,1,0,Non-Incapacitating Injury,1612,1,0,2015,Tuesday,Pedalcyclist,No Data,N/A,Non Intersection,No Data,Daylight,No Data,One Motor Vehicle - Going Straight,No Data,One Vehicle Leaving Driveway,No Data,In A Parking Lot,"250,000 Pop And Over",No,NONE,No Data,Non Trafficway,"Straight, Level",Main/Proper Lane,Not Applicable,No Data,30,GUADALUPE ST,NO DATA,Dry,Marked Lanes,Clear,Not Worn,Pedalcyclist
14378854,No,No,34215,Austin Police Department,FALSE,34215,2014,150990951,Austin,No,No,Travis,0,0,0,1,1,Possible Injury,1413,1,0,2015,Thursday,Pedalcyclist,State Loop,N/A,Non Intersection,30.24772289,Daylight,-97.77247961,One Motor Vehicle - Going Straight,4,Attention Diverted From Driving,0,Not Applicable,"250,000 Pop And Over",No,NONE,80,US & State Highways,"Straight, Level",Main/Proper Lane,On Roadway,"4 Or More Lanes, Undivided",-1,SL0343,2174,Dry,Flashing Red Light,Clear,Unknown If Worn,Pedalcyclist
14376267,No,No,No Data,Austin Police Department,FALSE,No Data,No Data,151001090,Austin,No,No,Travis,0,0,1,1,0,Non-Incapacitating Injury,1431,1,0,2015,Friday,Pedalcyclist,No Data,N/A,Driveway Access,30.32584668,Daylight,-97.72639296,One Motor Vehicle - Turning Right,No Data,One Vehicle Entering Driveway,No Data,Entrance To Or Exit From Private Property Or Driveway,"250,000 Pop And Over",No,NONE,No Data,Interstate,"Straight, Level",Main/Proper Lane,On Roadway,No Data,-1,N LAMAR BLVD,NO DATA,Dry,None,Clear,Not Worn,Pedalcyclist
14376354,No,No,No Data,Austin Police Department,TRUE,No Data,No Data,151001389,Austin,No,No,Travis,0,0,1,1,0,Non-Incapacitating Injury,1530,1,0,2015,Friday,Pedalcyclist,No Data,UNKNOWN,Intersection,30.31769477,Daylight,-97.72117247,One Motor Vehicle - Turning Right,No Data,Not Applicable,No Data,Not Applicable,"250,000 Pop And Over",No,NONE,No Data,City Street,"Straight, Level",Main/Proper Lane,On Roadway,No Data,35,E NORTH LOOP BLVD,198,Dry,Center Stripe/Divider,Clear,Not Worn,Pedalcyclist
14383969,No,No,No Data,Austin Police Department,TRUE,No Data,No Data,151001277,Austin,No,No,Travis,0,0,0,1,1,Possible Injury,1621,1,0,2015,Friday,Pedalcyclist,No Data,W 12TH ST,Intersection Related,30.27642478,Daylight,-97.74984246,One Motor Vehicle - Going Straight,No Data,Not Applicable,No Data,Not Applicable,"250,000 Pop And Over",No,NONE,No Data,City Street,"Straight, Grade",Main/Proper Lane,On Roadway,No Data,30,SHOAL CREEK BLVD,1199,Dry,Signal Light,Clear,Not Worn,Pedalcyclist
14383973,No,No,No Data,Austin Police Department,FALSE,No Data,No Data,151001538,Austin,No,No,Travis,0,0,1,1,0,Non-Incapacitating Injury,1822,1,0,2015,Friday,Pedalcyclist,No Data,N/A,Driveway Access,30.27208677,Daylight,-97.75544061,One Motor Vehicle - Turning Right,No Data,One Vehicle Entering Driveway,No Data,Entrance To Or Exit From Private Property Or Driveway,"250,000 Pop And Over",No,NONE,No Data,City Street,"Straight, Level",Main/Proper Lane,On Roadway,No Data,30,W 6TH ST,1109,Dry,Bike Lane,Clear,Unknown If Worn,Pedalcyclist
14383990,No,No,No Data,Austin Police Department,FALSE,No Data,No Data,151010034,Austin,No,No,Travis,0,1,0,1,0,Incapacitating Injury,17,1,0,2015,Saturday,Pedalcyclist,No Data,N/A,Non Intersection,No Data,"Dark, Lighted",No Data,One Motor Vehicle - Going Straight,No Data,Not Applicable,No Data,In A Parking Lot,"250,000 Pop And Over",Yes,NONE,No Data,Non Trafficway,"Straight, Level",Other (Explain In Narrative),Not Applicable,No Data,-1,STONELAKE BLVD,NO DATA,Dry,None,Clear,Not Worn,Pedalcyclist
14384049,No,No,No Data,Austin Police Department,FALSE,No Data,No Data,151021486,Austin,No,No,Travis,0,1,0,2,0,Incapacitating Injury,1958,1,0,2015,Sunday,Pedalcyclist,No Data,N/A,Non Intersection,30.31161664,Daylight,-97.73429444,One Motor Vehicle - Going Straight,No Data,Vehicle Changing Lanes,No Data,Not Applicable,"250,000 Pop And Over",No,NONE,No Data,City Street,"Straight, Level",Main/Proper Lane,On Roadway,No Data,35,W 45TH ST,709,Dry,Marked Lanes,Cloudy,"Worn, Not Damaged",Pedalcyclist
14381370,Yes,No,No Data,Austin Police Department,TRUE,No Data,No Data,151041814,Austin,No,No,Travis,0,0,0,1,1,Possible Injury,2142,1,0,2015,Tuesday,Pedalcyclist,No Data,THUNDER CREEK RD,Intersection,30.41569475,"Dark, Lighted",-97.74835245,One Motor Vehicle - Turning Left,No Data,Not Applicable,No Data,Not Applicable,"250,000 Pop And Over",No,NONE,No Data,City Street,"Straight, Level",Main/Proper Lane,On Roadway,No Data,45,JOLLYVILLE RD,11581,Dry,Stop Sign,Clear,"Worn, Unk Damage",Pedalcyclist