Crash ID,$1000 Damage to Any One Person's Property,Active School Zone Flag,Adjusted Average Daily Traffic Amount,Agency,At Intersection Flag,Average Daily Traffic Amount,Average Daily Traffic Year,Case ID,City,Construction Zone Flag,Construction Zone Workers Present Flag,County,Crash Death Count,Crash Incapacitating Injury Count,Crash Non-incapacitating Injury Count,Crash Not Injured Count,Crash Possible Injury Count,Crash Severity,Crash Time,Crash Total Injury Count,Crash Unknown Injury Count,Crash Year,Day of Week,First Harmful Event,Highway System,Intersecting Street Name,Intersection Related,Latitude,Light Condition,Longitude,Manner of Collision,Number of Lanes,Other Factor,Outside Shoulder Width on Divided Highway,Physical Feature 1,Population Group,Private Drive Flag,Property Damages,Right of Way Usual Width,Road Class,Roadway Alignment,Roadway Part,Roadway Relation,Roadway Type,Speed Limit,Street Name,Street Number,Surface Condition,Traffic Control Type,Weather Condition,Person Helmet,Person Type
14385413,No,No,No Data,Austin Police Department,FALSE,No Data,No Data,151040865,Austin,No,No,Travis,0,0,1,1,0,Non-Incapacitating Injury,1313,1,0,2015,Tuesday,Pedalcyclist,No Data,N/A,Non Intersection,30.28919194,Daylight,-97.73039525,One Motor Vehicle - Going Straight,No Data,One Vehicle Forward From Parking,No Data,Parking Area Within Right Of Way,"250,000 Pop And Over",No,NONE,No Data,City Street,"Straight, Grade",Main/Proper Lane,On Roadway,No Data,35,E DEAN KEETON ST,805,Dry,None,Clear,Not Worn,Pedalcyclist
14396455,No,No,No Data,Austin Police Department,TRUE,No Data,No Data,151041756,Austin,No,No,Travis,0,0,1,1,0,Non-Incapacitating Injury,2300,1,0,2015,Tuesday,Pedalcyclist,No Data,ROBERT E LEE RD,Intersection,30.26474478,"Dark, Lighted",-97.76495246,One Motor Vehicle - Going Straight,No Data,Attention Diverted From Driving,No Data,Not Applicable,"250,000 Pop And Over",No,NONE,No Data,City Street,"Straight, Level",Main/Proper Lane,On Roadway,No Data,35,BARTON SPRINGS RD,NO DATA,Dry,Bike Lane,Clear,"Worn, Not Damaged",Pedalcyclist
14392710,No,No,No Data,Austin Police Department,TRUE,No Data,No Data,151070400,Austin,No,No,Travis,0,0,0,2,0,Not Injured,706,0,0,2015,Friday,Pedalcyclist,No Data,BOLM RD,Intersection Related,30.26110478,Daylight,-97.69611248,One Motor Vehicle - Going Straight,No Data,Not Applicable,No Data,Not Applicable,"250,000 Pop And Over",No,NONE,No Data,City Street,"Straight, Level",Main/Proper Lane,On Roadway,No Data,-1,MANSELL AVE,1099,Dry,Marked Lanes,Cloudy,Not Worn,Pedalcyclist
14396681,Yes,No,No Data,Austin Police Department,FALSE,No Data,No Data,151071340,Austin,No,No,Travis,0,0,1,1,0,Non-Incapacitating Injury,1713,1,0,2015,Friday,Pedalcyclist,No Data,N/A,Non Intersection,No Data,Daylight,No Data,One Motor Vehicle - Going Straight,No Data,One Vehicle Leaving Driveway,No Data,In A Parking Lot,"250,000 Pop And Over",No,NONE,No Data,Non Trafficway,"Straight, Level",Main/Proper Lane,Not Applicable,No Data,40,W BRAKER LN,NO DATA,Wet,Bike Lane,Rain,Unknown If Worn,Pedalcyclist
14452962,No,No,No Data,Austin Police Department,TRUE,No Data,No Data,151071703,Austin,No,No,Travis,0,0,0,1,1,Possible Injury,2037,1,0,2015,Friday,Pedalcyclist,No Data,W 46TH ST,Intersection,30.31282477,"Dark, Lighted",-97.73164246,One Motor Vehicle - Going Straight,No Data,Not Applicable,No Data,Not Applicable,"250,000 Pop And Over",No,NONE,No Data,City Street,"Straight, Level",Main/Proper Lane,On Roadway,No Data,-1,GUADALUPE ST,4599,Wet,Stop Sign,Rain,"Worn, Not Damaged",Pedalcyclist
14498512,No,No,No Data,Austin Police Department,FALSE,No Data,No Data,151071058,Austin,No,No,Travis,0,0,1,2,0,Non-Incapacitating Injury,1437,1,0,2015,Friday,Pedalcyclist,No Data,NOT REPORTED,Driveway Access,30.25715478,Daylight,-97.74688246,One Motor Vehicle - Turning Right,No Data,One Vehicle Entering Driveway,No Data,Entrance To Or Exit From Private Property Or Driveway,"250,000 Pop And Over",No,NONE,No Data,City Street,"Straight, Level",Main/Proper Lane,On Roadway,No Data,45,CONGRESS AVE S,400,Dry,Center Stripe/Divider,Clear,Unknown If Worn,Pedalcyclist
14394008,No,No,No Data,Austin Police Department,FALSE,No Data,No Data,151091220,Austin,No,No,Travis,0,0,0,3,0,Not Injured,1731,0,0,2015,Sunday,Pedalcyclist,No Data,NOT REPORTED,Non Intersection,No Data,Daylight,No Data,One Motor Vehicle - Going Straight,No Data,Attention Diverted From Driving,No Data,In A Parking Lot,"250,000 Pop And Over",No,NONE,No Data,Non Trafficway,"Straight, Grade",Main/Proper Lane,Not Applicable,No Data,-1,S GUADALUPE ST,NO DATA,Dry,None,Clear,Unknown If Worn,Pedalcyclist
14394498,No,No,18049,Austin Police Department,TRUE,18049,2014,151090920,Austin,No,No,Travis,0,0,1,1,0,Non-Incapacitating Injury,1400,1,0,2015,Sunday,Pedalcyclist,Farm To Market,PARK AT WOODLANDS DR,Intersection,30.27309487,Daylight,-97.63434235,One Motor Vehicle - Turning Right,4,Not Applicable,0,One Or More Traffic Lanes Closed,"250,000 Pop And Over",No,NONE,100,Farm To Market,"Straight, Level",Main/Proper Lane,On Roadway,"4 Or More Lanes, Undivided",55,FM0969,9100,Dry,Marked Lanes,Clear,Unknown If Worn,Pedalcyclist
14410648,No,No,No Data,Austin Police Department,FALSE,No Data,No Data,156900247,Austin,No,No,Travis,0,0,1,3,0,Non-Incapacitating Injury,230,1,0,2015,Tuesday,Pedalcyclist,No Data,N/A,Non Intersection,30.26894477,"Dark, Unknown Lighting",-97.73865246,One Motor Vehicle - Backing,No Data,One Vehicle Backward From Parking,No Data,Parking Area Within Right Of Way,"250,000 Pop And Over",No,NONE,No Data,City Street,"Straight, Level",Main/Proper Lane,On Roadway,No Data,35,TRINITY ST,800,Dry,None,Clear,Not Worn,Pedalcyclist
14403173,No,No,No Data,Austin Police Department,FALSE,No Data,No Data,151141455,Austin,No,No,Travis,0,0,1,1,0,Non-Incapacitating Injury,1807,1,0,2015,Friday,Pedalcyclist,No Data,N/A,Non Intersection,No Data,Daylight,No Data,One Motor Vehicle - Going Straight,No Data,One Vehicle Leaving Driveway,No Data,In A Parking Lot,"250,000 Pop And Over",Yes,NONE,No Data,Non Trafficway,"Straight, Level",Other (Explain In Narrative),Not Applicable,No Data,-1,WEST GATE BLVD,NO DATA,Dry,None,Clear,Not Worn,Pedalcyclist
14530994,No,No,No Data,Austin Police Department,FALSE,No Data,No Data,151161352,Austin,No,No,Travis,0,0,0,1,1,Possible Injury,1838,1,0,2015,Sunday,Pedalcyclist,No Data,N/A,Non Intersection,No Data,Daylight,No Data,One Motor Vehicle - Going Straight,No Data,Attention Diverted From Driving,No Data,In A Parking Lot,"250,000 Pop And Over",Yes,NONE,No Data,Non Trafficway,"Straight, Level",Main/Proper Lane,Not Applicable,No Data,-1,PARK PLAZA AVE,NO DATA,Dry,None,Clear,Not Worn,Pedalcyclist
14414844,No,No,No Data,Austin Police Department,TRUE,No Data,No Data,151171004,Austin,No,No,Travis,0,0,0,1,1,Possible Injury,1319,1,0,2015,Monday,Pedalcyclist,No Data,N/A,Non Intersection,No Data,Daylight,No Data,One Motor Vehicle - Going Straight,No Data,One Vehicle Leaving Driveway,No Data,In A Parking Lot,"250,000 Pop And Over",Yes,NONE,No Data,Non Trafficway,"Straight, Level",Main/Proper Lane,Not Applicable,No Data,10,W GUADALUPE ST,NO DATA,Dry,Stop Sign,Clear,Not Worn,Pedalcyclist
14414901,No,No,No Data,Austin Police Department,FALSE,No Data,No Data,151171062,Austin,No,No,Travis,0,0,1,0,0,Non-Incapacitating Injury,1349,1,0,2015,Monday,Pedalcyclist,No Data,N/A,Non Intersection,30.21789364,Daylight,-97.77488663,One Motor Vehicle - Going Straight,No Data,Not Applicable,No Data,Not Applicable,"250,000 Pop And Over",No,NONE,No Data,City Street,"Straight, Level",Main/Proper Lane,On Roadway,No Data,40,S 1ST ST,4542,Dry,Marked Lanes,Clear,Not Worn,Pedalcyclist
14406825,Yes,No,No Data,Austin Police Department,TRUE,No Data,No Data,151180443,Austin,No,No,Travis,0,0,1,1,0,Non-Incapacitating Injury,843,1,0,2015,Tuesday,Pedalcyclist,No Data,KRAMER LN,Intersection Related,30.39093475,Daylight,-97.71406246,One Motor Vehicle - Turning Right,No Data,Attention Diverted From Driving,No Data,Not Applicable,"250,000 Pop And Over",No,NONE,No Data,City Street,"Curve, Grade",Main/Proper Lane,On Roadway,No Data,45,W BRAKER LN,NO DATA,Wet,Warning Sign,Cloudy,"Worn, Not Damaged",Pedalcyclist
14406865,No,No,No Data,Austin Police Department,FALSE,No Data,No Data,151181118,Austin,No,No,Travis,0,0,0,3,0,Not Injured,1530,0,0,2015,Tuesday,Pedalcyclist,No Data,S PLEASANT VALLEY RD,Intersection Related,30.23442716,Daylight,-97.72406475,One Motor Vehicle - Turning Right,No Data,Attention Diverted From Driving,No Data,Not Applicable,"250,000 Pop And Over",No,NONE,No Data,City Street,"Straight, Level",Main/Proper Lane,On Roadway,No Data,-1,E RIVERSIDE DR,NO DATA,Dry,None,Cloudy,Unknown If Worn,Pedalcyclist
14415179,Yes,No,No Data,Austin Police Department,TRUE,No Data,No Data,151211507,Austin,No,No,Travis,0,0,1,1,0,Non-Incapacitating Injury,1928,1,0,2015,Friday,Pedalcyclist,No Data,W WILLIAM CANNON DR,Intersection,30.22489479,Daylight,-97.85500243,One Motor Vehicle - Going Straight,No Data,Attention Diverted From Driving,No Data,Not Applicable,"250,000 Pop And Over",No,NONE,No Data,City Street,"Straight, Level",Main/Proper Lane,On Roadway,No Data,45,BECKETT RD,NO DATA,Dry,Signal Light,Clear,"Worn, Not Damaged",Pedalcyclist
14573910,Yes,No,No Data,Austin Police Department,FALSE,No Data,No Data,151231069,Austin,No,No,Travis,0,0,1,0,0,Non-Incapacitating Injury,1100,1,1,2015,Friday,Pedalcyclist,No Data,N/A,Non Intersection,30.28768612,Daylight,-97.74159191,One Motor Vehicle - Turning Left,No Data,Attention Diverted From Driving,No Data,Not Applicable,"250,000 Pop And Over",No,NONE,No Data,City Street,"Straight, Level",Main/Proper Lane,On Roadway,No Data,-1,W 24TH ST,402,Dry,None,Clear,"Worn, Unk Damage",Pedalcyclist
14415232,Yes,No,No Data,Austin Police Department,FALSE,No Data,No Data,151221395,Austin,No,No,Travis,0,1,0,1,0,Incapacitating Injury,1837,1,0,2015,Saturday,Pedalcyclist,No Data,N/A,Non Intersection,30.40071361,Daylight,-97.74757153,One Motor Vehicle - Going Straight,No Data,Not Applicable,No Data,Not Applicable,"250,000 Pop And Over",No,NONE,No Data,City Street,"Straight, Level",Main/Proper Lane,On Roadway,No Data,-1,W BRAKER LN,4851,Dry,None,Clear,"Worn, Damaged",Pedalcyclist
14415305,Yes,No,No Data,Austin Police Department,FALSE,No Data,No Data,151240302,Austin,No,No,Travis,0,0,1,0,0,Non-Incapacitating Injury,2230,1,1,2015,Sunday,Pedalcyclist,No Data,N/A,Non Intersection,30.22163931,"Dark, Unknown Lighting",-97.74217315,One Motor Vehicle - Going Straight,No Data,Attention Diverted From Driving,No Data,Not Applicable,"250,000 Pop And Over",No,NONE,No Data,City Street,"Straight, Level",Main/Proper Lane,On Roadway,No Data,30,PARKER LN,3299,Dry,Marked Lanes,Unknown,Not Worn,Pedalcyclist
14423495,Yes,No,No Data,Austin Police Department,FALSE,No Data,No Data,151250569,Austin,No,No,Travis,0,0,1,1,0,Non-Incapacitating Injury,815,1,0,2015,Tuesday,Pedalcyclist,No Data,N/A,Driveway Access,30.16713419,Daylight,-97.79092662,One Motor Vehicle - Turning Right,No Data,One Vehicle Entering Driveway,No Data,Entrance To Or Exit From Private Property Or Driveway,"250,000 Pop And Over",No,NONE,No Data,Farm To Market,"Straight, Level",Other (Explain In Narrative),Off Roadway,No Data,-1,W SLAUGHTER LN,NO DATA,Dry,None,Cloudy,Unknown If Worn,Pedalcyclist
14419016,No,No,No Data,Austin Police Department,FALSE,No Data,No Data,151260274,Austin,No,No,Travis,0,0,1,1,0,Non-Incapacitating Injury,658,1,0,2015,Wednesday,Pedalcyclist,No Data,N/A,Non Intersection,30.34844706,Daylight,-97.67677062,One Motor Vehicle - Going Straight,No Data,Not Applicable,No Data,Not Applicable,"250,000 Pop And Over",No,NONE,No Data,City Street,"Straight, Level",Main/Proper Lane,On Roadway,No Data,-1,CAMERON RD,NO DATA,Dry,None,Clear,Not Worn,Pedalcyclist
14431932,No,No,No Data,Austin Police Department,FALSE,No Data,No Data,151271130,Austin,No,No,Travis,0,0,1,1,0,Non-Incapacitating Injury,1613,1,0,2015,Thursday,Pedalcyclist,No Data,UNKNOWN,Intersection Related,30.19151666,Daylight,-97.77386149,One Motor Vehicle - Turning Left,No Data,Not Applicable,No Data,Not Applicable,"250,000 Pop And Over",No,NONE,No Data,City Street,"Straight, Level",Other (Explain In Narrative),On Roadway,No Data,15,E WILLIAM CANNON DR,NO DATA,Dry,Signal Light,Cloudy,Unknown If Worn,Pedalcyclist
14429383,Yes,No,No Data,Austin Police Department,FALSE,No Data,No Data,151310831,Austin,No,No,Travis,0,0,0,2,1,Possible Injury,1250,1,0,2015,Monday,Motor Vehicle In Transport,No Data,GROVE BLVD,Intersection Related,30.22699801,Daylight,-97.70803027,Same Direction - One Straight-One Stopped,No Data,"Slowing/Stopping-For Pedestrian, Pedalcyclist, etc. In Road",No Data,Not Applicable,"250,000 Pop And Over",No,NONE,No Data,City Street,"Straight, Level",Main/Proper Lane,On Roadway,No Data,40,E RIVERSIDE DR,NO DATA,Wet,Signal Light With Red Light Running Camera,Rain,"Worn, Not Damaged",Pedalcyclist
14434091,Yes,No,No Data,Austin Police Department,FALSE,No Data,No Data,151331087,Austin,No,No,Travis,0,0,1,1,0,Non-Incapacitating Injury,1546,1,0,2015,Wednesday,Pedalcyclist,No Data,N/A,Non Intersection,30.2735516,Daylight,-97.69092584,One Motor Vehicle - Going Straight,No Data,Vision Obstructed By Moving Vehicle,No Data,Not Applicable,"250,000 Pop And Over",No,NONE,No Data,City Street,"Straight, Level",Main/Proper Lane,On Roadway,No Data,25,OAK SPRINGS DR,3842,Wet,Marked Lanes,Rain,Not Worn,Pedalcyclist
14452761,Yes,No,No Data,Austin Police Department,TRUE,No Data,No Data,151330728,Austin,No,No,Travis,0,0,0,1,1,Possible Injury,1143,1,0,2015,Wednesday,Pedalcyclist,No Data,WOODVIEW AVE,Intersection,30.32500477,Daylight,-97.74390246,One Motor Vehicle - Going Straight,No Data,Not Applicable,No Data,Not Applicable,"250,000 Pop And Over",No,NONE,No Data,City Street,"Straight, Level",Main/Proper Lane,On Roadway,No Data,35,HANCOCK DR,NO DATA,Wet,Bike Lane,Rain,Unknown If Worn,Pedalcyclist
14457449,Yes,No,No Data,Austin Police Department,FALSE,No Data,No Data,151341841,Austin,No,No,Travis,0,0,0,1,1,Possible Injury,2143,1,0,2015,Thursday,Pedalcyclist,No Data,N/A,Driveway Access,30.36137936,"Dark, Lighted",-97.72945924,One Motor Vehicle - Turning Left,No Data,One Vehicle Entering Driveway,No Data,Entrance To Or Exit From Private Property Or Driveway,"250,000 Pop And Over",No,NONE,No Data,City Street,"Straight, Level",Main/Proper Lane,On Roadway,No Data,30,BURNET RD,8190,Dry,Marked Lanes,Clear,Unknown If Worn,Pedalcyclist
14457470,Yes,No,33647,Austin Police Department,TRUE,33647,2014,151361390,Austin,No,No,Travis,0,0,1,1,0,Non-Incapacitating Injury,1916,1,0,2015,Saturday,Pedalcyclist,State Loop,TREADWELL ST,Intersection,30.25603639,Daylight,-97.76151136,One Motor Vehicle - Turning Right,4,Attention Diverted From Driving,0,Not Applicable,"250,000 Pop And Over",No,NONE,80,US & State Highways,"Straight, Level",Main/Proper Lane,On Roadway,"4 Or More Lanes, Undivided",35,SL0343,999,Dry,None,Clear,Not Worn,Pedalcyclist
14444084,Yes,No,20895,Austin Police Department,TRUE,20895,2014,151381196,Austin,Yes,No,Travis,0,0,2,1,0,Non-Incapacitating Injury,1535,2,1,2015,Monday,Motor Vehicle In Transport,State Loop,RED RIVER ST,Intersection,30.2618442,Daylight,-97.73886871,Same Direction - Both Going Straight-Rear End,4,Construction - Within Posted Road Construction Zone (Not Related To Crash),10,Not Applicable,"250,000 Pop And Over",No,NONE,80,US & State Highways,"Straight, Level",Main/Proper Lane,On Roadway,"4 Or More Lanes, Undivided",35,SL0343,598,Dry,Signal Light With Red Light Running Camera,Clear,Not Worn,Pedalcyclist
14454525,Yes,No,No Data,Austin Police Department,TRUE,No Data,No Data,151411267,Austin,No,No,Travis,0,0,0,1,1,Possible Injury,1654,1,0,2015,Thursday,Pedalcyclist,No Data,E BEN WHITE BLVD,Intersection Related,30.22048479,Daylight,-97.75830246,One Motor Vehicle - Turning Right,No Data,Not Applicable,No Data,Not Applicable,"250,000 Pop And Over",No,NONE,No Data,City Street,"Straight, Level",Main/Proper Lane,On Roadway,No Data,45,WAREHOUSE ROW,4099,Dry,Stop Sign,Cloudy,Unknown If Worn,Pedalcyclist
14453523,Yes,No,No Data,Austin Police Department,TRUE,No Data,No Data,151421605,Austin,No,No,Travis,0,0,1,1,0,Non-Incapacitating Injury,1839,1,0,2015,Friday,Pedalcyclist,No Data,SHEPARD DR,Intersection,30.35800476,Daylight,-97.69916247,One Motor Vehicle - Going Straight,No Data,Attention Diverted From Driving,No Data,Not Applicable,"250,000 Pop And Over",No,NONE,No Data,City Street,"Straight, Level",Main/Proper Lane,On Roadway,No Data,-1,CARPENTER AVE,706,Dry,None,Cloudy,Not Worn,Pedalcyclist
14467010,Yes,No,No Data,Austin Police Department,FALSE,No Data,No Data,151421398,Austin,No,No,Travis,0,0,1,2,0,Non-Incapacitating Injury,1655,1,0,2015,Friday,Pedalcyclist,No Data,N/A,Non Intersection,30.29601502,Daylight,-97.7424198,One Motor Vehicle - Turning Left,No Data,Attention Diverted From Driving,No Data,Not Applicable,"250,000 Pop And Over",No,NONE,No Data,City Street,"Straight, Level",Main/Proper Lane,On Roadway,No Data,35,GUADALUPE ST,2918,Dry,Bike Lane,Cloudy,Unknown If Worn,Pedalcyclist
14663285,No,No,No Data,Austin Police Department,TRUE,No Data,No Data,151421501,Austin,No,No,Travis,0,0,1,3,0,Non-Incapacitating Injury,1754,1,0,2015,Friday,Pedalcyclist,No Data,BRANCHWOOD DR,Intersection,30.1799948,Daylight,-97.75977246,One Motor Vehicle - Going Straight,No Data,Not Applicable,No Data,Not Applicable,"250,000 Pop And Over",No,NONE,No Data,City Street,"Straight, Level",Main/Proper Lane,On Roadway,No Data,30,BLUE MEADOW DR,2598,Dry,Stop Sign,Cloudy,Unknown If Worn,Pedalcyclist
14478649,No,No,No Data,Austin Police Department,TRUE,No Data,No Data,151481598,Austin,No,No,Travis,0,0,0,1,1,Possible Injury,1843,1,0,2015,Thursday,Pedalcyclist,No Data,COLORADO ST,Intersection,30.26466478,Daylight,-97.74552246,One Motor Vehicle - Turning Left,No Data,Not Applicable,No Data,Not Applicable,"250,000 Pop And Over",No,NONE,No Data,City Street,"Straight, Level",Main/Proper Lane,On Roadway,No Data,-1,W 2ND ST,200,Dry,Signal Light,Clear,"Worn, Unk Damage",Pedalcyclist
14465210,Yes,No,No Data,"Department Of Public Safety, State Of Texas",TRUE,No Data,No Data,,Austin,No,No,Travis,0,1,0,1,0,Incapacitating Injury,1650,1,0,2015,Saturday,Pedalcyclist,No Data,E 17TH ST,Intersection,30.27804478,Daylight,-97.73643246,One Motor Vehicle - Going Straight,No Data,Attention Diverted From Driving,No Data,Not Applicable,"250,000 Pop And Over",No,NONE,No Data,City Street,"Straight, Level",Main/Proper Lane,On Roadway,No Data,30,SAN JACINTO BLVD,1701,Wet,Bike Lane,Rain,Not Worn,Pedalcyclist
14463444,No,No,No Data,Austin Police Department,FALSE,No Data,No Data,151510824,Austin,No,No,Travis,0,0,1,3,0,Non-Incapacitating Injury,1238,1,0,2015,Sunday,Pedalcyclist,No Data,N/A,Driveway Access,30.26120886,Daylight,-97.6981663,One Motor Vehicle - Turning Left,No Data,One Vehicle Entering Driveway,No Data,Entrance To Or Exit From Private Property Or Driveway,"250,000 Pop And Over",No,NONE,No Data,City Street,"Straight, Level",Main/Proper Lane,On Roadway,No Data,30,BOLM RD,4611,Dry,Bike Lane,Clear,Unknown If Worn,Pedalcyclist
14479310,Yes,No,No Data,Austin Police Department,FALSE,No Data,No Data,151511689,Austin,No,No,Travis,0,0,1,1,0,Non-Incapacitating Injury,2109,1,0,2015,Sunday,Pedalcyclist,No Data,N/A,Non Intersection,30.26383478,"Dark, Lighted",-97.74435246,One Motor Vehicle - Going Straight,No Data,Not Applicable,No Data,Not Applicable,"250,000 Pop And Over",No,NONE,No Data,City Street,"Straight, Level",Main/Proper Lane,On Roadway,No Data,35,CONGRESS AVE,80,Dry,Marked Lanes,Clear,Not Worn,Pedalcyclist
14465136,No,No,148494,Austin Police Department,TRUE,148494,2014,151521280,Austin,No,No,Travis,0,0,1,1,0,Non-Incapacitating Injury,1635,1,0,2015,Monday,Pedalcyclist,Interstate,E 4TH ST,Intersection Related,30.26390097,Daylight,-97.73535224,One Motor Vehicle - Going Straight,6,Attention Diverted From Driving,5,Not Applicable,"250,000 Pop And Over",No,NONE,300,Interstate,"Straight, Level",Main/Proper Lane,On Roadway,"4 Or More Lanes, Divided",30,IH0035,NO DATA,Dry,Stop Sign,Clear,Not Worn,Pedalcyclist
14465342,No,No,122507,Austin Police Department,TRUE,122507,2014,151530755,Austin,No,No,Travis,0,0,1,0,0,Non-Incapacitating Injury,1117,1,2,2015,Tuesday,Pedalcyclist,US Highway,GREAT HILLS TRL,Intersection Related,30.39404956,Daylight,-97.74647834,One Motor Vehicle - Going Straight,6,Not Applicable,10,Not Applicable,"250,000 Pop And Over",No,NONE,260,US & State Highways,"Straight, Level",Main/Proper Lane,On Roadway,"4 Or More Lanes, Divided",35,US0183,NO DATA,Dry,Signal Light,Clear,Not Worn,Pedalcyclist
14502768,Yes,No,No Data,Austin Police Department,TRUE,No Data,No Data,151531662,Austin,No,No,Travis,0,1,0,0,0,Incapacitating Injury,1954,1,1,2015,Tuesday,Pedalcyclist,No Data,KANDY DR,Intersection,30.21149479,Daylight,-97.83482244,One Motor Vehicle - Turning Left,No Data,Attention Diverted From Driving,No Data,Not Applicable,"250,000 Pop And Over",No,NONE,No Data,City Street,"Straight, Level",Main/Proper Lane,On Roadway,No Data,-1,CONVICT HILL RD,3776,Wet,Marked Lanes,Cloudy,Unknown If Worn,Pedalcyclist
14469362,No,No,No Data,Austin Police Department,TRUE,No Data,No Data,151541345,Austin,No,No,Travis,0,0,0,0,2,Possible Injury,1629,2,0,2015,Wednesday,Pedalcyclist,No Data,AIRPORT BLVD,Intersection Related,30.33395477,Daylight,-97.71692247,One Motor Vehicle - Turning Right,No Data,Not Applicable,No Data,Not Applicable,"250,000 Pop And Over",No,NONE,No Data,City Street,"Straight, Level",Main/Proper Lane,On Roadway,No Data,-1,GUADALUPE ST,6799,Dry,Marked Lanes,Clear,"Worn, Not Damaged",Pedalcyclist
14479309,No,No,26658,Austin Police Department,TRUE,26658,2014,151541564,Austin,No,No,Travis,0,0,0,3,1,Possible Injury,1815,1,0,2015,Wednesday,Pedalcyclist,Ranch To Mkt,WOODROW AVE,Intersection,30.33088548,Daylight,-97.73154794,One Motor Vehicle - Turning Left,4,Attention Diverted From Driving,0,Not Applicable,"250,000 Pop And Over",No,NONE,70,Farm To Market,"Straight, Level",Main/Proper Lane,On Roadway,"4 Or More Lanes, Undivided",35,RM2222,1400,Dry,Signal Light,Clear,"Worn, Not Damaged",Pedalcyclist
14491791,No,No,No Data,Austin Police Department,TRUE,No Data,No Data,151551572,Austin,No,No,Travis,0,0,1,1,0,Non-Incapacitating Injury,1832,1,0,2015,Thursday,Pedalcyclist,No Data,UNKNOWN,Intersection,30.30059477,Daylight,-97.75916246,One Motor Vehicle - Turning Left,No Data,Not Applicable,No Data,Not Applicable,"250,000 Pop And Over",No,NONE,No Data,US & State Highways,"Straight, Level",Main/Proper Lane,On Roadway,No Data,35,WESTOVER RD,2100,Dry,Stop Sign,Clear,"Worn, Damaged",Pedalcyclist
14504718,Yes,No,No Data,Austin Police Department,TRUE,No Data,No Data,151550415,Austin,No,No,Travis,0,0,1,1,0,Non-Incapacitating Injury,749,1,0,2015,Thursday,Pedalcyclist,No Data,CHICON ST,Intersection,30.27375478,Daylight,-97.71989247,One Motor Vehicle - Turning Left,No Data,Attention Diverted From Driving,No Data,Not Applicable,"250,000 Pop And Over",No,NONE,No Data,City Street,"Straight, Level",Main/Proper Lane,On Roadway,No Data,35,E 12TH ST,1901,Dry,Signal Light,Clear,"Worn, Not Damaged",Pedalcyclist
14481594,Yes,No,No Data,Austin Police Department,FALSE,No Data,No Data,151571536,Austin,No,No,Travis,1,0,0,2,0,Killed,1834,0,0,2015,Saturday,Pedalcyclist,No Data,N/A,Non Intersection,30.29825668,Daylight,-97.64946172,One Motor Vehicle - Going Straight,No Data,Not Applicable,No Data,Not Applicable,"250,000 Pop And Over",No,NONE,No Data,City Street,"Straight, Level",Main/Proper Lane,On Roadway,No Data,30,JOHNNY MORRIS RD,6485,Dry,Center Stripe/Divider,Clear,Not Worn,Pedalcyclist
14475244,No,No,No Data,Austin Police Department,TRUE,No Data,No Data,151580719,Austin,No,No,Travis,0,0,0,2,0,Not Injured,1031,0,0,2015,Sunday,Pedalcyclist,No Data,E 38TH ST,Intersection,30.29560477,Daylight,-97.72339247,One Motor Vehicle - Turning Right,No Data,Not Applicable,No Data,Not Applicable,"250,000 Pop And Over",No,NONE,No Data,City Street,"Straight, Level",Main/Proper Lane,On Roadway,No Data,35,RED RIVER ST,NO DATA,Dry,Stop Sign,Clear,Not Worn,Pedalcyclist
14498737,Yes,No,No Data,Austin Police Department,FALSE,No Data,No Data,151580618,Austin,No,No,Travis,0,1,0,1,0,Incapacitating Injury,900,1,0,2015,Sunday,Pedalcyclist,No Data,UNKNOWN,Intersection,30.15762554,Daylight,-97.74276327,One Motor Vehicle - Going Straight,No Data,Attention Diverted From Driving,No Data,Not Applicable,"250,000 Pop And Over",No,NONE,No Data,City Street,"Curve, Grade",Main/Proper Lane,On Roadway,No Data,30,THAXTON RD,8000,Dry,Marked Lanes,Clear,"Worn, Not Damaged",Pedalcyclist
14491956,No,No,No Data,Austin Police Department,TRUE,No Data,No Data,151591858,Austin,No,No,Travis,0,0,1,1,0,Non-Incapacitating Injury,2158,1,0,2015,Monday,Pedalcyclist,No Data,JAMES ST W,Intersection,30.25111478,"Dark, Lighted",-97.74912246,One Motor Vehicle - Going Straight,No Data,Attention Diverted From Driving,No Data,Not Applicable,"250,000 Pop And Over",No,NONE,No Data,City Street,"Straight, Level",Main/Proper Lane,On Roadway,No Data,-1,CONGRESS AVE S,1299,Dry,Signal Light,Clear,Unknown If Worn,Pedalcyclist
14483564,No,No,No Data,Austin Police Department,TRUE,No Data,No Data,151600586,Austin,No,No,Travis,0,1,0,1,0,Incapacitating Injury,700,1,0,2015,Tuesday,Pedalcyclist,No Data,MOUNTAINWOOD CIR,Intersection,30.37763476,Daylight,-97.74750245,One Motor Vehicle - Going Straight,No Data,Attention Diverted From Driving,No Data,Not Applicable,"250,000 Pop And Over",No,NONE,No Data,City Street,"Straight, Level",Main/Proper Lane,On Roadway,No Data,30,HYRIDGE DR,3898,Dry,Stop Sign,Clear,Not Worn,Pedalcyclist