Crash ID,$1000 Damage to Any One Person's Property,Active School Zone Flag,Adjusted Average Daily Traffic Amount,Agency,At Intersection Flag,Average Daily Traffic Amount,Average Daily Traffic Year,Case ID,City,Construction Zone Flag,Construction Zone Workers Present Flag,County,Crash Death Count,Crash Incapacitating Injury Count,Crash Non-incapacitating Injury Count,Crash Not Injured Count,Crash Possible Injury Count,Crash Severity,Crash Time,Crash Total Injury Count,Crash Unknown Injury Count,Crash Year,Day of Week,First Harmful Event,Highway System,Intersecting Street Name,Intersection Related,Latitude,Light Condition,Longitude,Manner of Collision,Number of Lanes,Other Factor,Outside Shoulder Width on Divided Highway,Physical Feature 1,Population Group,Private Drive Flag,Property Damages,Right of Way Usual Width,Road Class,Roadway Alignment,Roadway Part,Roadway Relation,Roadway Type,Speed Limit,Street Name,Street Number,Surface Condition,Traffic Control Type,Weather Condition,Person Helmet,Person Type
14628750,No,No,No Data,Austin Police Department,TRUE,No Data,No Data,152351615,Austin,No,No,Travis,0,0,1,0,0,Non-Incapacitating Injury,2214,1,1,2015,Sunday,Pedalcyclist,No Data,W SLAUGHTER LN,Intersection Related,30.1671348,"Dark, Lighted",-97.79094246,One Motor Vehicle - Turning Right,No Data,Not Applicable,No Data,Not Applicable,"250,000 Pop And Over",No,NONE,No Data,City Street,"Straight, Level",Main/Proper Lane,On Roadway,No Data,30,CULLEN LN,NO DATA,Dry,Marked Lanes,Clear,Not Worn,Pedalcyclist
14606886,No,No,No Data,Austin Police Department,FALSE,No Data,No Data,152360433,Austin,No,No,Travis,0,0,1,2,0,Non-Incapacitating Injury,822,1,0,2015,Monday,Pedalcyclist,No Data,MARY ST E,Intersection,30.24514696,Daylight,-97.75132538,One Motor Vehicle - Turning Right,No Data,Attention Diverted From Driving,No Data,Not Applicable,"250,000 Pop And Over",No,NONE,No Data,City Street,"Straight, Level",Main/Proper Lane,On Roadway,No Data,35,CONGRESS AVE S,1902,Dry,Marked Lanes,Clear,Not Worn,Pedalcyclist
14606934,No,No,No Data,Austin Police Department,TRUE,No Data,No Data,152360598,Austin,No,No,Travis,0,0,0,1,1,Possible Injury,918,1,0,2015,Monday,Pedalcyclist,No Data,PARKER LN,Intersection Related,30.21961479,Daylight,-97.74393247,One Motor Vehicle - Turning Right,No Data,Attention Diverted From Driving,No Data,Not Applicable,"250,000 Pop And Over",No,NONE,No Data,City Street,"Straight, Level",Main/Proper Lane,On Roadway,No Data,35,WOODWARD ST,1900,Dry,Signal Light,Clear,Not Worn,Pedalcyclist
14610533,No,No,No Data,Austin Police Department,FALSE,No Data,No Data,152361020,Austin,No,No,Travis,0,0,1,1,0,Non-Incapacitating Injury,835,1,0,2015,Monday,Pedalcyclist,No Data,N/A,Driveway Access,30.2623834,Daylight,-97.76197666,One Motor Vehicle - Turning Right,No Data,One Vehicle Entering Driveway,No Data,Entrance To Or Exit From Private Property Or Driveway,"250,000 Pop And Over",No,GREEN GIANT BICYCLE,No Data,City Street,"Straight, Level",Main/Proper Lane,Off Roadway,No Data,-1,BARTON SPRINGS RD,1600,Dry,Bike Lane,Clear,"Worn, Unk Damage",Pedalcyclist
14618022,No,No,No Data,Austin Police Department,TRUE,No Data,No Data,152361353,Austin,No,No,Travis,0,0,0,1,1,Possible Injury,1638,1,0,2015,Monday,Pedalcyclist,No Data,E 4TH ST,Intersection,30.26257478,Daylight,-97.73133247,One Motor Vehicle - Going Straight,No Data,Attention Diverted From Driving,No Data,Not Applicable,"250,000 Pop And Over",No,NONE,No Data,City Street,"Straight, Level",Main/Proper Lane,On Roadway,No Data,35,WALLER ST,401,Dry,Stop Sign,Clear,Not Worn,Pedalcyclist
14633184,Yes,No,29839,Austin Police Department,TRUE,29839,2014,152360003,Austin,No,No,Travis,0,0,0,1,0,Not Injured,1,0,1,2015,Monday,Pedalcyclist,State Loop,W RUNDBERG LN,Intersection Related,30.3630463,"Dark, Lighted",-97.69702522,One Motor Vehicle - Going Straight,4,Not Applicable,0,Not Applicable,"250,000 Pop And Over",No,NONE,125,US & State Highways,"Straight, Level",Main/Proper Lane,On Roadway,"4 Or More Lanes, Undivided",40,SL0275,NO DATA,Dry,Signal Light,Clear,Unknown If Worn,Pedalcyclist
14608880,No,No,No Data,Austin Police Department,FALSE,No Data,No Data,152371448,Austin,No,No,Travis,0,0,1,0,0,Non-Incapacitating Injury,1811,1,1,2015,Tuesday,Pedalcyclist,No Data,N/A,Non Intersection,30.34326951,Daylight,-97.68941208,One Motor Vehicle - Going Straight,No Data,Not Applicable,No Data,Not Applicable,"250,000 Pop And Over",No,NONE,No Data,City Street,"Straight, Level",Main/Proper Lane,On Roadway,No Data,25,FURNESS DR,8350,Dry,Marked Lanes,Cloudy,Unknown If Worn,Pedalcyclist
14610632,No,No,No Data,Austin Police Department,FALSE,No Data,No Data,152381726,Austin,No,No,Travis,0,0,0,1,1,Possible Injury,2036,1,0,2015,Wednesday,Pedalcyclist,No Data,N/A,Driveway Access,30.25935522,"Dark, Lighted",-97.71596069,One Motor Vehicle - Backing,No Data,One Vehicle Entering Driveway,No Data,Entrance To Or Exit From Private Property Or Driveway,"250,000 Pop And Over",No,NONE,No Data,City Street,"Straight, Level",Main/Proper Lane,On Roadway,No Data,30,E 6TH ST,2401,Dry,None,Clear,Unknown If Worn,Pedalcyclist
14735722,No,No,No Data,Austin Police Department,TRUE,No Data,No Data,152401258,Austin,No,No,Travis,0,0,1,0,0,Non-Incapacitating Injury,1705,1,1,2015,Friday,Pedalcyclist,No Data,W WILLIAM CANNON DR,Intersection Related,30.20283479,Daylight,-97.80688245,One Motor Vehicle - Turning Right,No Data,Not Applicable,No Data,Not Applicable,"250,000 Pop And Over",No,NONE,No Data,City Street,"Straight, Level",Main/Proper Lane,On Roadway,No Data,35,MANCHACA RD,NO DATA,Dry,Crosswalk,Clear,Unknown If Worn,Pedalcyclist
14620080,No,No,No Data,Austin Police Department,FALSE,No Data,No Data,152440699,Austin,No,No,Travis,0,0,1,0,0,Non-Incapacitating Injury,2200,1,1,2015,Saturday,Pedalcyclist,No Data,CONVICT HILL RD,Intersection Related,30.23075881,"Dark, Lighted",-97.87932821,One Motor Vehicle - Going Straight,No Data,Not Applicable,No Data,Not Applicable,"250,000 Pop And Over",No,NONE,No Data,City Street,"Straight, Level",Main/Proper Lane,On Roadway,No Data,50,W US 290,NO DATA,Dry,Signal Light,Clear,"Worn, Damaged",Pedalcyclist
14620419,No,No,No Data,Austin Police Department,FALSE,No Data,No Data,152451368,Austin,No,No,Travis,0,0,1,2,0,Non-Incapacitating Injury,1731,1,0,2015,Wednesday,Pedalcyclist,No Data,N/A,Non Intersection,No Data,Daylight,No Data,One Motor Vehicle - Going Straight,No Data,Attention Diverted From Driving,No Data,In A Parking Lot,"250,000 Pop And Over",Yes,NONE,No Data,Non Trafficway,"Straight, Level",Other (Explain In Narrative),Not Applicable,No Data,10,E RIVERSIDE DR,NO DATA,Dry,Marked Lanes,Clear,Not Worn,Pedalcyclist
14620439,No,No,No Data,Austin Police Department,FALSE,No Data,No Data,152451435,Austin,No,No,Travis,0,0,1,1,0,Non-Incapacitating Injury,1803,1,0,2015,Wednesday,Pedalcyclist,No Data,N/A,Non Intersection,No Data,Daylight,No Data,One Motor Vehicle - Backing,No Data,Not Applicable,No Data,In A Parking Lot,"250,000 Pop And Over",Yes,NONE,No Data,Non Trafficway,"Straight, Level",Main/Proper Lane,Not Applicable,No Data,30,GUADALUPE ST,NO DATA,Dry,None,Clear,"Worn, Not Damaged",Pedalcyclist
14633387,No,No,No Data,Austin Police Department,TRUE,No Data,No Data,152501195,Austin,No,No,Travis,0,0,0,0,1,Possible Injury,1500,1,1,2015,Thursday,Pedalcyclist,No Data,W 51ST ST,Intersection Related,30.31764477,Daylight,-97.72846246,One Motor Vehicle - Going Straight,No Data,Attention Diverted From Driving,No Data,Not Applicable,"250,000 Pop And Over",No,NONE,No Data,City Street,"Straight, Level",Main/Proper Lane,On Roadway,No Data,35,GUADALUPE ST,5099,Dry,Signal Light,Clear,Unknown If Worn,Pedalcyclist
14675711,No,No,No Data,Austin Police Department,TRUE,No Data,No Data,15-2461277,Austin,No,No,Travis,0,0,1,1,0,Non-Incapacitating Injury,1707,1,0,2015,Thursday,Pedalcyclist,No Data,W 30TH ST,Intersection Related,30.29649477,Daylight,-97.74211246,One Motor Vehicle - Going Straight,No Data,Attention Diverted From Driving,No Data,Not Applicable,"250,000 Pop And Over",No,NONE,No Data,City Street,"Straight, Level",Main/Proper Lane,On Roadway,No Data,-1,GUADALUPE ST,2933,Dry,Signal Light,Clear,Unknown If Worn,Pedalcyclist
14633788,No,No,No Data,Austin Police Department,TRUE,No Data,No Data,152511582,Austin,No,No,Travis,0,0,1,1,0,Non-Incapacitating Injury,1858,1,0,2015,Tuesday,Pedalcyclist,No Data,UNKNOWN,Intersection Related,30.18567486,Daylight,-97.80436082,One Motor Vehicle - Going Straight,No Data,Not Applicable,No Data,Not Applicable,"250,000 Pop And Over",No,NONE,No Data,City Street,"Straight, Hillcrest",Main/Proper Lane,On Roadway,No Data,30,W DITTMAR RD,1273,Dry,Center Stripe/Divider,Clear,Not Worn,Pedalcyclist
14634281,No,No,No Data,Austin Police Department,TRUE,No Data,No Data,152531794,Austin,No,No,Travis,0,0,1,1,0,Non-Incapacitating Injury,2145,1,0,2015,Thursday,Pedalcyclist,No Data,E RIVERSIDE DR,Intersection Related,30.22944479,"Dark, Lighted",-97.71265247,One Motor Vehicle - Going Straight,No Data,Not Applicable,No Data,Not Applicable,"250,000 Pop And Over",No,NONE,No Data,City Street,"Straight, Level",Main/Proper Lane,On Roadway,No Data,30,FARO DR,2001,Wet,Signal Light,Cloudy,Not Worn,Pedalcyclist
14650768,No,No,No Data,Austin Police Department,FALSE,No Data,No Data,152531652,Austin,No,No,Travis,0,0,1,0,0,Non-Incapacitating Injury,2024,1,1,2015,Thursday,Pedalcyclist,No Data,N/A,Driveway Access,30.2186437,"Dark, Lighted",-97.76659778,One Motor Vehicle - Turning Right,No Data,One Vehicle Entering Driveway,No Data,Entrance To Or Exit From Private Property Or Driveway,"250,000 Pop And Over",No,NONE,No Data,City Street,"Straight, Level",Main/Proper Lane,Off Roadway,No Data,-1,S CONGRESS AVE,4328,Wet,Marked Lanes,Cloudy,Not Worn,Pedalcyclist
14640826,Yes,No,No Data,Austin Police Department,TRUE,No Data,No Data,152570418,Austin,No,No,Travis,0,0,1,4,0,Non-Incapacitating Injury,815,1,0,2015,Monday,Pedalcyclist,No Data,UNKNOWN,Intersection,30.28724477,Daylight,-97.72671247,One Motor Vehicle - Turning Right,No Data,Not Applicable,No Data,Not Applicable,"250,000 Pop And Over",No,NONE,No Data,City Street,"Straight, Grade",Main/Proper Lane,On Roadway,No Data,35,E 26TH ST,928,Dry,Signal Light,Clear,Not Worn,Pedalcyclist
14653110,Yes,No,No Data,Austin Police Department,TRUE,No Data,No Data,152590824,Austin,No,No,Travis,0,0,0,0,1,Possible Injury,1204,1,1,2015,Wednesday,Pedalcyclist,No Data,W 4TH ST,Intersection,30.26716478,Daylight,-97.74698246,One Motor Vehicle - Turning Right,No Data,Not Applicable,No Data,Not Applicable,"250,000 Pop And Over",No,NONE,No Data,City Street,"Straight, Level",Main/Proper Lane,On Roadway,No Data,30,GUADALUPE ST,401,Dry,Bike Lane,Cloudy,Not Worn,Pedalcyclist
14647651,No,No,No Data,Austin Police Department,TRUE,No Data,No Data,152601662,Austin,No,No,Travis,0,1,0,0,0,Incapacitating Injury,1957,1,1,2015,Thursday,Pedalcyclist,No Data,CHICON ST,Intersection Related,30.25891478,"Dark, Lighted",-97.72377247,One Motor Vehicle - Turning Right,No Data,Not Applicable,No Data,Not Applicable,"250,000 Pop And Over",No,NONE,No Data,City Street,"Straight, Level",Main/Proper Lane,On Roadway,No Data,30,E 3RD ST,1900,Dry,Stop Sign,Clear,"Worn, Damaged",Pedalcyclist
14655582,No,No,33647,Austin Police Department,FALSE,33647,2014,152601894,Austin,No,No,Travis,0,1,0,1,0,Incapacitating Injury,2209,1,0,2015,Thursday,Pedalcyclist,State Loop,N/A,Non Intersection,30.24874884,"Dark, Lighted",-97.76894446,One Motor Vehicle - Going Straight,4,Not Applicable,0,Not Applicable,"250,000 Pop And Over",No,NONE,80,US & State Highways,"Straight, Level",Main/Proper Lane,On Roadway,"4 Or More Lanes, Undivided",35,SL0343,NO DATA,Dry,None,Clear,Not Worn,Pedalcyclist
14667785,No,No,No Data,Austin Police Department,FALSE,No Data,No Data,152601520,Austin,No,No,Travis,0,0,2,0,0,Non-Incapacitating Injury,1820,2,0,2015,Thursday,Pedalcyclist,No Data,N/A,Driveway Access,30.27777264,Daylight,-97.68553536,One Motor Vehicle - Turning Right,No Data,One Vehicle Entering Driveway,No Data,Entrance To Or Exit From Private Property Or Driveway,"250,000 Pop And Over",No,NONE,No Data,City Street,"Straight, Level",Main/Proper Lane,On Roadway,No Data,35,WEBBERVILLE RD,1166,Dry,None,Clear,Unknown If Worn,Pedalcyclist
14735773,No,No,No Data,Austin Police Department,TRUE,No Data,No Data,152601632,Austin,No,No,Travis,0,0,0,1,1,Possible Injury,1937,1,0,2015,Thursday,Pedalcyclist,No Data,BOWIE ST,Intersection,30.27097478,Dusk,-97.75250246,One Motor Vehicle - Going Straight,No Data,Not Applicable,No Data,Not Applicable,"250,000 Pop And Over",No,NONE,No Data,City Street,"Straight, Level",Main/Proper Lane,On Roadway,No Data,35,W 6TH ST,844,Dry,Signal Light,Clear,"Worn, Not Damaged",Pedalcyclist
14650958,No,No,No Data,Austin Police Department,TRUE,No Data,No Data,152611819,Austin,No,No,Travis,0,0,0,2,1,Possible Injury,2115,1,0,2015,Friday,Pedalcyclist,No Data,FRUTH ST,Intersection,30.29420477,"Dark, Lighted",-97.74228246,One Motor Vehicle - Turning Left,No Data,Attention Diverted From Driving,No Data,Not Applicable,"250,000 Pop And Over",No,NONE,No Data,City Street,"Curve, Level",Main/Proper Lane,On Roadway,No Data,35,GUADALUPE ST,NO DATA,Dry,Stop Sign,Clear,"Worn, Damaged",Pedalcyclist
14651064,Yes,No,142526,Austin Police Department,FALSE,142526,2014,152621159,Austin,No,No,Travis,0,0,1,1,0,Non-Incapacitating Injury,1507,1,0,2015,Saturday,Pedalcyclist,Interstate,N/A,Driveway Access,30.18811688,Daylight,-97.77224121,One Motor Vehicle - Going Straight,6,One Vehicle Leaving Driveway,10,Entrance To Or Exit From Private Property Or Driveway,"250,000 Pop And Over",No,NONE,300,Interstate,"Straight, Level",Service/Frontage Road,On Roadway,"4 Or More Lanes, Divided",50,IH0035,NO DATA,Dry,None,Clear,Not Worn,Pedalcyclist
14667836,Yes,No,33647,Austin Police Department,TRUE,33647,2014,152681496,Austin,No,No,Travis,0,0,0,1,1,Possible Injury,1727,1,0,2015,Friday,Pedalcyclist,State Loop,COLLIER ST,Intersection,30.25122842,Daylight,-97.76515671,One Motor Vehicle - Going Straight,4,Not Applicable,0,Not Applicable,"250,000 Pop And Over",No,NONE,80,US & State Highways,"Straight, Level",Main/Proper Lane,On Roadway,"4 Or More Lanes, Undivided",-1,SL0343,1607,Wet,Stop Sign,Cloudy,"Worn, Damaged",Pedalcyclist
14665702,No,No,No Data,Austin Police Department,TRUE,No Data,No Data,152710546,Austin,No,No,Travis,0,0,1,1,0,Non-Incapacitating Injury,948,1,0,2015,Monday,Pedalcyclist,No Data,W 22ND ST,Intersection Related,30.28497478,Daylight,-97.74181246,One Motor Vehicle - Turning Right,No Data,Not Applicable,No Data,Not Applicable,"250,000 Pop And Over",No,NONE,No Data,City Street,"Straight, Level",Main/Proper Lane,On Roadway,No Data,30,GUADALUPE ST,2199,Dry,Bike Lane,Clear,Not Worn,Pedalcyclist
14679922,Yes,No,124466,Austin Police Department,TRUE,124466,2014,152721859,Austin,No,No,Travis,0,0,1,1,0,Non-Incapacitating Injury,2149,1,0,2015,Tuesday,Pedalcyclist,Interstate,E RUNDBERG LN,Intersection,30.35806933,"Dark, Not Lighted",-97.68814856,One Motor Vehicle - Going Straight,6,Not Applicable,10,Not Applicable,"250,000 Pop And Over",No,NONE,300,Interstate,"Straight, Level",Main/Proper Lane,On Roadway,"4 Or More Lanes, Divided",30,IH0035,NO DATA,Dry,Flashing Red Light,Clear,Not Worn,Pedalcyclist
14684060,Yes,No,No Data,Austin Police Department,TRUE,No Data,No Data,152731496,Austin,No,No,Travis,0,0,0,4,2,Possible Injury,1829,2,0,2015,Wednesday,Pedalcyclist,No Data,SPRINGDALE RD,Intersection,30.26742478,Daylight,-97.69435248,One Motor Vehicle - Turning Left,No Data,Not Applicable,No Data,Not Applicable,"250,000 Pop And Over",No,"BICYCLE, BICYCLE",No Data,City Street,"Straight, Level",Main/Proper Lane,On Roadway,No Data,-1,GOODWIN AVE,3798,Dry,Stop Sign,Clear,Not Worn,Pedalcyclist
14684060,Yes,No,No Data,Austin Police Department,TRUE,No Data,No Data,152731496,Austin,No,No,Travis,0,0,0,4,2,Possible Injury,1829,2,0,2015,Wednesday,Pedalcyclist,No Data,SPRINGDALE RD,Intersection,30.26742478,Daylight,-97.69435248,One Motor Vehicle - Turning Left,No Data,Not Applicable,No Data,Not Applicable,"250,000 Pop And Over",No,"BICYCLE, BICYCLE",No Data,City Street,"Straight, Level",Main/Proper Lane,On Roadway,No Data,-1,GOODWIN AVE,3798,Dry,Stop Sign,Clear,Not Worn,Pedalcyclist
14675786,Yes,No,No Data,Austin Police Department,TRUE,No Data,No Data,152751770,Austin,No,No,Travis,0,0,1,1,0,Non-Incapacitating Injury,1951,1,1,2015,Friday,Pedalcyclist,No Data,W 14TH ST,Intersection Related,30.27664478,"Dark, Lighted",-97.74228246,One Motor Vehicle - Going Straight,No Data,Attention Diverted From Driving,No Data,Not Applicable,"250,000 Pop And Over",No,NONE,No Data,City Street,"Straight, Level",Main/Proper Lane,On Roadway,No Data,-1,LAVACA ST,1399,Dry,Marked Lanes,Clear,Not Worn,Pedalcyclist
14675786,Yes,No,No Data,Austin Police Department,TRUE,No Data,No Data,152751770,Austin,No,No,Travis,0,0,1,1,0,Non-Incapacitating Injury,1951,1,1,2015,Friday,Pedalcyclist,No Data,W 14TH ST,Intersection Related,30.27664478,"Dark, Lighted",-97.74228246,One Motor Vehicle - Going Straight,No Data,Attention Diverted From Driving,No Data,Not Applicable,"250,000 Pop And Over",No,NONE,No Data,City Street,"Straight, Level",Main/Proper Lane,On Roadway,No Data,-1,LAVACA ST,1399,Dry,Marked Lanes,Clear,Not Worn,Pedalcyclist
14679925,No,No,No Data,Austin Police Department,TRUE,No Data,No Data,152751237,Austin,No,No,Travis,0,0,1,1,0,Non-Incapacitating Injury,1506,1,0,2015,Friday,Pedalcyclist,No Data,RED RIVER ST,Intersection,30.26928478,Daylight,-97.73614246,One Motor Vehicle - Going Straight,No Data,Not Applicable,No Data,Not Applicable,"250,000 Pop And Over",No,NONE,No Data,City Street,"Straight, Hillcrest",Main/Proper Lane,On Roadway,No Data,30,E 9TH ST,598,Dry,Stop Sign,Clear,Not Worn,Pedalcyclist
14719547,No,No,118604,Austin Police Department,TRUE,118604,2014,152752207,Austin,No,No,Travis,0,0,0,4,0,Not Injured,2304,0,0,2015,Friday,Pedalcyclist,State Loop,RM2244,Intersection,30.26073929,"Dark, Lighted",-97.79349199,One Motor Vehicle - Going Straight,6,Not Applicable,10,Not Applicable,"250,000 Pop And Over",No,BICYCLE,610,US & State Highways,"Straight, Level",Main/Proper Lane,On Roadway,"4 Or More Lanes, Divided",35,SL0001,NO DATA,Dry,Stop Sign,Clear,Not Worn,Pedalcyclist
14675851,Yes,No,No Data,Austin Police Department,TRUE,No Data,No Data,152760694,Austin,No,No,Travis,0,0,0,1,1,Possible Injury,1000,1,0,2015,Saturday,Pedalcyclist,No Data,UNKNOWN,Intersection,30.29552477,Daylight,-97.73181246,One Motor Vehicle - Turning Left,No Data,Not Applicable,No Data,Not Applicable,"250,000 Pop And Over",No,NONE,No Data,City Street,"Straight, Level",Other (Explain In Narrative),On Roadway,No Data,35,DUVAL ST,3301,Dry,Marked Lanes,Clear,"Worn, Not Damaged",Pedalcyclist
14677730,No,No,No Data,Austin Police Department,FALSE,No Data,No Data,152760944,Austin,No,No,Travis,0,0,0,2,0,Not Injured,1304,0,0,2015,Saturday,Pedalcyclist,No Data,UNKNOWN,Intersection Related,30.2176571,Daylight,-97.74388936,One Motor Vehicle - Other,No Data,"Slowing/Stopping - For Officer, Flagman, Or Traffic Control",No Data,Not Applicable,"250,000 Pop And Over",No,NONE,No Data,City Street,Unknown,Main/Proper Lane,On Roadway,No Data,-1,WOODWARD ST,2000,Dry,None,Clear,Unknown If Worn,Pedalcyclist
14679930,No,No,No Data,Austin Police Department,TRUE,No Data,No Data,152761106,Austin,No,No,Travis,0,0,1,1,0,Non-Incapacitating Injury,1447,1,0,2015,Saturday,Pedalcyclist,No Data,STERZING ST,Intersection Related,30.26370478,Daylight,-97.76371246,One Motor Vehicle - Turning Left,No Data,Attention Diverted From Driving,No Data,One Or More Traffic Lanes Closed,"250,000 Pop And Over",No,NONE,No Data,City Street,"Straight, Level",Main/Proper Lane,On Roadway,No Data,30,BARTON SPRINGS RD,NO DATA,Dry,None,Clear,Not Worn,Pedalcyclist
14688160,Yes,No,No Data,Austin Police Department,TRUE,No Data,No Data,152781584,Austin,No,No,Travis,0,0,1,0,0,Non-Incapacitating Injury,1939,1,1,2015,Monday,Pedalcyclist,No Data,BLUE STEM TRL,Intersection,30.24801479,Dusk,-97.88301243,One Motor Vehicle - Going Straight,No Data,Attention Diverted From Driving,No Data,Not Applicable,"250,000 Pop And Over",No,NONE,No Data,City Street,"Straight, Hillcrest",Main/Proper Lane,On Roadway,No Data,-1,KIDNEYWOOD TRL,6199,Dry,None,Clear,Not Worn,Pedalcyclist
14693261,Yes,No,No Data,"Department Of Public Safety, State Of Texas",FALSE,No Data,No Data,,Austin,No,No,Travis,0,0,1,1,0,Non-Incapacitating Injury,1415,1,0,2015,Tuesday,Pedalcyclist,No Data,N/A,Non Intersection,No Data,Daylight,No Data,One Motor Vehicle - Going Straight,No Data,One Vehicle Leaving Driveway,No Data,In A Parking Lot,"250,000 Pop And Over",Yes,PATROL BICYCLE - $258 DAMAGE,No Data,Non Trafficway,"Straight, Level",Other (Explain In Narrative),Not Applicable,No Data,5,E 16TH ST,NO DATA,Dry,Other (Explain In Narrative),Clear,"Worn, Not Damaged",Pedalcyclist
14679970,No,No,No Data,Austin Police Department,TRUE,No Data,No Data,152800237,Austin,No,No,Travis,0,0,1,1,0,Non-Incapacitating Injury,656,1,0,2015,Wednesday,Pedalcyclist,No Data,E 11TH ST,Intersection Related,30.27114478,"Dark, Not Lighted",-97.73545246,One Motor Vehicle - Turning Right,No Data,Not Applicable,No Data,Not Applicable,"250,000 Pop And Over",No,NONE,No Data,City Street,"Straight, Level",Main/Proper Lane,On Roadway,No Data,30,RED RIVER ST,NO DATA,Dry,Signal Light,Clear,"Worn, Damaged",Pedalcyclist
14684291,No,No,No Data,Austin Police Department,FALSE,No Data,No Data,152801111,Austin,No,No,Travis,0,0,0,1,0,Not Injured,1651,0,1,2015,Wednesday,Pedalcyclist,No Data,N/A,Non Intersection,30.35812348,Daylight,-97.68784991,One Motor Vehicle - Going Straight,No Data,Attention Diverted From Driving,No Data,Not Applicable,"250,000 Pop And Over",No,NONE,No Data,City Street,"Straight, Level",Main/Proper Lane,On Roadway,No Data,35,E RUNDBERG LN,NO DATA,Dry,Marked Lanes,Clear,Unknown If Worn,Pedalcyclist
14688975,Yes,No,No Data,Austin Police Department,FALSE,No Data,No Data,152821310,Austin,No,No,Travis,0,0,1,2,0,Non-Incapacitating Injury,1717,1,0,2015,Friday,Pedalcyclist,No Data,N/A,Driveway Access,30.22707413,Daylight,-97.76170279,One Motor Vehicle - Turning Left,No Data,One Vehicle Entering Driveway,No Data,Entrance To Or Exit From Private Property Or Driveway,"250,000 Pop And Over",No,NONE,No Data,City Street,"Straight, Level",Main/Proper Lane,On Roadway,No Data,-1,S CONGRESS AVE,3638,Dry,Other (Explain In Narrative),Clear,"Worn, Damaged",Pedalcyclist
14714881,No,No,No Data,Austin Police Department,TRUE,No Data,No Data,152821320,Austin,No,No,Travis,0,0,1,0,0,Non-Incapacitating Injury,1711,1,1,2015,Friday,Pedalcyclist,No Data,W 11TH ST,Intersection,30.27367478,Daylight,-97.74456246,One Motor Vehicle - Turning Right,No Data,Not Applicable,No Data,Not Applicable,"250,000 Pop And Over",No,NONE,No Data,City Street,"Straight, Grade",Main/Proper Lane,On Roadway,No Data,30,GUADALUPE ST,1101,Dry,Bike Lane,Clear,Unknown If Worn,Pedalcyclist
14697546,Yes,No,No Data,Austin Police Department,TRUE,No Data,No Data,152861646,Austin,No,No,Travis,0,0,1,1,0,Non-Incapacitating Injury,1932,1,0,2015,Tuesday,Pedalcyclist,No Data,UNKNOWN,Intersection,30.3539655,"Dark, Not Lighted",-97.76001801,One Motor Vehicle - Turning Left,No Data,Not Applicable,No Data,Not Applicable,"250,000 Pop And Over",No,NONE,No Data,City Street,"Straight, Grade",Main/Proper Lane,On Roadway,No Data,30,N HILLS DR,3800,Dry,Center Stripe/Divider,Clear,"Worn, Damaged",Pedalcyclist
14695961,No,No,No Data,Austin Police Department,TRUE,No Data,No Data,152880501,Austin,No,No,Travis,0,0,1,1,0,Non-Incapacitating Injury,935,1,0,2015,Thursday,Pedalcyclist,No Data,N/A,Driveway Access,30.25584921,Daylight,-97.74736164,One Motor Vehicle - Turning Left,No Data,One Vehicle Entering Driveway,No Data,Entrance To Or Exit From Private Property Or Driveway,"250,000 Pop And Over",No,NONE,No Data,City Street,"Straight, Level",Main/Proper Lane,On Roadway,No Data,-1,S CONGRESS AVE,600,Dry,Center Stripe/Divider,Clear,Not Worn,Pedalcyclist
14697651,No,No,No Data,Austin Police Department,FALSE,No Data,No Data,152881102,Austin,No,No,Travis,0,0,1,1,0,Non-Incapacitating Injury,1454,1,0,2015,Thursday,Pedalcyclist,No Data,N/A,Non Intersection,No Data,Daylight,No Data,One Motor Vehicle - Going Straight,No Data,Not Applicable,No Data,Private Drive Or Road,"250,000 Pop And Over",Yes,NONE,No Data,Non Trafficway,"Straight, Level",Main/Proper Lane,Not Applicable,No Data,-1,BRACKENRIDGE PRIVATE DRIVE,NO DATA,Dry,Center Stripe/Divider,Clear,"Worn, Not Damaged",Pedalcyclist
14706345,No,No,No Data,Austin Police Department,TRUE,No Data,No Data,152891139,Austin,No,No,Travis,0,0,1,1,0,Non-Incapacitating Injury,1519,1,0,2015,Friday,Pedalcyclist,No Data,W 38TH ST,Intersection Related,30.30274477,Daylight,-97.73815246,One Motor Vehicle - Turning Left,No Data,Not Applicable,No Data,Not Applicable,"250,000 Pop And Over",No,NONE,No Data,City Street,"Straight, Level",Main/Proper Lane,On Roadway,No Data,-1,GUADALUPE ST,3801,Dry,Signal Light,Clear,Not Worn,Pedalcyclist
14701697,Yes,No,No Data,Austin Police Department,FALSE,No Data,No Data,152901526,Austin,No,No,Travis,0,0,1,1,0,Non-Incapacitating Injury,1930,1,0,2015,Saturday,Pedalcyclist,No Data,N/A,Non Intersection,30.23483483,"Dark, Lighted",-97.72209744,One Motor Vehicle - Going Straight,No Data,Not Applicable,No Data,Not Applicable,"250,000 Pop And Over",No,NONE,No Data,City Street,"Straight, Level",Main/Proper Lane,On Roadway,No Data,35,S PLEASANT VALLEY RD,NO DATA,Dry,Signal Light,Clear,Not Worn,Pedalcyclist