Crash ID,$1000 Damage to Any One Person's Property,Active School Zone Flag,Adjusted Average Daily Traffic Amount,Agency,At Intersection Flag,Average Daily Traffic Amount,Average Daily Traffic Year,Case ID,City,Construction Zone Flag,Construction Zone Workers Present Flag,County,Crash Death Count,Crash Incapacitating Injury Count,Crash Non-incapacitating Injury Count,Crash Not Injured Count,Crash Possible Injury Count,Crash Severity,Crash Time,Crash Total Injury Count,Crash Unknown Injury Count,Crash Year,Day of Week,First Harmful Event,Highway System,Intersecting Street Name,Intersection Related,Latitude,Light Condition,Longitude,Manner of Collision,Number of Lanes,Other Factor,Outside Shoulder Width on Divided Highway,Physical Feature 1,Population Group,Private Drive Flag,Property Damages,Right of Way Usual Width,Road Class,Roadway Alignment,Roadway Part,Roadway Relation,Roadway Type,Speed Limit,Street Name,Street Number,Surface Condition,Traffic Control Type,Weather Condition,Person Helmet,Person Type
14956661,Yes,No,No Data,Austin Police Department,TRUE,No Data,No Data,160671326,Austin,No,No,Travis,0,0,0,1,1,Possible Injury,1653,1,0,2016,Monday,Pedalcyclist,No Data,BLUE VALLEY DR,Intersection,30.1828048,Daylight,-97.79344245,One Motor Vehicle - Going Straight,No Data,Not Applicable,No Data,Not Applicable,"250,000 Pop And Over",No,NONE,No Data,City Street,"Straight, Level",Main/Proper Lane,On Roadway,No Data,35,S 1ST ST,8003,Wet,No Passing Zone,Rain,Not Worn,Pedalcyclist
14968063,No,No,No Data,Austin Police Department,TRUE,No Data,No Data,160721248,Austin,No,No,Travis,0,0,1,1,0,Non-Incapacitating Injury,1621,1,0,2016,Saturday,Pedalcyclist,No Data,CAMACHO ST,Intersection Related,30.29562477,Daylight,-97.70109247,One Motor Vehicle - Turning Left,No Data,Not Applicable,No Data,Not Applicable,"250,000 Pop And Over",No,NONE,No Data,City Street,"Straight, Level",Main/Proper Lane,On Roadway,No Data,30,THREADGILL ST,4299,Dry,Stop Sign,Clear,"Worn, Damaged",Pedalcyclist
14970306,No,No,25507,Austin Police Department,FALSE,25507,2014,160750318,Austin,No,No,Travis,0,1,0,1,0,Incapacitating Injury,530,1,0,2016,Tuesday,Pedalcyclist,Farm To Market,N/A,Non Intersection,30.16283841,"Dark, Lighted",-97.83145686,One Motor Vehicle - Going Straight,4,Not Applicable,10,Not Applicable,"250,000 Pop And Over",No,NONE,100,Farm To Market,"Straight, Level",Main/Proper Lane,Shoulder,"4 Or More Lanes, Undivided",55,FM2304,10758,Dry,Marked Lanes,Fog,Not Worn,Pedalcyclist
14993471,No,No,No Data,Austin Police Department,TRUE,No Data,No Data,160751219,Austin,Yes,Yes,Travis,0,0,0,1,0,Not Injured,1535,0,1,2016,Tuesday,Pedalcyclist,No Data,W WILLIAM CANNON DR,Intersection,30.20415479,Daylight,-97.80989245,One Motor Vehicle - Going Straight,No Data,Construction - Within Posted Road Construction Zone (Not Related To Crash),No Data,Not Applicable,"250,000 Pop And Over",No,NONE,No Data,City Street,"Straight, Level",Main/Proper Lane,On Roadway,No Data,25,WHISPERING OAKS DR,6901,Dry,Stop Sign,Clear,Unknown If Worn,Pedalcyclist
14976316,No,No,No Data,Austin Police Department,TRUE,No Data,No Data,160761787,Austin,No,No,Travis,0,0,0,1,1,Possible Injury,2035,1,0,2016,Wednesday,Pedalcyclist,No Data,ANGELINA ST,Intersection,30.26759478,"Dark, Lighted",-97.72490247,One Motor Vehicle - Turning Left,No Data,Attention Diverted From Driving,No Data,Not Applicable,"250,000 Pop And Over",No,NONE,No Data,City Street,"Straight, Level",Main/Proper Lane,On Roadway,No Data,-1,E 11TH ST,1506,Dry,Marked Lanes,Clear,Not Worn,Pedalcyclist
14979712,No,No,No Data,Austin Police Department,FALSE,No Data,No Data,160781921,Austin,No,No,Travis,0,0,1,1,0,Non-Incapacitating Injury,2020,1,0,2016,Friday,Pedalcyclist,No Data,N/A,Non Intersection,30.26936617,"Dark, Lighted",-97.74751375,One Motor Vehicle - Going Straight,No Data,Attention Diverted From Driving,No Data,Not Applicable,"250,000 Pop And Over",No,NONE,No Data,City Street,"Straight, Grade",Main/Proper Lane,On Roadway,No Data,-1,W 6TH ST,514,Wet,None,Rain,Not Worn,Pedalcyclist
14979773,No,No,No Data,Austin Police Department,FALSE,No Data,No Data,160791298,Austin,No,No,Travis,0,0,0,1,1,Possible Injury,1553,1,0,2016,Saturday,Pedalcyclist,No Data,N/A,Driveway Access,30.25584921,Daylight,-97.74736164,One Motor Vehicle - Turning Right,No Data,One Vehicle Entering Driveway,No Data,Entrance To Or Exit From Private Property Or Driveway,"250,000 Pop And Over",No,NONE,No Data,City Street,"Straight, Level",Main/Proper Lane,On Roadway,No Data,-1,S CONGRESS AVE,600,Dry,Marked Lanes,Clear,"Worn, Not Damaged",Pedalcyclist
14998088,No,No,No Data,Austin Police Department,TRUE,No Data,No Data,160821349,Austin,No,No,Travis,0,0,0,1,1,Possible Injury,1711,1,0,2016,Tuesday,Pedalcyclist,No Data,W 6TH ST,Intersection,30.26901478,"Dark, Not Lighted",-97.74629246,One Motor Vehicle - Turning Right,No Data,Not Applicable,No Data,Not Applicable,"250,000 Pop And Over",No,NONE,No Data,City Street,"Straight, Level",Main/Proper Lane,On Roadway,No Data,30,GUADALUPE ST,599,Dry,Signal Light,Clear,"Worn, Not Damaged",Pedalcyclist
14987617,Yes,No,No Data,Austin Police Department,TRUE,No Data,No Data,160840783,Austin,No,No,Travis,0,0,1,1,0,Non-Incapacitating Injury,1114,1,0,2016,Thursday,Pedalcyclist,No Data,W 22ND ST,Intersection,30.28497478,Daylight,-97.74181246,One Motor Vehicle - Turning Right,No Data,Not Applicable,No Data,Not Applicable,"250,000 Pop And Over",No,NONE,No Data,City Street,"Straight, Level",Main/Proper Lane,On Roadway,No Data,30,GUADALUPE ST,2199,Dry,Bike Lane,Clear,Not Worn,Pedalcyclist
14988958,Yes,No,No Data,Austin Police Department,FALSE,No Data,No Data,160841162,Austin,No,No,Travis,0,0,0,1,1,Possible Injury,1510,1,0,2016,Thursday,Pedalcyclist,No Data,N/A,Non Intersection,30.41704682,Daylight,-97.74982253,One Motor Vehicle - Going Straight,No Data,Swerved Or Veered-Reason Not Specified,No Data,Not Applicable,"250,000 Pop And Over",No,NONE,No Data,City Street,"Straight, Level",Main/Proper Lane,Off Roadway,No Data,40,JOLLYVILLE RD,11609,Dry,None,Clear,"Worn, Damaged",Pedalcyclist
14988965,No,No,No Data,Austin Police Department,TRUE,No Data,No Data,160841319,Austin,No,No,Travis,0,0,1,1,0,Non-Incapacitating Injury,1642,1,0,2016,Thursday,Pedalcyclist,No Data,PEDERNALES ST,Intersection,30.25793478,Daylight,-97.71507247,One Motor Vehicle - Turning Left,No Data,Attention Diverted From Driving,No Data,Not Applicable,"250,000 Pop And Over",No,NONE,No Data,City Street,"Straight, Level",Main/Proper Lane,On Roadway,No Data,35,E 5TH ST,2500,Dry,None,Clear,Unknown If Worn,Pedalcyclist
14998058,No,No,No Data,Austin Police Department,FALSE,No Data,No Data,160850407,Austin,No,No,Travis,0,0,0,1,1,Possible Injury,815,1,0,2016,Friday,Pedalcyclist,No Data,N/A,Driveway Access,30.27347839,Daylight,-97.74463291,One Motor Vehicle - Turning Right,No Data,One Vehicle Entering Driveway,No Data,Entrance To Or Exit From Private Property Or Driveway,"250,000 Pop And Over",No,NONE,No Data,City Street,"Straight, Level",Main/Proper Lane,On Roadway,No Data,30,GUADALUPE ST,1078,Dry,None,Clear,Not Worn,Pedalcyclist
14998152,No,No,No Data,Austin Police Department,TRUE,No Data,No Data,160880640,Austin,No,No,Travis,0,0,0,0,1,Possible Injury,2030,1,2,2016,Friday,Pedalcyclist,No Data,S CONGRESS AVE,Intersection Related,30.1670448,"Dark, Lighted",-97.78851246,One Motor Vehicle - Turning Right,No Data,Attention Diverted From Driving,No Data,Not Applicable,"250,000 Pop And Over",No,NONE,No Data,City Street,"Straight, Level",Main/Proper Lane,On Roadway,No Data,35,W SLAUGHTER LN,NO DATA,Dry,Signal Light,Clear,Not Worn,Pedalcyclist
14993656,No,No,No Data,Austin Police Department,TRUE,No Data,No Data,160870745,Austin,No,No,Travis,0,0,0,3,0,Not Injured,1315,0,0,2016,Sunday,Pedalcyclist,No Data,S 1ST ST,Intersection Related,30.22688479,Daylight,-97.76922246,One Motor Vehicle - Going Straight,No Data,Attention Diverted From Driving,No Data,Not Applicable,"250,000 Pop And Over",No,NONE,No Data,City Street,"Straight, Level",Main/Proper Lane,On Roadway,No Data,50,W BEN WHITE BLVD,580,Dry,Crosswalk,Clear,Not Worn,Pedalcyclist
15003136,No,No,33647,Austin Police Department,FALSE,33647,2014,160880321,Austin,No,No,Travis,0,0,0,1,1,Possible Injury,740,1,0,2016,Monday,Pedalcyclist,State Loop,IH0035,Intersection Related,30.26084555,Daylight,-97.758526,One Motor Vehicle - Going Straight,6,"Lost Control Or Skidded (Icy Or Slick Road, etc.)",0,Not Applicable,"250,000 Pop And Over",No,NONE,120,US & State Highways,"Straight, Level",Main/Proper Lane,On Roadway,"4 Or More Lanes, Divided",45,SL0343,NO DATA,Dry,Crosswalk,Clear,"Worn, Not Damaged",Pedalcyclist
15015703,Yes,No,No Data,Austin Police Department,TRUE,No Data,No Data,160891703,Austin,No,No,Travis,0,1,0,1,0,Incapacitating Injury,2204,1,0,2016,Tuesday,Pedalcyclist,No Data,AIRPORT BLVD,Intersection Related,30.28253477,"Dark, Lighted",-97.70395247,One Motor Vehicle - Going Straight,No Data,Slowing/Stopping-To Make Left Turn,No Data,Not Applicable,"250,000 Pop And Over",No,NONE,No Data,City Street,"Straight, Level",Main/Proper Lane,On Roadway,No Data,-1,E MARTIN LUTHER KING JR BLVD,3099,Wet,Signal Light,Cloudy,Not Worn,Pedalcyclist
15593655,No,No,34215,Austin Police Department,FALSE,34215,2014,160890685,Austin,No,No,Travis,0,0,0,1,1,Possible Injury,1129,1,0,2016,Tuesday,Pedalcyclist,State Loop,N/A,Non Intersection,30.2338598,Daylight,-97.79666822,One Motor Vehicle - Going Straight,2,Not Applicable,8,Not Applicable,"250,000 Pop And Over",No,NONE,150,US & State Highways,"Straight, Level",Entrance/On Ramp,On Roadway,Other Road Type,35,SL0343,NO DATA,Dry,Other (Explain In Narrative),Cloudy,Unknown If Worn,Pedalcyclist
15000228,Yes,No,30932,Austin Police Department,TRUE,30932,2014,160901629,Austin,No,No,Travis,0,0,0,1,1,Possible Injury,2115,1,0,2016,Wednesday,Pedalcyclist,State Loop,BEAVER ST,Intersection,30.35448114,"Dark, Lighted",-97.70404981,One Motor Vehicle - Turning Left,4,Not Applicable,0,Not Applicable,"250,000 Pop And Over",No,NONE,125,US & State Highways,"Straight, Level",Main/Proper Lane,On Roadway,"4 Or More Lanes, Undivided",-1,SL0275,8599,Dry,Marked Lanes,Clear,"Worn, Unk Damage",Pedalcyclist
15097902,Yes,No,No Data,Austin Police Department,TRUE,No Data,No Data,160901061,Austin,No,No,Travis,0,0,0,2,0,Not Injured,1553,0,0,2016,Wednesday,Pedalcyclist,No Data,INDEPENDENCE LOOP,Intersection,30.1753948,Daylight,-97.81409245,One Motor Vehicle - Turning Left,No Data,Attention Diverted From Driving,No Data,Not Applicable,"250,000 Pop And Over",No,NONE,No Data,City Street,"Straight, Level",Main/Proper Lane,On Roadway,No Data,25,TEXAS OAKS DR,9399,Wet,Stop Sign,Cloudy,"Worn, Unk Damage",Pedalcyclist
15000235,Yes,No,No Data,Austin Police Department,TRUE,No Data,No Data,160910323,Austin,No,No,Travis,0,0,1,2,0,Non-Incapacitating Injury,705,1,0,2016,Thursday,Pedalcyclist,No Data,W 12TH ST,Intersection,30.27686478,"Dark, Lighted",-97.75139246,One Motor Vehicle - Turning Left,No Data,Not Applicable,No Data,Not Applicable,"250,000 Pop And Over",No,NONE,No Data,City Street,"Straight, Level",Main/Proper Lane,On Roadway,No Data,35,N LAMAR BLVD,1199,Dry,Signal Light,Cloudy,"Worn, Not Damaged",Pedalcyclist
15024748,No,No,No Data,Austin Police Department,TRUE,No Data,No Data,160930711,Austin,No,No,Travis,0,0,1,1,0,Non-Incapacitating Injury,1155,1,0,2016,Saturday,Pedalcyclist,No Data,S 1ST ST,Intersection Related,30.20843479,Daylight,-97.78153246,One Motor Vehicle - Going Straight,No Data,Not Applicable,No Data,Not Applicable,"250,000 Pop And Over",No,NONE,No Data,City Street,"Straight, Level",Main/Proper Lane,On Roadway,No Data,35,W STASSNEY LN,NO DATA,Dry,Signal Light,Clear,Not Worn,Pedalcyclist
15007071,No,No,No Data,Austin Police Department,FALSE,No Data,No Data,160941384,Austin,No,No,Travis,0,0,1,2,0,Non-Incapacitating Injury,1800,1,0,2016,Sunday,Pedalcyclist,No Data,N/A,Non Intersection,30.25108873,Daylight,-97.74913232,One Motor Vehicle - Backing,No Data,Not Applicable,No Data,Parking Area Within Right Of Way,"250,000 Pop And Over",No,NONE,No Data,City Street,"Straight, Grade",Main/Proper Lane,On Roadway,No Data,-1,CONGRESS AVE S,1302,Dry,Marked Lanes,Clear,Not Worn,Pedalcyclist
15010762,No,No,No Data,Austin Police Department,FALSE,No Data,No Data,160941199,Austin,No,No,Travis,0,0,0,2,0,Not Injured,1522,0,0,2016,Sunday,Pedalcyclist,No Data,N/A,Driveway Access,30.23396617,Daylight,-97.72314152,One Motor Vehicle - Turning Right,No Data,One Vehicle Entering Driveway,No Data,Entrance To Or Exit From Private Property Or Driveway,"250,000 Pop And Over",No,NONE,No Data,City Street,"Straight, Level",Main/Proper Lane,On Roadway,No Data,45,S PLEASANT VALLEY RD,NO DATA,Dry,Marked Lanes,Clear,Not Worn,Pedalcyclist
15025115,Yes,No,No Data,Austin Police Department,TRUE,No Data,No Data,160961253,Austin,No,No,Travis,0,1,0,1,0,Incapacitating Injury,1644,1,0,2016,Tuesday,Pedalcyclist,No Data,TERI RD,Intersection,30.19656479,Daylight,-97.74343247,One Motor Vehicle - Turning Left,No Data,Attention Diverted From Driving,No Data,Not Applicable,"250,000 Pop And Over",No,NONE,No Data,City Street,"Straight, Level",Main/Proper Lane,On Roadway,No Data,35,PAR CV,5101,Dry,Marked Lanes,Clear,Not Worn,Pedalcyclist
15032782,Yes,No,No Data,"Department Of Public Safety, State Of Texas",TRUE,No Data,No Data,,Austin,No,No,Travis,0,0,1,1,0,Non-Incapacitating Injury,1805,1,0,2016,Tuesday,Pedalcyclist,No Data,N CONGRESS AVE,Intersection,30.28063478,Daylight,-97.73808246,One Motor Vehicle - Turning Left,No Data,Not Applicable,No Data,Not Applicable,"250,000 Pop And Over",No,DIAMOND BACK BICYCLE,No Data,City Street,"Straight, Grade",Main/Proper Lane,On Roadway,No Data,35,W MARTIN LUTHER KING JR BLVD,NO DATA,Dry,Signal Light,Clear,"Worn, Damaged",Pedalcyclist
15024902,Yes,No,No Data,Austin Police Department,TRUE,No Data,No Data,160981452,Austin,No,No,Travis,0,0,1,1,0,Non-Incapacitating Injury,1830,1,0,2016,Thursday,Pedalcyclist,No Data,TOWN CREEK DR,Intersection,30.24479478,Daylight,-97.72547247,One Motor Vehicle - Turning Left,No Data,Not Applicable,No Data,Not Applicable,"250,000 Pop And Over",No,NONE,No Data,City Street,"Straight, Level",Main/Proper Lane,On Roadway,No Data,-1,S LAKESHORE BLVD,2000,Dry,Marked Lanes,Clear,Unknown If Worn,Pedalcyclist
15025000,No,No,No Data,Austin Police Department,TRUE,No Data,No Data,160991381,Austin,No,No,Travis,0,0,1,1,0,Non-Incapacitating Injury,1750,1,0,2016,Friday,Pedalcyclist,No Data,FRUTH ST,Intersection,30.29420477,Daylight,-97.74228246,One Motor Vehicle - Turning Left,No Data,Not Applicable,No Data,Not Applicable,"250,000 Pop And Over",No,NONE,No Data,City Street,"Straight, Level",Main/Proper Lane,On Roadway,No Data,35,GUADALUPE ST,NO DATA,Dry,Marked Lanes,Clear,"Worn, Damaged",Pedalcyclist
15025002,Yes,No,No Data,Austin Police Department,TRUE,No Data,No Data,160991297,Austin,No,No,Travis,0,0,1,0,0,Non-Incapacitating Injury,1710,1,1,2016,Friday,Pedalcyclist,No Data,DENTON DR,Intersection,30.38507475,Daylight,-97.71256247,One Motor Vehicle - Turning Left,No Data,Attention Diverted From Driving,No Data,Not Applicable,"250,000 Pop And Over",No,NONE,No Data,City Street,"Straight, Level",Main/Proper Lane,On Roadway,No Data,-1,METRIC BLVD,10607,Dry,None,Clear,Unknown If Worn,Pedalcyclist
15025199,No,No,No Data,Austin Police Department,FALSE,No Data,No Data,161021922,Austin,No,No,Travis,0,0,1,2,0,Non-Incapacitating Injury,2308,1,0,2016,Monday,Pedalcyclist,No Data,N/A,Non Intersection,30.25965277,"Dark, Not Lighted",-97.73842614,One Motor Vehicle - Going Straight,No Data,Not Applicable,No Data,Not Applicable,"250,000 Pop And Over",No,NONE,No Data,City Street,"Straight, Level",Main/Proper Lane,On Roadway,No Data,30,RAINEY ST,84,Dry,Marked Lanes,Clear,"Worn, Damaged",Pedalcyclist
15028186,No,No,No Data,Austin Police Department,FALSE,No Data,No Data,161030790,Austin,No,No,Travis,0,0,1,0,0,Non-Incapacitating Injury,800,1,1,2016,Monday,Pedalcyclist,No Data,N/A,Non Intersection,No Data,Unknown,No Data,One Motor Vehicle - Going Straight,No Data,One Vehicle Leaving Driveway,No Data,In A Parking Lot,"250,000 Pop And Over",No,NONE,No Data,Non Trafficway,"Straight, Level",Main/Proper Lane,Not Applicable,No Data,-1,W HOWARD LN,NO DATA,Unknown,None,Unknown,Not Worn,Pedalcyclist
15080187,No,No,No Data,Austin Police Department,FALSE,No Data,No Data,161020052,Austin,No,No,Travis,0,0,0,4,1,Possible Injury,31,1,0,2016,Monday,Pedalcyclist,No Data,E 6TH ST,Intersection Related,30.2672928,"Dark, Lighted",-97.74042408,One Motor Vehicle - Turning Right,No Data,Attention Diverted From Driving,No Data,Not Applicable,"250,000 Pop And Over",No,NONE,No Data,City Street,"Straight, Level",Other (Explain In Narrative),On Roadway,No Data,-1,SAN JACINTO BLVD,590,Dry,Signal Light,Clear,Not Worn,Pedalcyclist
15175108,No,No,No Data,Austin Police Department,TRUE,No Data,No Data,161021338,Austin,No,No,Travis,0,1,1,1,1,Incapacitating Injury,1742,3,0,2016,Monday,Pedalcyclist,No Data,GREAT BRITAIN BLVD,Intersection,30.1806848,Daylight,-97.80248245,One Motor Vehicle - Going Straight,No Data,Not Applicable,No Data,Not Applicable,"250,000 Pop And Over",No,NONE,No Data,City Street,"Straight, Grade",Main/Proper Lane,On Roadway,No Data,30,PALACE PKWY,8513,Dry,Stop Sign,Clear,Not Worn,Pedalcyclist
15175108,No,No,No Data,Austin Police Department,TRUE,No Data,No Data,161021338,Austin,No,No,Travis,0,1,1,1,1,Incapacitating Injury,1742,3,0,2016,Monday,Pedalcyclist,No Data,GREAT BRITAIN BLVD,Intersection,30.1806848,Daylight,-97.80248245,One Motor Vehicle - Going Straight,No Data,Not Applicable,No Data,Not Applicable,"250,000 Pop And Over",No,NONE,No Data,City Street,"Straight, Grade",Main/Proper Lane,On Roadway,No Data,30,PALACE PKWY,8513,Dry,Stop Sign,Clear,Not Worn,Pedalcyclist
15028277,No,No,No Data,Austin Police Department,TRUE,No Data,No Data,161031381,Austin,No,No,Travis,0,0,0,4,0,Not Injured,1756,0,0,2016,Tuesday,Pedalcyclist,No Data,W 4TH ST,Intersection Related,30.26777478,Daylight,-97.74911246,One Motor Vehicle - Turning Right,No Data,Not Applicable,No Data,Not Applicable,"250,000 Pop And Over",No,NONE,No Data,City Street,"Straight, Level",Main/Proper Lane,On Roadway,No Data,25,NUECES ST,399,Dry,Stop Sign,Cloudy,Not Worn,Pedalcyclist
15039551,No,No,No Data,Austin Police Department,FALSE,No Data,No Data,161100385,Austin,No,No,Travis,0,0,1,0,0,Non-Incapacitating Injury,832,1,1,2016,Tuesday,Pedalcyclist,No Data,W ANDERSON LN,Intersection Related,30.35390337,Daylight,-97.72592285,One Motor Vehicle - Turning Left,No Data,Not Applicable,No Data,Not Applicable,"250,000 Pop And Over",No,NONE,No Data,City Street,"Straight, Level",Main/Proper Lane,On Roadway,No Data,-1,MULLEN DR,7903,Dry,None,Cloudy,Not Worn,Pedalcyclist
15079962,Yes,No,No Data,Austin Police Department,TRUE,No Data,No Data,161120981,Austin,No,No,Travis,0,0,1,0,0,Non-Incapacitating Injury,1438,1,1,2016,Thursday,Pedalcyclist,No Data,W 5TH ST,Intersection Related,30.26872478,Daylight,-97.74874246,One Motor Vehicle - Turning Left,No Data,Not Applicable,No Data,Not Applicable,"250,000 Pop And Over",No,BLUE SE LAGER BICYCLE,No Data,City Street,"Straight, Level",Main/Proper Lane,On Roadway,No Data,35,NUECES ST,499,Dry,Signal Light,Clear,"Worn, Unk Damage",Pedalcyclist
15049990,No,No,No Data,Austin Police Department,TRUE,No Data,No Data,161130796,Austin,No,No,Travis,0,0,1,1,0,Non-Incapacitating Injury,1220,1,0,2016,Friday,Pedalcyclist,No Data,W 5TH ST,Intersection,30.26812478,Daylight,-97.74663246,One Motor Vehicle - Going Straight,No Data,Not Applicable,No Data,Not Applicable,"250,000 Pop And Over",No,NONE,No Data,City Street,"Straight, Level",Main/Proper Lane,On Roadway,No Data,35,GUADALUPE ST,501,Dry,Signal Light,Clear,Not Worn,Pedalcyclist
15050036,Yes,No,No Data,Austin Police Department,FALSE,No Data,No Data,161140913,Austin,No,No,Travis,0,0,1,1,0,Non-Incapacitating Injury,1308,1,0,2016,Saturday,Overturned,No Data,N/A,Non Intersection,30.41999156,Daylight,-97.75281789,One Motor Vehicle - Going Straight,No Data,Swerved Or Veered-Avoiding Vehicle Stopped Or Moving Slowly In Traffic Lane,No Data,Not Applicable,"250,000 Pop And Over",No,NONE,No Data,City Street,"Straight, Level",Main/Proper Lane,Off Roadway,No Data,45,JOLLYVILLE RD,11737,Dry,Marked Lanes,Clear,"Worn, Not Damaged",Pedalcyclist
15053893,Yes,No,No Data,Austin Police Department,FALSE,No Data,No Data,161160112,Austin,No,No,Travis,0,0,0,0,1,Possible Injury,152,1,1,2016,Monday,Pedalcyclist,No Data,N/A,Non Intersection,30.20194628,"Dark, Lighted",-97.71013045,One Motor Vehicle - Going Straight,No Data,Not Applicable,No Data,Not Applicable,"250,000 Pop And Over",No,NONE,No Data,City Street,"Straight, Level",Other (Explain In Narrative),On Roadway,No Data,45,BURLESON RD,6725,Dry,Center Stripe/Divider,Clear,Not Worn,Pedalcyclist
15053312,Yes,No,116198,Austin Police Department,FALSE,116198,2014,161171142,Austin,No,No,Travis,0,0,1,1,0,Non-Incapacitating Injury,1611,1,0,2016,Tuesday,Pedalcyclist,US Highway,N/A,Non Intersection,30.34476753,Daylight,-97.7066161,One Motor Vehicle - Going Straight,6,Attention Diverted From Driving,10,Not Applicable,"250,000 Pop And Over",No,NONE,260,US & State Highways,"Straight, Level",Main/Proper Lane,On Roadway,"4 Or More Lanes, Divided",35,US0183,230,Dry,Marked Lanes,Cloudy,Not Worn,Pedalcyclist
15053973,No,No,179906,Austin Police Department,FALSE,179906,2014,161170365,Austin,No,No,Travis,0,0,0,1,1,Possible Injury,800,1,0,2016,Tuesday,Pedalcyclist,Interstate,N/A,Driveway Access,30.33307335,Daylight,-97.70397365,One Motor Vehicle - Going Straight,8,One Vehicle Leaving Driveway,10,Entrance To Or Exit From Private Property Or Driveway,"250,000 Pop And Over",No,NONE,300,Interstate,"Straight, Level",Service/Frontage Road,On Roadway,"4 Or More Lanes, Divided",-1,IH0035,NO DATA,Dry,Marked Lanes,Cloudy,Not Worn,Pedalcyclist
15084909,Yes,No,No Data,Austin Police Department,FALSE,No Data,No Data,161190459,Austin,No,No,Travis,0,0,1,1,0,Non-Incapacitating Injury,817,1,0,2016,Thursday,Pedalcyclist,No Data,UNKNOWN,Intersection,30.26560478,Daylight,-97.73417246,One Motor Vehicle - Going Straight,No Data,"Vision Obstructed By Trees, Shrubs, Weeds, etc.",No Data,Not Applicable,"250,000 Pop And Over",No,NONE,No Data,City Street,"Straight, Level",Main/Proper Lane,On Roadway,No Data,-1,E 6TH ST,800,Dry,None,Clear,Not Worn,Pedalcyclist
15084953,Yes,No,No Data,Austin Police Department,FALSE,No Data,No Data,161191278,Austin,No,No,Travis,0,0,0,1,1,Possible Injury,1655,1,0,2016,Thursday,Pedalcyclist,No Data,N/A,Non Intersection,No Data,Daylight,No Data,One Motor Vehicle - Going Straight,No Data,Not Applicable,No Data,Not Applicable,"250,000 Pop And Over",No,NONE,No Data,City Street,"Straight, Hillcrest",Main/Proper Lane,On Roadway,No Data,30,E 1327 TO IH 35 NB RAMP ST,NO DATA,Wet,Marked Lanes,Clear,Not Worn,Pedalcyclist
15270971,Yes,No,No Data,Austin Police Department,TRUE,No Data,No Data,161191062,Austin,No,No,Travis,0,1,0,0,0,Incapacitating Injury,1415,1,1,2016,Thursday,Pedalcyclist,No Data,W 18TH ST,Intersection Related,30.28061478,Daylight,-97.74198246,One Motor Vehicle - Turning Right,No Data,Not Applicable,No Data,Not Applicable,"250,000 Pop And Over",No,NONE,No Data,City Street,"Straight, Grade",Main/Proper Lane,On Roadway,No Data,35,GUADALUPE ST,1801,Dry,Stop Sign,Clear,Not Worn,Pedalcyclist
15072684,Yes,No,No Data,Austin Police Department,TRUE,No Data,No Data,161210840,Austin,No,No,Travis,0,0,0,1,1,Possible Injury,1106,1,0,2016,Saturday,Pedalcyclist,No Data,ZACH SCOTT ST,Intersection,30.29427477,Daylight,-97.70024247,One Motor Vehicle - Going Straight,No Data,Not Applicable,No Data,Not Applicable,"250,000 Pop And Over",No,NONE,No Data,City Street,"Straight, Level",Main/Proper Lane,On Roadway,No Data,-1,BERKMAN DR,4199,Dry,Marked Lanes,Clear,"Worn, Unk Damage",Pedalcyclist
15072697,No,No,No Data,Austin Police Department,TRUE,No Data,No Data,161211007,Austin,No,No,Travis,0,0,0,2,0,Not Injured,1255,0,0,2016,Saturday,Pedalcyclist,No Data,UNKNOWN,Intersection,30.32109477,Daylight,-97.72938246,One Motor Vehicle - Turning Left,No Data,Attention Diverted From Driving,No Data,Not Applicable,"250,000 Pop And Over",No,SCHWINN BICYCLE,No Data,City Street,"Straight, Level",Main/Proper Lane,On Roadway,No Data,-1,N LAMAR BLVD,5299,Dry,Signal Light,Clear,"Worn, Not Damaged",Pedalcyclist
15072774,No,No,No Data,Austin Police Department,TRUE,No Data,No Data,161221577,Austin,No,No,Travis,0,0,1,0,0,Non-Incapacitating Injury,2047,1,1,2016,Sunday,Pedalcyclist,No Data,WEBBERVILLE RD,Intersection Related,30.27644478,"Dark, Lighted",-97.68857248,One Motor Vehicle - Turning Right,No Data,Not Applicable,No Data,Not Applicable,"250,000 Pop And Over",No,NONE,No Data,City Street,"Curve, Grade",Main/Proper Lane,On Roadway,No Data,35,SPRINGDALE RD,1153,Dry,Bike Lane,Cloudy,Not Worn,Pedalcyclist
15092508,No,No,No Data,Austin Police Department,FALSE,No Data,No Data,161231489,Austin,No,No,Travis,0,0,0,1,1,Possible Injury,2000,1,0,2016,Monday,Pedalcyclist,No Data,N/A,Non Intersection,No Data,"Dark, Lighted",No Data,One Motor Vehicle - Going Straight,No Data,One Vehicle Leaving Driveway,No Data,In A Parking Lot,"250,000 Pop And Over",Yes,NONE,No Data,Non Trafficway,"Straight, Level",Other (Explain In Narrative),Not Applicable,No Data,-1,E RIVERSIDE DR,NO DATA,Dry,None,Clear,Not Worn,Pedalcyclist
15085019,No,No,No Data,Austin Police Department,TRUE,No Data,No Data,161260380,Austin,No,No,Travis,0,0,1,1,0,Non-Incapacitating Injury,813,1,0,2016,Thursday,Pedalcyclist,No Data,MARY ST E,Intersection,30.24515478,Daylight,-97.75132246,One Motor Vehicle - Turning Left,No Data,Attention Diverted From Driving,No Data,Not Applicable,"250,000 Pop And Over",No,NONE,No Data,City Street,"Straight, Level",Main/Proper Lane,On Roadway,No Data,40,CONGRESS AVE S,1899,Dry,Signal Light,Clear,Unknown If Worn,Pedalcyclist