Crash ID,$1000 Damage to Any One Person's Property,Active School Zone Flag,Adjusted Average Daily Traffic Amount,Agency,At Intersection Flag,Average Daily Traffic Amount,Average Daily Traffic Year,Case ID,City,Construction Zone Flag,Construction Zone Workers Present Flag,County,Crash Death Count,Crash Incapacitating Injury Count,Crash Non-incapacitating Injury Count,Crash Not Injured Count,Crash Possible Injury Count,Crash Severity,Crash Time,Crash Total Injury Count,Crash Unknown Injury Count,Crash Year,Day of Week,First Harmful Event,Highway System,Intersecting Street Name,Intersection Related,Latitude,Light Condition,Longitude,Manner of Collision,Number of Lanes,Other Factor,Outside Shoulder Width on Divided Highway,Physical Feature 1,Population Group,Private Drive Flag,Property Damages,Right of Way Usual Width,Road Class,Roadway Alignment,Roadway Part,Roadway Relation,Roadway Type,Speed Limit,Street Name,Street Number,Surface Condition,Traffic Control Type,Weather Condition,Person Helmet,Person Type
15320475,No,No,33647,Austin Police Department,FALSE,33647,2014,162580361,Austin,No,No,Travis,0,0,1,1,0,Non-Incapacitating Injury,738,1,0,2016,Wednesday,Pedalcyclist,State Loop,N/A,Non Intersection,30.26097498,Daylight,-97.75848096,One Motor Vehicle - Going Straight,6,Slowing/Stopping-For Traffic,0,Not Applicable,"250,000 Pop And Over",No,NONE,120,US & State Highways,"Straight, Level",Main/Proper Lane,On Roadway,"4 Or More Lanes, Divided",35,SL0343,490,Dry,Marked Lanes,Clear,Not Worn,Pedalcyclist
15320542,No,No,No Data,Austin Police Department,TRUE,No Data,No Data,162581623,Austin,No,No,Travis,0,0,0,1,1,Possible Injury,2048,1,0,2016,Wednesday,Pedalcyclist,No Data,KINNEY AVE,Intersection,30.26192478,"Dark, Lighted",-97.76152246,One Motor Vehicle - Turning Left,No Data,Not Applicable,No Data,Not Applicable,"250,000 Pop And Over",No,NONE,No Data,City Street,"Straight, Level",Main/Proper Lane,On Roadway,No Data,-1,BARTON SPRINGS RD,NO DATA,Dry,Signal Light,Clear,"Worn, Damaged",Pedalcyclist
15353104,No,No,179906,Austin Police Department,FALSE,179906,2014,162600947,Austin,No,No,Travis,0,0,0,1,1,Possible Injury,1250,1,0,2016,Friday,Pedalcyclist,Interstate,LA POSADA DR,Intersection Related,30.32574737,Daylight,-97.70627482,One Motor Vehicle - Going Straight,8,Attention Diverted From Driving,10,Not Applicable,"250,000 Pop And Over",No,NONE,300,Interstate,"Straight, Level",Service/Frontage Road,On Roadway,"4 Or More Lanes, Divided",10,IH0035,NO DATA,Dry,Other (Explain In Narrative),Clear,Not Worn,Pedalcyclist
15326474,No,No,No Data,Austin Police Department,TRUE,No Data,No Data,162611242,Austin,No,No,Travis,0,0,0,1,1,Possible Injury,1805,1,0,2016,Saturday,Pedalcyclist,No Data,W 9TH ST,Intersection,30.27304478,Daylight,-97.74953246,One Motor Vehicle - Going Straight,No Data,Not Applicable,No Data,Not Applicable,"250,000 Pop And Over",No,NONE,No Data,City Street,"Straight, Grade",Main/Proper Lane,On Roadway,No Data,30,WEST AVE,899,Dry,Stop Sign,Clear,Not Worn,Pedalcyclist
15541063,No,No,No Data,Austin Police Department,FALSE,No Data,No Data,162611218,Austin,No,No,Travis,0,0,1,2,0,Non-Incapacitating Injury,1754,1,0,2016,Saturday,Pedalcyclist,No Data,N/A,Non Intersection,30.26594725,Daylight,-97.75344274,One Motor Vehicle - Going Straight,No Data,Not Applicable,No Data,Not Applicable,"250,000 Pop And Over",No,NONE,No Data,City Street,"Straight, Level",Main/Proper Lane,On Roadway,No Data,-1,W 1ST ST,813,Dry,Marked Lanes,Clear,Not Worn,Pedalcyclist
15331291,Yes,No,No Data,Austin Police Department,TRUE,No Data,No Data,162640826,Austin,No,No,Travis,0,0,1,1,0,Non-Incapacitating Injury,1251,1,0,2016,Tuesday,Pedalcyclist,No Data,W 4TH ST,Intersection Related,30.26716478,Daylight,-97.74698246,One Motor Vehicle - Turning Right,No Data,Not Applicable,No Data,Not Applicable,"250,000 Pop And Over",No,NONE,No Data,City Street,"Straight, Grade",Main/Proper Lane,On Roadway,No Data,30,GUADALUPE ST,401,Dry,Bike Lane,Clear,Not Worn,Pedalcyclist
15331369,Yes,No,No Data,Austin Police Department,FALSE,No Data,No Data,162650397,Austin,No,No,Travis,0,0,1,1,0,Non-Incapacitating Injury,825,1,0,2016,Wednesday,Pedalcyclist,No Data,N/A,Non Intersection,30.311253,Daylight,-97.70728016,One Motor Vehicle - Going Straight,No Data,Not Applicable,No Data,Not Applicable,"250,000 Pop And Over",No,BICYCLE,No Data,City Street,"Straight, Level",Main/Proper Lane,On Roadway,No Data,45,CAMERON RD,5319,Dry,Marked Lanes,Cloudy,Not Worn,Pedalcyclist
15332545,No,No,No Data,Austin Police Department,TRUE,No Data,No Data,162651307,Austin,No,No,Travis,0,0,1,1,0,Non-Incapacitating Injury,1753,1,0,2016,Wednesday,Pedalcyclist,No Data,W 31ST ST,Intersection,30.29787477,Daylight,-97.74123246,One Motor Vehicle - Turning Left,No Data,Not Applicable,No Data,Not Applicable,"250,000 Pop And Over",No,NONE,No Data,City Street,"Straight, Level",Main/Proper Lane,On Roadway,No Data,30,GUADALUPE ST,3101,Dry,Marked Lanes,Clear,"Worn, Not Damaged",Pedalcyclist
15359529,No,No,26658,Austin Police Department,TRUE,26658,2014,162650465,Austin,No,No,Travis,0,0,1,1,0,Non-Incapacitating Injury,859,1,0,2016,Wednesday,Pedalcyclist,Ranch To Mkt,GROVER AVE,Intersection Related,30.32988214,Daylight,-97.72945919,One Motor Vehicle - Turning Left,4,Not Applicable,0,Not Applicable,"250,000 Pop And Over",No,NONE,70,Farm To Market,"Straight, Level",Other (Explain In Narrative),On Roadway,"4 Or More Lanes, Undivided",30,RM2222,1200,Dry,Crosswalk,Clear,Not Worn,Pedalcyclist
15344807,No,No,No Data,Austin Police Department,FALSE,No Data,No Data,162720619,Austin,No,No,Travis,0,0,0,0,1,Possible Injury,2300,1,1,2016,Friday,Pedalcyclist,No Data,N/A,Non Intersection,30.27372694,"Dark, Unknown Lighting",-97.7445429,One Motor Vehicle - Going Straight,No Data,Not Applicable,No Data,Not Applicable,"250,000 Pop And Over",No,NONE,No Data,City Street,"Straight, Level",Main/Proper Lane,On Roadway,No Data,40,GUADALUPE ST,1106,Unknown,Marked Lanes,Unknown,Unknown If Worn,Pedalcyclist
15344812,No,No,125081,Austin Police Department,TRUE,125081,2014,162701088,Austin,No,No,Travis,0,0,1,1,0,Non-Incapacitating Injury,1642,1,0,2016,Monday,Pedalcyclist,US Highway,N LAMAR BLVD,Intersection Related,30.34814141,Daylight,-97.71281681,One Motor Vehicle - Turning Right,6,Not Applicable,10,Not Applicable,"250,000 Pop And Over",No,NONE,260,US & State Highways,"Straight, Level",Main/Proper Lane,On Roadway,"4 Or More Lanes, Divided",35,US0183,NO DATA,Dry,Crosswalk,Cloudy,Not Worn,Pedalcyclist
15342842,Yes,No,No Data,Austin Police Department,FALSE,No Data,No Data,162710253,Austin,No,No,Travis,0,0,1,1,0,Non-Incapacitating Injury,618,1,0,2016,Tuesday,Pedalcyclist,No Data,IH0035,Intersection Related,30.42436027,"Dark, Lighted",-97.67175904,One Motor Vehicle - Going Straight,No Data,Attention Diverted From Driving,No Data,Not Applicable,"250,000 Pop And Over",No,NONE,No Data,City Street,"Straight, Level",Main/Proper Lane,On Roadway,No Data,40,W HOWARD LN,NO DATA,Dry,Marked Lanes,Clear,"Worn, Not Damaged",Pedalcyclist
15342844,No,No,33647,Austin Police Department,FALSE,33647,2014,162710330,Austin,No,No,Travis,0,0,0,1,1,Possible Injury,728,1,0,2016,Tuesday,Pedalcyclist,State Loop,N/A,Driveway Access,30.25186472,Daylight,-97.76455399,One Motor Vehicle - Turning Right,4,One Vehicle Entering Driveway,0,Entrance To Or Exit From Private Property Or Driveway,"250,000 Pop And Over",No,TREK BICYCLE,80,US & State Highways,"Straight, Level",Main/Proper Lane,On Roadway,"4 Or More Lanes, Undivided",35,SL0343,1545,Dry,Marked Lanes,Cloudy,Unknown If Worn,Pedalcyclist
15346880,Yes,No,No Data,Austin Police Department,TRUE,No Data,No Data,162711178,Austin,No,No,Travis,0,0,1,2,0,Non-Incapacitating Injury,1615,1,0,2016,Tuesday,Pedalcyclist,No Data,SPICEWOOD LN,Intersection,30.37326476,Daylight,-97.75324246,One Motor Vehicle - Turning Left,No Data,Not Applicable,No Data,Not Applicable,"250,000 Pop And Over",No,NONE,No Data,City Street,"Straight, Grade",Main/Proper Lane,On Roadway,No Data,30,STECK AVE,3998,Dry,Center Stripe/Divider,Cloudy,"Worn, Unk Damage",Pedalcyclist
15348422,No,No,No Data,Austin Police Department,TRUE,No Data,No Data,162731160,Austin,No,No,Travis,0,0,1,1,0,Non-Incapacitating Injury,1550,1,0,2016,Thursday,Pedalcyclist,No Data,GUADALUPE ST,Intersection,30.26527478,Daylight,-97.74768246,One Motor Vehicle - Turning Left,No Data,Not Applicable,No Data,Not Applicable,"250,000 Pop And Over",No,NONE,No Data,City Street,"Straight, Level",Main/Proper Lane,On Roadway,No Data,35,W 2ND ST,400,Dry,Signal Light,Clear,Not Worn,Pedalcyclist
15353054,Yes,No,197636,Austin Police Department,FALSE,197636,2014,162731637,Austin,No,No,Travis,0,0,1,1,0,Non-Incapacitating Injury,2035,1,0,2016,Thursday,Pedalcyclist,Interstate,RIVER ST,Intersection Related,30.2574537,"Dark, Not Lighted",-97.73716684,One Motor Vehicle - Turning Left,6,Attention Diverted From Driving,8,Not Applicable,"250,000 Pop And Over",No,NONE,300,Interstate,"Straight, Level",Service/Frontage Road,On Roadway,"4 Or More Lanes, Divided",50,IH0035,NO DATA,Dry,Signal Light,Clear,Not Worn,Pedalcyclist
15613512,No,No,34215,Austin Police Department,TRUE,34215,2014,162730976,Austin,No,No,Travis,0,0,1,1,0,Non-Incapacitating Injury,1356,1,0,2016,Thursday,Pedalcyclist,State Loop,SL0360,Intersection,30.24729425,Daylight,-97.77523451,One Motor Vehicle - Turning Left,4,Not Applicable,0,Not Applicable,"250,000 Pop And Over",No,NONE,80,US & State Highways,"Straight, Level",Main/Proper Lane,On Roadway,"4 Or More Lanes, Undivided",35,SL0343,2299,Dry,Bike Lane,Cloudy,Unknown If Worn,Pedalcyclist
15353201,No,No,26658,Austin Police Department,TRUE,26658,2014,162740449,Austin,No,No,Travis,0,0,0,5,1,Possible Injury,735,1,0,2016,Friday,Pedalcyclist,Ranch To Mkt,BURNET RD,Intersection,30.33480273,Daylight,-97.73981902,One Motor Vehicle - Going Straight,4,Not Applicable,0,Not Applicable,"250,000 Pop And Over",No,NONE,70,Farm To Market,"Straight, Level",Main/Proper Lane,On Roadway,"4 Or More Lanes, Undivided",-1,RM2222,2098,Dry,Signal Light,Clear,Not Worn,Pedalcyclist
15353318,No,No,No Data,Austin Police Department,TRUE,No Data,No Data,162750685,Austin,No,No,Travis,0,0,1,1,0,Non-Incapacitating Injury,1002,1,0,2016,Saturday,Pedalcyclist,No Data,HARRIS RIDGE BLVD,Intersection,30.40947475,Daylight,-97.64868248,One Motor Vehicle - Turning Right,No Data,Not Applicable,No Data,Not Applicable,"250,000 Pop And Over",No,NONE,No Data,City Street,"Curve, Grade",Main/Proper Lane,On Roadway,No Data,50,E HOWARD LN,NO DATA,Dry,Signal Light,Cloudy,"Worn, Not Damaged",Pedalcyclist
15353433,No,No,No Data,Austin Police Department,FALSE,No Data,No Data,162770814,Austin,No,No,Travis,0,0,0,1,1,Possible Injury,1314,1,0,2016,Monday,Pedalcyclist,No Data,N/A,Driveway Access,30.23663571,Daylight,-97.68612428,One Motor Vehicle - Turning Left,No Data,One Vehicle Leaving Driveway,No Data,Entrance To Or Exit From Private Property Or Driveway,"250,000 Pop And Over",No,NONE,No Data,City Street,"Straight, Grade",Main/Proper Lane,On Roadway,No Data,30,THOMPSON LN,NO DATA,Dry,Marked Lanes,Clear,Not Worn,Pedalcyclist
15359353,No,No,No Data,Austin Police Department,TRUE,No Data,No Data,162771197,Austin,No,No,Travis,0,0,1,1,0,Non-Incapacitating Injury,1658,1,0,2016,Monday,Pedalcyclist,No Data,W 24TH ST,Intersection,30.28768478,Daylight,-97.74157246,One Motor Vehicle - Going Straight,No Data,Not Applicable,No Data,Not Applicable,"250,000 Pop And Over",No,NONE,No Data,City Street,"Straight, Level",Main/Proper Lane,On Roadway,No Data,-1,GUADALUPE ST,2399,Dry,Signal Light,Clear,Not Worn,Pedalcyclist
15359445,Yes,No,No Data,Austin Police Department,TRUE,No Data,No Data,162781356,Austin,No,No,Travis,0,1,0,3,0,Incapacitating Injury,1812,1,0,2016,Tuesday,Pedalcyclist,No Data,UNKNOWN,Intersection,30.1857748,Daylight,-97.80146249,One Motor Vehicle - Turning Left,No Data,Not Applicable,No Data,Not Applicable,"250,000 Pop And Over",No,NONE,No Data,County Road,"Straight, Level",Main/Proper Lane,On Roadway,No Data,40,W DITTMAR RD,1100,Dry,None,Clear,"Worn, Unk Damage",Pedalcyclist
15361226,No,No,38439,Austin Police Department,TRUE,38439,2014,162780951,Austin,No,No,Travis,0,0,1,0,0,Non-Incapacitating Injury,1412,1,1,2016,Tuesday,Pedalcyclist,Farm To Market,SILVER CREEK DR,Intersection,30.42554709,Daylight,-97.7152602,One Motor Vehicle - Turning Right,6,Not Applicable,10,Not Applicable,"250,000 Pop And Over",No,NONE,200,Farm To Market,"Straight, Level",Service/Frontage Road,On Roadway,"4 Or More Lanes, Divided",45,FM0734,4007,Dry,Marked Lanes,Clear,"Worn, Not Damaged",Pedalcyclist
15381571,Yes,No,No Data,Austin Police Department,TRUE,No Data,No Data,162781118,Austin,No,No,Travis,0,0,0,3,1,Possible Injury,1613,1,0,2016,Tuesday,Pedalcyclist,No Data,W 6TH ST,Intersection,30.26901478,Daylight,-97.74629246,One Motor Vehicle - Turning Right,No Data,Not Applicable,No Data,Not Applicable,"250,000 Pop And Over",No,NONE,No Data,City Street,"Straight, Grade",Main/Proper Lane,On Roadway,No Data,-1,GUADALUPE ST,599,Dry,Signal Light,Clear,"Worn, Not Damaged",Pedalcyclist
15359492,No,No,No Data,Austin Police Department,FALSE,No Data,No Data,162790314,Austin,No,No,Travis,0,1,0,2,0,Incapacitating Injury,635,1,0,2016,Wednesday,Pedalcyclist,No Data,N/A,Non Intersection,30.39032481,"Dark, Lighted",-97.72209755,One Motor Vehicle - Going Straight,No Data,Not Applicable,No Data,Not Applicable,"250,000 Pop And Over",No,MEN'S GT BICYCLE,No Data,City Street,"Straight, Level",Main/Proper Lane,On Roadway,No Data,45,BURNET RD,10591,Dry,Marked Lanes,Cloudy,"Worn, Not Damaged",Pedalcyclist
15361282,Yes,No,No Data,Austin Police Department,FALSE,No Data,No Data,162800573,Austin,No,No,Travis,0,0,0,2,0,Not Injured,937,0,0,2016,Thursday,Pedalcyclist,No Data,NOT REPORTED,Non Intersection,30.19932322,Daylight,-97.7069642,One Motor Vehicle - Going Straight,No Data,Attention Diverted From Driving,No Data,Not Applicable,"250,000 Pop And Over",No,NONE,No Data,City Street,"Straight, Level",Main/Proper Lane,On Roadway,No Data,45,BURLESON RD,7000,Dry,Marked Lanes,Clear,Not Worn,Pedalcyclist
15361294,No,No,68363,Austin Police Department,TRUE,68363,2014,162801211,Austin,No,No,Travis,0,0,1,1,0,Non-Incapacitating Injury,1615,1,0,2016,Thursday,Pedalcyclist,State Highway,S INDUSTRIAL DR,Intersection Related,30.21594465,Daylight,-97.7400443,One Motor Vehicle - Going Straight,6,Attention Diverted From Driving,10,Not Applicable,"250,000 Pop And Over",No,NONE,350,US & State Highways,"Straight, Level",Service/Frontage Road,On Roadway,"4 Or More Lanes, Divided",55,SH0071,2228,Dry,Stop Sign,Clear,Not Worn,Pedalcyclist
15382189,No,No,No Data,Austin Police Department,FALSE,No Data,No Data,162801383,Austin,No,No,Travis,0,0,1,1,0,Non-Incapacitating Injury,1537,1,0,2016,Thursday,Pedalcyclist,No Data,N/A,Driveway Access,30.40176586,Daylight,-97.66944501,One Motor Vehicle - Going Straight,No Data,One Vehicle Leaving Driveway,No Data,Entrance To Or Exit From Private Property Or Driveway,"250,000 Pop And Over",No,NONE,No Data,City Street,"Straight, Level",Main/Proper Lane,Off Roadway,No Data,-1,CANYON RIDGE DR,258,Dry,Bike Lane,Cloudy,"Worn, Damaged",Pedalcyclist
15400797,Yes,No,34215,Austin Police Department,FALSE,34215,2014,162801423,Austin,Yes,Yes,Travis,0,0,1,3,0,Non-Incapacitating Injury,1756,1,0,2016,Thursday,Pedalcyclist,State Loop,N/A,Non Intersection,30.23969016,Daylight,-97.78782048,One Motor Vehicle - Turning Right,4,Construction - Within Posted Road Construction Zone (Not Related To Crash),0,Not Applicable,"250,000 Pop And Over",No,NONE,100,US & State Highways,"Straight, Level",Main/Proper Lane,On Roadway,"4 Or More Lanes, Undivided",-1,SL0343,3583,Dry,Marked Lanes,Clear,"Worn, Not Damaged",Pedalcyclist
15365749,No,No,No Data,Austin Police Department,TRUE,No Data,No Data,162811943,Austin,No,No,Travis,0,0,1,0,0,Non-Incapacitating Injury,2219,1,1,2016,Friday,Pedalcyclist,No Data,W 10TH ST,Intersection,30.28548478,"Dark, Lighted",-97.77529245,One Motor Vehicle - Turning Left,No Data,Not Applicable,No Data,Not Applicable,"250,000 Pop And Over",No,NONE,No Data,City Street,"Straight, Grade",Main/Proper Lane,On Roadway,No Data,30,EXPOSITION BLVD,999,Dry,Marked Lanes,Clear,"Worn, Unk Damage",Pedalcyclist
15368340,No,No,148494,Austin Police Department,TRUE,148494,2014,162812025,Austin,No,No,Travis,0,0,1,0,0,Non-Incapacitating Injury,2301,1,1,2016,Friday,Pedalcyclist,Interstate,E 6TH ST,Intersection Related,30.26574519,"Dark, Lighted",-97.73465308,One Motor Vehicle - Going Straight,6,Not Applicable,5,Not Applicable,"250,000 Pop And Over",No,NONE,300,Interstate,"Straight, Level",Service/Frontage Road,On Roadway,"4 Or More Lanes, Divided",45,IH0035,NO DATA,Dry,Crosswalk,Clear,Not Worn,Pedalcyclist
15365850,Yes,No,No Data,Austin Police Department,TRUE,No Data,No Data,162821112,Austin,No,No,Travis,0,0,1,2,0,Non-Incapacitating Injury,1657,1,0,2016,Saturday,Pedalcyclist,No Data,MUELLER BLVD,Intersection Related,30.30577477,Daylight,-97.70289247,One Motor Vehicle - Turning Right,No Data,Not Applicable,No Data,Not Applicable,"250,000 Pop And Over",No,NONE,No Data,City Street,"Straight, Level",Main/Proper Lane,On Roadway,No Data,35,E 51ST ST,1498,Dry,Signal Light,Clear,Not Worn,Pedalcyclist
15381612,No,No,No Data,Austin Police Department,TRUE,No Data,No Data,162831573,Austin,No,No,Travis,0,0,1,1,0,Non-Incapacitating Injury,2122,1,0,2016,Sunday,Pedalcyclist,No Data,LAVACA ST,Intersection,30.26593478,"Dark, Lighted",-97.74624246,One Motor Vehicle - Turning Left,No Data,Not Applicable,No Data,Not Applicable,"250,000 Pop And Over",No,NONE,No Data,City Street,"Straight, Level",Main/Proper Lane,On Roadway,No Data,30,W 3RD ST,300,Dry,Signal Light,Clear,"Worn, Not Damaged",Pedalcyclist
15573204,Yes,No,No Data,Austin Police Department,TRUE,No Data,No Data,162830242,Austin,No,No,Travis,0,0,0,1,1,Possible Injury,245,1,0,2016,Sunday,Pedalcyclist,No Data,N/A,Non Intersection,30.28930477,"Dark, Not Lighted",-97.73460246,One Motor Vehicle - Going Straight,No Data,Attention Diverted From Driving,No Data,Not Applicable,"250,000 Pop And Over",No,NONE,No Data,City Street,"Straight, Level",Main/Proper Lane,On Roadway,No Data,40,W DEAN KEETON ST,398,Dry,Marked Lanes,Clear,Unknown If Worn,Pedalcyclist
15368368,Yes,No,148494,Austin Police Department,FALSE,148494,2014,162841135,Austin,No,No,Travis,0,0,0,2,1,Possible Injury,1631,1,0,2016,Monday,Pedalcyclist,Interstate,E 7TH ST,Intersection Related,30.26644071,Daylight,-97.73440906,One Motor Vehicle - Turning Right,6,Not Applicable,5,Not Applicable,"250,000 Pop And Over",No,NONE,300,Interstate,"Straight, Level",Service/Frontage Road,On Roadway,"4 Or More Lanes, Divided",55,IH0035,NO DATA,Dry,Marked Lanes,Clear,Not Worn,Pedalcyclist
15369978,No,No,No Data,Austin Police Department,FALSE,No Data,No Data,162851271,Austin,No,No,Travis,0,0,0,5,1,Possible Injury,1734,1,0,2016,Tuesday,Pedalcyclist,No Data,N/A,Non Intersection,30.2358108,Daylight,-97.71845079,One Motor Vehicle - Going Straight,No Data,Attention Diverted From Driving,No Data,Not Applicable,"250,000 Pop And Over",No,NONE,No Data,City Street,"Straight, Level",Main/Proper Lane,On Roadway,No Data,-1,WICKERSHAM LN,1456,Dry,None,Clear,Not Worn,Pedalcyclist
15372327,No,No,No Data,Austin Police Department,FALSE,No Data,No Data,162860757,Austin,No,No,Travis,0,0,1,1,0,Non-Incapacitating Injury,1152,1,0,2016,Wednesday,Pedalcyclist,No Data,N/A,Non Intersection,30.29457688,Daylight,-97.74246398,One Motor Vehicle - Going Straight,No Data,Vehicle Changing Lanes,No Data,Not Applicable,"250,000 Pop And Over",No,NONE,No Data,City Street,"Curve, Level",Main/Proper Lane,On Roadway,No Data,30,GUADALUPE ST,NO DATA,Dry,Marked Lanes,Clear,"Worn, Damaged",Pedalcyclist
15372341,No,No,No Data,Austin Police Department,TRUE,No Data,No Data,162861394,Austin,No,No,Travis,0,0,0,2,1,Possible Injury,1801,1,0,2016,Wednesday,Pedalcyclist,No Data,W 26TH ST,Intersection,30.28978477,Daylight,-97.74140246,One Motor Vehicle - Going Straight,No Data,Not Applicable,No Data,Not Applicable,"250,000 Pop And Over",No,NONE,No Data,City Street,"Straight, Level",Main/Proper Lane,On Roadway,No Data,-1,GUADALUPE ST,2525,Dry,Signal Light,Clear,Not Worn,Pedalcyclist
15381695,No,No,No Data,Austin Police Department,FALSE,No Data,No Data,162880393,Austin,No,No,Travis,0,0,1,0,0,Non-Incapacitating Injury,705,1,1,2016,Friday,Pedalcyclist,No Data,N/A,Driveway Access,30.27850995,"Dark, Not Lighted",-97.68953944,One Motor Vehicle - Turning Left,No Data,One Vehicle Entering Driveway,No Data,Entrance To Or Exit From Private Property Or Driveway,"250,000 Pop And Over",No,NONE,No Data,City Street,"Straight, Grade",Main/Proper Lane,Off Roadway,No Data,35,E 12TH ST,4103,Dry,None,Cloudy,Not Worn,Pedalcyclist
15381756,No,No,No Data,Austin Police Department,FALSE,No Data,No Data,162890888,Austin,No,No,Travis,0,0,1,1,0,Non-Incapacitating Injury,1331,1,0,2016,Saturday,Pedalcyclist,No Data,N/A,Non Intersection,30.27206415,Daylight,-97.75243904,One Motor Vehicle - Going Straight,No Data,Not Applicable,No Data,Not Applicable,"250,000 Pop And Over",No,NONE,No Data,City Street,"Straight, Level",Main/Proper Lane,On Roadway,No Data,30,HENDERSON ST,659,Dry,Stop Sign,Clear,"Worn, Unk Damage",Pedalcyclist
15382127,No,No,No Data,Austin Police Department,FALSE,No Data,No Data,162900627,Austin,No,No,Travis,0,1,0,0,0,Incapacitating Injury,926,1,1,2016,Sunday,Pedalcyclist,No Data,N/A,Non Intersection,30.21716672,Daylight,-97.77533168,One Motor Vehicle - Going Straight,No Data,Not Applicable,No Data,Not Applicable,"250,000 Pop And Over",No,NONE,No Data,City Street,"Straight, Grade",Main/Proper Lane,On Roadway,No Data,-1,S 1ST ST,4605,Dry,Marked Lanes,Clear,"Worn, Not Damaged",Pedalcyclist
15381836,Yes,No,No Data,Austin Police Department,TRUE,No Data,No Data,162910556,Austin,No,No,Travis,0,0,1,1,0,Non-Incapacitating Injury,1000,1,0,2016,Monday,Pedalcyclist,No Data,DORSETT RD,Intersection,30.41238475,Daylight,-97.72334246,One Motor Vehicle - Going Straight,No Data,Attention Diverted From Driving,No Data,Not Applicable,"250,000 Pop And Over",No,NONE,No Data,City Street,"Straight, Level",Main/Proper Lane,On Roadway,No Data,35,ASPENDALE DR,NO DATA,Dry,Stop Sign,Clear,Not Worn,Pedalcyclist
15407607,No,No,No Data,Austin Police Department,TRUE,No Data,No Data,162911178,Austin,No,No,Travis,0,0,0,0,1,Possible Injury,1616,1,1,2016,Monday,Pedalcyclist,No Data,W STASSNEY LN,Intersection Related,30.20489479,Daylight,-97.77481246,One Motor Vehicle - Turning Right,No Data,Attention Diverted From Driving,No Data,Not Applicable,"250,000 Pop And Over",No,NONE,No Data,City Street,"Straight, Level",Main/Proper Lane,On Roadway,No Data,35,S CONGRESS AVE,NO DATA,Dry,Yield Sign,Clear,Not Worn,Pedalcyclist
15383429,Yes,No,No Data,Austin Police Department,TRUE,No Data,No Data,162930423,Austin,No,No,Travis,0,0,1,1,0,Non-Incapacitating Injury,853,1,0,2016,Tuesday,Pedalcyclist,No Data,BURNET RD,Intersection Related,30.31983477,Daylight,-97.73918246,One Motor Vehicle - Turning Left,No Data,Not Applicable,No Data,Not Applicable,"250,000 Pop And Over",No,NONE,No Data,City Street,"Straight, Level",Main/Proper Lane,On Roadway,No Data,-1,W 49TH ST,2100,Dry,Signal Light,Clear,"Worn, Damaged",Pedalcyclist
15383430,No,No,34215,Austin Police Department,FALSE,34215,2014,162920805,Austin,No,No,Travis,0,0,0,0,1,Possible Injury,1339,1,1,2016,Tuesday,Pedalcyclist,State Loop,N/A,Non Intersection,30.24626117,Daylight,-97.77862561,One Motor Vehicle - Going Straight,4,Not Applicable,0,Not Applicable,"250,000 Pop And Over",No,NONE,80,US & State Highways,"Straight, Grade",Main/Proper Lane,On Roadway,"4 Or More Lanes, Undivided",35,SL0343,2562,Dry,Marked Lanes,Clear,Not Worn,Pedalcyclist
15397078,No,No,No Data,Austin Police Department,TRUE,No Data,No Data,162941411,Austin,No,No,Travis,0,0,1,1,0,Non-Incapacitating Injury,1720,1,0,2016,Thursday,Pedalcyclist,No Data,AVENUE A,Intersection,30.31238477,Daylight,-97.73077246,One Motor Vehicle - Turning Right,No Data,Not Applicable,No Data,Not Applicable,"250,000 Pop And Over",No,NONE,No Data,City Street,"Straight, Level",Main/Proper Lane,On Roadway,No Data,-1,W 46TH ST,500,Dry,Center Stripe/Divider,Clear,Not Worn,Pedalcyclist
15397145,No,No,No Data,Austin Police Department,FALSE,No Data,No Data,162950750,Austin,No,No,Travis,0,0,1,1,0,Non-Incapacitating Injury,1103,1,0,2016,Friday,Pedalcyclist,No Data,N/A,Non Intersection,No Data,Daylight,No Data,One Motor Vehicle - Turning Left,No Data,One Vehicle Leaving Driveway,No Data,In A Parking Lot,"250,000 Pop And Over",Yes,NONE,No Data,Non Trafficway,"Straight, Grade",Other (Explain In Narrative),Not Applicable,No Data,45,W W SLAUGHTER LN LN,NO DATA,Dry,None,Clear,"Worn, Not Damaged",Pedalcyclist
15397200,No,No,No Data,Austin Police Department,TRUE,No Data,No Data,162951413,Austin,No,No,Travis,0,0,1,0,0,Non-Incapacitating Injury,1742,1,0,2016,Friday,Pedalcyclist,No Data,S CONGRESS AVE,Intersection,30.22964479,Daylight,-97.76025246,One Motor Vehicle - Turning Left,No Data,Not Applicable,No Data,Not Applicable,"250,000 Pop And Over",No,NONE,No Data,City Street,"Straight, Level",Main/Proper Lane,On Roadway,No Data,35,WOODWARD ST,100,Dry,Signal Light,Clear,Not Worn,Pedalcyclist
15397208,No,No,No Data,Austin Police Department,TRUE,No Data,No Data,162951658,Austin,No,No,Travis,0,1,0,1,0,Incapacitating Injury,1950,1,0,2016,Friday,Pedalcyclist,No Data,W 15TH ST,Intersection,30.27877478,"Dark, Unknown Lighting",-97.74619246,One Motor Vehicle - Going Straight,No Data,Not Applicable,No Data,Not Applicable,"250,000 Pop And Over",No,NONE,No Data,City Street,"Straight, Grade",Main/Proper Lane,On Roadway,No Data,-1,RIO GRANDE ST,1499,Dry,Signal Light With Red Light Running Camera,Clear,Not Worn,Pedalcyclist