Crash ID,$1000 Damage to Any One Person's Property,Active School Zone Flag,Adjusted Average Daily Traffic Amount,Agency,At Intersection Flag,Average Daily Traffic Amount,Average Daily Traffic Year,Case ID,City,Construction Zone Flag,Construction Zone Workers Present Flag,County,Crash Death Count,Crash Incapacitating Injury Count,Crash Non-incapacitating Injury Count,Crash Not Injured Count,Crash Possible Injury Count,Crash Severity,Crash Time,Crash Total Injury Count,Crash Unknown Injury Count,Crash Year,Day of Week,First Harmful Event,Highway System,Intersecting Street Name,Intersection Related,Latitude,Light Condition,Longitude,Manner of Collision,Number of Lanes,Other Factor,Outside Shoulder Width on Divided Highway,Physical Feature 1,Population Group,Private Drive Flag,Property Damages,Right of Way Usual Width,Road Class,Roadway Alignment,Roadway Part,Roadway Relation,Roadway Type,Speed Limit,Street Name,Street Number,Surface Condition,Traffic Control Type,Weather Condition,Person Helmet,Person Type
15666414,No,No,No Data,Austin Police Department,TRUE,No Data,No Data,170701500,Austin,No,No,Travis,0,0,0,2,0,Not Injured,2023,0,0,2017,Saturday,Pedalcyclist,No Data,WALLER ST,Intersection Related,30.26440478,"Dark, Lighted",-97.73049247,One Motor Vehicle - Going Straight,No Data,Not Applicable,No Data,Not Applicable,"250,000 Pop And Over",No,NONE,No Data,City Street,"Straight, Level",Main/Proper Lane,On Roadway,No Data,-1,E 6TH ST,1200,Wet,Stop Sign,Rain,"Worn, Unk Damage",Pedalcyclist
15650107,Yes,No,15262,Austin Police Department,FALSE,15262,2014,170732104,Austin,No,No,Travis,1,0,0,1,0,Killed,2342,0,0,2017,Tuesday,Pedalcyclist,Farm To Market,N/A,Non Intersection,30.28630713,"Dark, Lighted",-97.67826551,One Motor Vehicle - Going Straight,4,Attention Diverted From Driving,0,Not Applicable,"250,000 Pop And Over",No,NONE,100,Farm To Market,"Straight, Level",Main/Proper Lane,On Roadway,"4 Or More Lanes, Undivided",50,FM0969,4966,Dry,None,Clear,Not Worn,Pedalcyclist
15675746,No,No,No Data,Austin Police Department,FALSE,No Data,No Data,170731999,Austin,No,No,Travis,0,0,0,2,1,Possible Injury,2331,1,0,2017,Tuesday,Pedalcyclist,No Data,N/A,Driveway Access,30.26775283,"Dark, Lighted",-97.73432354,One Motor Vehicle - Turning Left,No Data,One Vehicle Leaving Driveway,No Data,Entrance To Or Exit From Private Property Or Driveway,"250,000 Pop And Over",No,NONE,No Data,Interstate,"Straight, Level",Service/Frontage Road,Off Roadway,No Data,15,N INTERSTATE 35,NO DATA,Dry,Marked Lanes,Clear,Not Worn,Pedalcyclist
15671124,Yes,No,No Data,Austin Police Department,TRUE,No Data,No Data,170741905,Austin,No,No,Travis,0,1,1,0,0,Incapacitating Injury,2223,2,1,2017,Wednesday,Pedalcyclist,No Data,N/A,Non Intersection,30.25890478,"Dark, Lighted",-97.74621246,One Motor Vehicle - Going Straight,No Data,Not Applicable,No Data,Not Applicable,"250,000 Pop And Over",No,NONE,No Data,City Street,"Straight, Grade",Main/Proper Lane,On Roadway,No Data,45,CONGRESS AVE S,301,Dry,Signal Light,Clear,Not Worn,Pedalcyclist
15671124,Yes,No,No Data,Austin Police Department,TRUE,No Data,No Data,170741905,Austin,No,No,Travis,0,1,1,0,0,Incapacitating Injury,2223,2,1,2017,Wednesday,Pedalcyclist,No Data,N/A,Non Intersection,30.25890478,"Dark, Lighted",-97.74621246,One Motor Vehicle - Going Straight,No Data,Not Applicable,No Data,Not Applicable,"250,000 Pop And Over",No,NONE,No Data,City Street,"Straight, Grade",Main/Proper Lane,On Roadway,No Data,45,CONGRESS AVE S,301,Dry,Signal Light,Clear,Not Worn,Pedalcyclist
15650678,No,No,No Data,Austin Police Department,FALSE,No Data,No Data,170751846,Austin,No,No,Travis,0,0,1,0,0,Non-Incapacitating Injury,2108,1,1,2017,Thursday,Pedalcyclist,No Data,N/A,Non Intersection,No Data,"Dark, Not Lighted",No Data,One Motor Vehicle - Going Straight,No Data,Attention Diverted From Driving,No Data,Private Drive Or Road,"250,000 Pop And Over",Yes,BICYCLE,No Data,Non Trafficway,"Straight, Level",Other (Explain In Narrative),Not Applicable,No Data,-1,GIVENS PARK,NO DATA,Dry,None,Clear,"Worn, Unk Damage",Pedalcyclist
15650696,Yes,No,No Data,Austin Police Department,TRUE,No Data,No Data,170760945,Austin,No,No,Travis,0,0,1,1,0,Non-Incapacitating Injury,1144,1,0,2017,Friday,Pedalcyclist,No Data,5TH ST S,Intersection,30.24830478,Daylight,-97.76208246,One Motor Vehicle - Going Straight,No Data,Not Applicable,No Data,Not Applicable,"250,000 Pop And Over",No,NONE,No Data,City Street,"Straight, Level",Main/Proper Lane,On Roadway,No Data,30,MARY ST W,1000,Dry,Stop Sign,Cloudy,Not Worn,Pedalcyclist
15653931,Yes,No,34215,Austin Police Department,TRUE,34215,2014,170762044,Austin,No,No,Travis,0,0,1,0,0,Non-Incapacitating Injury,2140,1,1,2017,Friday,Pedalcyclist,State Loop,OXFORD AVE,Intersection,30.24785109,"Dark, Lighted",-97.77202717,One Motor Vehicle - Going Straight,4,Not Applicable,0,Not Applicable,"250,000 Pop And Over",No,DAMAGED BICYCLE.  REAR WHEEL BENT,80,US & State Highways,"Straight, Level",Main/Proper Lane,On Roadway,"4 Or More Lanes, Undivided",40,SL0343,2147,Dry,Bike Lane,Clear,Not Worn,Pedalcyclist
15671173,Yes,No,No Data,Austin Police Department,FALSE,No Data,No Data,170760279,Austin,No,No,Travis,0,1,0,0,0,Incapacitating Injury,229,1,1,2017,Friday,Pedalcyclist,No Data,N/A,Non Intersection,30.2742316,"Dark, Lighted",-97.73073113,One Motor Vehicle - Other,No Data,Attention Diverted From Driving,No Data,Not Applicable,"250,000 Pop And Over",No,NONE,No Data,City Street,"Straight, Hillcrest",Main/Proper Lane,On Roadway,No Data,-1,E 14TH ST,805,Dry,Stop Sign,Clear,Not Worn,Pedalcyclist
15653943,No,No,No Data,Austin Police Department,FALSE,No Data,No Data,170771056,Austin,No,No,Travis,0,0,0,1,0,Not Injured,1357,0,1,2017,Saturday,Pedalcyclist,No Data,N/A,Non Intersection,No Data,Daylight,No Data,One Motor Vehicle - Going Straight,No Data,One Vehicle Leaving Driveway,No Data,In A Parking Lot,"250,000 Pop And Over",Yes,BICYCLE,No Data,Non Trafficway,"Straight, Level",Service/Frontage Road,Not Applicable,No Data,-1,RESEARCH SVRD NB BLVD,NO DATA,Dry,Signal Light,Clear,"Worn, Damaged",Pedalcyclist
15653973,No,No,No Data,Austin Police Department,FALSE,No Data,No Data,170771955,Austin,No,No,Travis,0,0,0,2,0,Not Injured,2220,0,0,2017,Saturday,Pedalcyclist,No Data,N/A,Non Intersection,30.26840615,"Dark, Lighted",-97.72712736,One Motor Vehicle - Going Straight,No Data,Attention Diverted From Driving,No Data,Not Applicable,"250,000 Pop And Over",No,BICYCLE,No Data,City Street,"Curve, Level",Main/Proper Lane,Shoulder,No Data,35,E 11TH ST,1212,Dry,No Passing Zone,Clear,Not Worn,Pedalcyclist
15659892,Yes,No,20895,Austin Police Department,TRUE,20895,2014,170770151,Austin,No,No,Travis,0,0,0,9,0,Not Injured,100,0,0,2017,Saturday,Parked Car,State Loop,RED RIVER ST,Intersection,30.2618442,"Dark, Lighted",-97.73886871,One Motor Vehicle - Turning Right,4,Not Applicable,10,Not Applicable,"250,000 Pop And Over",No,NONE,80,US & State Highways,"Straight, Grade",Main/Proper Lane,On Roadway,"4 Or More Lanes, Undivided",-1,SL0343,598,Dry,Signal Light,Cloudy,Not Worn,Pedalcyclist
15669231,No,No,No Data,Austin Police Department,TRUE,No Data,No Data,170781296,Austin,No,No,Travis,0,0,1,1,0,Non-Incapacitating Injury,1915,1,0,2017,Saturday,Pedalcyclist,No Data,N/A,Driveway Access,30.25672478,Daylight,-97.74704246,One Motor Vehicle - Turning Right,No Data,One Vehicle Entering Driveway,No Data,Entrance To Or Exit From Private Property Or Driveway,"250,000 Pop And Over",No,NONE,No Data,City Street,"Straight, Level",Main/Proper Lane,Shoulder,No Data,-1,CONGRESS AVE S,500,Dry,Bike Lane,Clear,Unknown If Worn,Pedalcyclist
15787040,Yes,No,No Data,Austin Police Department,FALSE,No Data,No Data,170781156,Austin,No,No,Travis,0,0,1,2,0,Non-Incapacitating Injury,1609,1,0,2017,Sunday,Pedalcyclist,No Data,N/A,Driveway Access,30.19047362,Daylight,-97.7706779,One Motor Vehicle - Going Straight,No Data,One Vehicle Leaving Driveway,No Data,Entrance To Or Exit From Private Property Or Driveway,"250,000 Pop And Over",No,NONE,No Data,City Street,"Straight, Level",Main/Proper Lane,On Roadway,No Data,40,E WILLIAM CANNON DR,NO DATA,Dry,Marked Lanes,Clear,Unknown If Worn,Pedalcyclist
15657890,No,No,No Data,Austin Police Department,TRUE,No Data,No Data,170801199,Austin,No,No,Travis,0,0,1,1,0,Non-Incapacitating Injury,1712,1,0,2017,Tuesday,Pedalcyclist,No Data,E RIVERSIDE DR,Intersection Related,30.24477478,Daylight,-97.73052247,One Motor Vehicle - Going Straight,No Data,Not Applicable,No Data,Not Applicable,"250,000 Pop And Over",No,BICYCLE SCRATCHES,No Data,City Street,"Straight, Level",Main/Proper Lane,On Roadway,No Data,30,S LAKESHORE BLVD,NO DATA,Dry,Signal Light,Clear,Not Worn,Pedalcyclist
15657892,No,No,No Data,Austin Police Department,TRUE,No Data,No Data,170801207,Austin,No,No,Travis,0,0,1,0,0,Non-Incapacitating Injury,1635,1,1,2017,Tuesday,Pedalcyclist,No Data,PARKFIELD DR,Intersection Related,30.36221476,Daylight,-97.71009247,One Motor Vehicle - Turning Right,No Data,Attention Diverted From Driving,No Data,Not Applicable,"250,000 Pop And Over",No,NONE,No Data,City Street,"Straight, Level",Main/Proper Lane,On Roadway,No Data,35,PAYTON GIN RD,1298,Dry,Signal Light,Clear,Not Worn,Pedalcyclist
15659946,Yes,No,No Data,Austin Police Department,FALSE,No Data,No Data,170811035,Austin,No,No,Travis,0,0,1,0,0,Non-Incapacitating Injury,1456,1,1,2017,Wednesday,Pedalcyclist,No Data,N/A,Driveway Access,30.41128053,Daylight,-97.72112573,One Motor Vehicle - Turning Right,No Data,One Vehicle Leaving Driveway,No Data,Entrance To Or Exit From Private Property Or Driveway,"250,000 Pop And Over",No,NONE,No Data,City Street,"Straight, Level",Main/Proper Lane,On Roadway,No Data,-1,DUVAL RD,3684,Dry,Marked Lanes,Clear,"Worn, Unk Damage",Pedalcyclist
15684074,Yes,No,No Data,Austin Police Department,FALSE,No Data,No Data,170811255,Austin,No,No,Travis,0,0,1,1,0,Non-Incapacitating Injury,1714,1,0,2017,Wednesday,Pedalcyclist,No Data,N/A,Non Intersection,30.27155478,Daylight,-97.75399246,One Motor Vehicle - Going Straight,No Data,Not Applicable,No Data,Not Applicable,"250,000 Pop And Over",No,NONE,No Data,City Street,"Straight, Level",Main/Proper Lane,On Roadway,No Data,30,6TH ST W,1000,Dry,Signal Light,Clear,"Worn, Not Damaged",Pedalcyclist
15669310,Yes,No,No Data,Austin Police Department,TRUE,No Data,No Data,170830455,Austin,No,No,Travis,0,0,1,1,0,Non-Incapacitating Injury,746,1,0,2017,Friday,Pedalcyclist,No Data,LAKE AUSTIN BLVD,Intersection,30.27751478,Dawn,-97.77147246,One Motor Vehicle - Going Straight,No Data,Not Applicable,No Data,Not Applicable,"250,000 Pop And Over",No,BICYCLE,No Data,City Street,"Curve, Grade",Main/Proper Lane,On Roadway,No Data,35,UPSON ST,501,Wet,Stop Sign,Cloudy,Not Worn,Pedalcyclist
15669355,Yes,No,No Data,Austin Police Department,FALSE,No Data,No Data,170831330,Austin,No,No,Travis,0,0,1,1,0,Non-Incapacitating Injury,1715,1,0,2017,Friday,Pedalcyclist,No Data,N/A,Driveway Access,30.29539478,Daylight,-97.74279246,One Motor Vehicle - Turning Right,No Data,One Vehicle Entering Driveway,No Data,Entrance To Or Exit From Private Property Or Driveway,"250,000 Pop And Over",No,NONE,No Data,City Street,"Straight, Level",Main/Proper Lane,Off Roadway,No Data,-1,GUADALUPE ST,2900,Dry,Bike Lane,Clear,Not Worn,Pedalcyclist
15669401,No,No,22613,Austin Police Department,FALSE,22613,2014,170841225,Austin,No,No,Travis,0,0,0,1,1,Possible Injury,1636,1,0,2017,Saturday,Pedalcyclist,State Loop,N/A,Driveway Access,30.26253198,Daylight,-97.74132517,One Motor Vehicle - Turning Right,4,One Vehicle Entering Driveway,10,Entrance To Or Exit From Private Property Or Driveway,"250,000 Pop And Over",No,NONE,80,US & State Highways,Other (Explain In Narrative),Other (Explain In Narrative),Off Roadway,"4 Or More Lanes, Undivided",30,SL0343,371,Dry,None,Clear,Not Worn,Pedalcyclist
15669405,No,No,No Data,Austin Police Department,FALSE,No Data,No Data,170841198,Austin,No,No,Travis,1,0,0,1,0,Killed,1615,0,0,2017,Saturday,Pedalcyclist,No Data,N/A,Non Intersection,No Data,Daylight,No Data,One Motor Vehicle - Going Straight,No Data,One Vehicle Leaving Driveway,No Data,Private Drive Or Road,"250,000 Pop And Over",Yes,NONE,No Data,Non Trafficway,"Straight, Level",Other (Explain In Narrative),Not Applicable,No Data,5,E E RUNDBERG LN LN,NO DATA,Dry,None,Clear,Not Worn,Pedalcyclist
15669455,No,No,No Data,Austin Police Department,TRUE,No Data,No Data,170850609,Austin,No,No,Travis,0,0,1,1,0,Non-Incapacitating Injury,1000,1,0,2017,Sunday,Pedalcyclist,No Data,SHOAL CREEK BLVD,Intersection,30.31745477,Daylight,-97.74609246,One Motor Vehicle - Going Straight,No Data,Not Applicable,No Data,Not Applicable,"250,000 Pop And Over",No,NONE,No Data,City Street,"Straight, Level",Main/Proper Lane,On Roadway,No Data,30,W 45TH ST,1898,Dry,Stop Sign,Clear,"Worn, Damaged",Pedalcyclist
15725973,Yes,No,No Data,Austin Police Department,FALSE,No Data,No Data,170871629,Austin,No,No,Travis,1,0,0,1,0,Killed,1926,0,0,2017,Tuesday,Pedalcyclist,No Data,N/A,Non Intersection,30.24709396,Daylight,-97.75603073,One Motor Vehicle - Going Straight,No Data,Attention Diverted From Driving,No Data,Not Applicable,"250,000 Pop And Over",No,NONE,No Data,City Street,"Straight, Level",Main/Proper Lane,On Roadway,No Data,35,S 1ST ST,1840,Dry,None,Clear,Not Worn,Pedalcyclist
15671245,No,No,No Data,Austin Police Department,FALSE,No Data,No Data,170880400,Austin,No,No,Travis,0,0,0,1,1,Possible Injury,801,1,0,2017,Wednesday,Pedalcyclist,No Data,N/A,Driveway Access,30.26857082,Daylight,-97.74097215,One Motor Vehicle - Turning Left,No Data,One Vehicle Leaving Driveway,No Data,Entrance To Or Exit From Private Property Or Driveway,"250,000 Pop And Over",No,NONE,No Data,City Street,"Straight, Level",Main/Proper Lane,On Roadway,No Data,35,E 7TH ST,214,Wet,Marked Lanes,Cloudy,Not Worn,Pedalcyclist
15673610,No,No,68363,Austin Police Department,TRUE,68363,2014,170890336,Austin,No,No,Travis,0,0,1,1,0,Non-Incapacitating Injury,713,1,0,2017,Thursday,Pedalcyclist,State Highway,IH0035,Intersection Related,30.2158232,Daylight,-97.73890356,One Motor Vehicle - Turning Right,8,Not Applicable,10,Not Applicable,"250,000 Pop And Over",No,NONE,350,US & State Highways,"Straight, Level",Main/Proper Lane,On Roadway,"4 Or More Lanes, Divided",35,SH0071,NO DATA,Dry,Stop Sign,Clear,Not Worn,Pedalcyclist
15684136,No,No,No Data,Austin Police Department,FALSE,No Data,No Data,170901114,Austin,No,No,Travis,0,0,1,2,0,Non-Incapacitating Injury,1503,1,0,2017,Friday,Pedalcyclist,No Data,N/A,Driveway Access,30.32541407,Daylight,-97.72666791,One Motor Vehicle - Going Straight,No Data,One Vehicle Leaving Driveway,No Data,Entrance To Or Exit From Private Property Or Driveway,"250,000 Pop And Over",No,NONE,No Data,City Street,"Straight, Level",Main/Proper Lane,On Roadway,No Data,-1,N LAMAR BLVD,NO DATA,Dry,None,Clear,Not Worn,Pedalcyclist
15706668,No,No,No Data,Austin Police Department,TRUE,No Data,No Data,170900471,Austin,No,No,Travis,0,0,0,2,1,Possible Injury,852,1,0,2017,Friday,Pedalcyclist,No Data,LONG BOW LN,Intersection,30.23718479,Daylight,-97.75491246,One Motor Vehicle - Turning Right,No Data,Not Applicable,No Data,Not Applicable,"250,000 Pop And Over",No,NONE,No Data,City Street,"Straight, Level",Main/Proper Lane,On Roadway,No Data,35,CONGRESS AVE S,2511,Dry,Bike Lane,Clear,"Worn, Not Damaged",Pedalcyclist
15684350,Yes,No,No Data,Austin Police Department,TRUE,No Data,No Data,170930558,Austin,No,No,Travis,0,0,0,1,1,Possible Injury,943,1,0,2017,Monday,Pedalcyclist,No Data,LAVACA ST,Intersection,30.26686478,Daylight,-97.74590246,One Motor Vehicle - Turning Left,No Data,Not Applicable,No Data,Not Applicable,"250,000 Pop And Over",No,NONE,No Data,City Street,"Straight, Level",Main/Proper Lane,On Roadway,No Data,30,W 4TH ST,300,Dry,Signal Light,Clear,Not Worn,Pedalcyclist
15686195,Yes,No,No Data,Austin Police Department,TRUE,No Data,No Data,1700930340,Austin,No,No,Travis,0,0,1,1,0,Non-Incapacitating Injury,721,1,0,2017,Monday,Pedalcyclist,No Data,DUVAL ST,Intersection,30.29264477,Daylight,-97.73363246,One Motor Vehicle - Going Straight,No Data,Not Applicable,No Data,Not Applicable,"250,000 Pop And Over",No,NONE,No Data,City Street,"Straight, Grade",Main/Proper Lane,On Roadway,No Data,-1,E 31ST ST,498,Dry,Stop Sign,Clear,"Worn, Not Damaged",Pedalcyclist
15706677,No,No,No Data,Austin Police Department,FALSE,No Data,No Data,170931168,Austin,No,No,Travis,0,0,1,1,0,Non-Incapacitating Injury,1535,1,0,2017,Monday,Pedalcyclist,State Loop,N/A,Non Intersection,No Data,Daylight,No Data,One Motor Vehicle - Turning Right,No Data,One Vehicle Leaving Driveway,No Data,Entrance To Or Exit From Private Property Or Driveway,"250,000 Pop And Over",No,NONE,No Data,Non Trafficway,"Straight, Level",Service/Frontage Road,Not Applicable,No Data,50,SL0001,NO DATA,Dry,None,Clear,"Worn, Not Damaged",Pedalcyclist
15686298,No,No,No Data,Austin Police Department,TRUE,No Data,No Data,170951670,Austin,No,No,Travis,0,0,1,1,0,Non-Incapacitating Injury,2039,1,0,2017,Wednesday,Pedalcyclist,No Data,SPEEDWAY,Intersection,30.29536477,"Dark, Lighted",-97.73682246,One Motor Vehicle - Going Straight,No Data,Not Applicable,No Data,Not Applicable,"250,000 Pop And Over",No,NONE,No Data,City Street,"Straight, Level",Main/Proper Lane,On Roadway,No Data,-1,E 31ST ST,100,Dry,Stop Sign,Clear,Not Worn,Pedalcyclist
15686303,No,No,No Data,Austin Police Department,FALSE,No Data,No Data,170951949,Austin,No,No,Travis,0,0,0,0,1,Possible Injury,2326,1,1,2017,Wednesday,Pedalcyclist,No Data,N/A,Non Intersection,30.22766596,"Dark, Lighted",-97.72772421,One Motor Vehicle - Going Straight,No Data,Not Applicable,No Data,Not Applicable,"250,000 Pop And Over",No,NONE,No Data,City Street,"Straight, Level",Main/Proper Lane,On Roadway,No Data,-1,S PLEASANT VALLEY RD,NO DATA,Dry,Signal Light,Clear,"Worn, Unk Damage",Pedalcyclist
15688553,No,No,No Data,Austin Police Department,TRUE,No Data,No Data,170960563,Austin,No,No,Travis,0,0,0,1,0,Not Injured,950,0,1,2017,Thursday,Pedalcyclist,No Data,W 45TH ST,Intersection,30.31084477,Daylight,-97.73298246,One Motor Vehicle - Turning Right,No Data,Swerved Or Veered-Reason Not Specified,No Data,Not Applicable,"250,000 Pop And Over",No,NONE,No Data,City Street,"Straight, Level",Main/Proper Lane,On Roadway,No Data,-1,GUADALUPE ST,4489,Dry,Center Stripe/Divider,Clear,"Worn, Damaged",Pedalcyclist
15688556,No,No,No Data,Austin Police Department,FALSE,No Data,No Data,170960910,Austin,No,No,Travis,0,0,1,1,0,Non-Incapacitating Injury,1335,1,0,2017,Thursday,Pedalcyclist,No Data,MANCHACA RD,Intersection,30.22825346,Daylight,-97.78939968,One Motor Vehicle - Turning Right,No Data,Attention Diverted From Driving,No Data,Not Applicable,"250,000 Pop And Over",No,NONE,No Data,City Street,"Straight, Level",Main/Proper Lane,On Roadway,No Data,30,REDD ST,1998,Dry,Marked Lanes,Clear,"Worn, Not Damaged",Pedalcyclist
15948351,No,No,No Data,Austin Police Department,FALSE,No Data,No Data,170961278,Austin,No,No,Travis,0,0,1,1,0,Non-Incapacitating Injury,1713,1,0,2017,Thursday,Pedalcyclist,No Data,N/A,Non Intersection,30.25967858,Daylight,-97.69316856,One Motor Vehicle - Going Straight,No Data,Not Applicable,No Data,Not Applicable,"250,000 Pop And Over",No,NONE,No Data,City Street,"Straight, Level",Main/Proper Lane,On Roadway,No Data,35,BOLM RD,5109,Dry,Marked Lanes,Clear,"Worn, Not Damaged",Pedalcyclist
15693938,No,No,No Data,Austin Police Department,TRUE,No Data,No Data,170972037,Austin,No,No,Travis,0,0,1,1,0,Non-Incapacitating Injury,2204,1,0,2017,Friday,Pedalcyclist,No Data,CHESTNUT AVE,Intersection,30.28445477,"Dark, Lighted",-97.71818247,One Motor Vehicle - Turning Left,No Data,Not Applicable,No Data,Not Applicable,"250,000 Pop And Over",No,NONE,No Data,City Street,"Straight, Grade",Main/Proper Lane,On Roadway,No Data,-1,MANOR RD,NO DATA,Dry,Signal Light,Clear,"Worn, Not Damaged",Pedalcyclist
15693943,Yes,No,No Data,Austin Police Department,FALSE,No Data,No Data,170972219,Austin,No,No,Travis,0,0,1,1,1,Non-Incapacitating Injury,2331,2,0,2017,Friday,Parked Car,No Data,N/A,Non Intersection,30.26761954,"Dark, Lighted",-97.74149676,One Motor Vehicle - Going Straight,No Data,Not Applicable,No Data,Not Applicable,"250,000 Pop And Over",No,NONE,No Data,City Street,"Straight, Level",Main/Proper Lane,On Roadway,No Data,30,BRAZOS ST,592,Dry,Signal Light,Clear,Not Worn,Pedalcyclist
15694007,No,No,No Data,Austin Police Department,FALSE,No Data,No Data,170981000,Austin,No,No,Travis,0,0,1,1,0,Non-Incapacitating Injury,1500,1,0,2017,Saturday,Pedalcyclist,No Data,N/A,Non Intersection,30.22418604,Daylight,-97.70395498,One Motor Vehicle - Going Straight,No Data,Not Applicable,No Data,Not Applicable,"250,000 Pop And Over",No,NONE,No Data,City Street,"Straight, Level",Main/Proper Lane,On Roadway,No Data,40,MONTOPOLIS DR,2065,Dry,None,Clear,Not Worn,Pedalcyclist
15706723,No,No,197636,Austin Police Department,TRUE,197636,2014,170980582,Austin,No,No,Travis,0,0,1,1,0,Non-Incapacitating Injury,1030,1,0,2017,Saturday,Pedalcyclist,Interstate,E RIVERSIDE DR,Intersection Related,30.24819973,Daylight,-97.73538932,One Motor Vehicle - Turning Right,6,Attention Diverted From Driving,10,Not Applicable,"250,000 Pop And Over",No,NONE,300,Interstate,"Curve, Level",Service/Frontage Road,On Roadway,"4 Or More Lanes, Divided",45,IH0035,NO DATA,Dry,Signal Light With Red Light Running Camera,Clear,Not Worn,Pedalcyclist
15696420,Yes,No,No Data,Austin Police Department,TRUE,No Data,No Data,171001245,Austin,No,No,Travis,0,0,1,1,0,Non-Incapacitating Injury,1632,1,0,2017,Monday,Pedalcyclist,No Data,PLEASANT VALLEY RD N,Intersection Related,30.26009478,Daylight,-97.70946247,One Motor Vehicle - Going Straight,No Data,Attention Diverted From Driving,No Data,Not Applicable,"250,000 Pop And Over",No,NONE,No Data,City Street,"Straight, Level",Main/Proper Lane,On Roadway,No Data,-1,E 7TH ST,2798,Dry,Marked Lanes,Clear,Not Worn,Pedalcyclist
15706874,Yes,No,No Data,Austin Police Department,TRUE,No Data,No Data,171021720,Austin,No,No,Travis,0,0,1,0,0,Non-Incapacitating Injury,2013,1,1,2017,Wednesday,Pedalcyclist,No Data,N/A,Non Intersection,No Data,"Dark, Lighted",No Data,One Motor Vehicle - Going Straight,No Data,One Vehicle Leaving Driveway,No Data,In A Parking Lot,"250,000 Pop And Over",Yes,NONE,No Data,Non Trafficway,"Straight, Level",Main/Proper Lane,Not Applicable,No Data,-1,E RIVERSIDE DR,NO DATA,Dry,Signal Light,Cloudy,Not Worn,Pedalcyclist
15706914,No,No,No Data,Austin Police Department,TRUE,No Data,No Data,171030528,Austin,No,No,Travis,0,0,0,1,1,Possible Injury,917,1,0,2017,Thursday,Pedalcyclist,No Data,W RIVERSIDE DR,Intersection Related,30.25715478,Daylight,-97.74688246,One Motor Vehicle - Going Straight,No Data,Attention Diverted From Driving,No Data,Not Applicable,"250,000 Pop And Over",No,NONE,No Data,City Street,"Straight, Level",Main/Proper Lane,On Roadway,No Data,35,CONGRESS AVE S,401,Dry,Signal Light With Red Light Running Camera,Clear,Not Worn,Pedalcyclist
15711388,No,No,No Data,Austin Police Department,FALSE,No Data,No Data,171030496,Austin,No,No,Travis,0,0,0,2,1,Possible Injury,857,1,0,2017,Thursday,Pedalcyclist,No Data,N/A,Driveway Access,30.31350227,Daylight,-97.70439963,One Motor Vehicle - Turning Right,No Data,One Vehicle Entering Driveway,No Data,Entrance To Or Exit From Private Property Or Driveway,"250,000 Pop And Over",No,NONE,No Data,City Street,"Straight, Level",Main/Proper Lane,On Roadway,No Data,35,CAMERON RD,5572,Dry,Bike Lane,Cloudy,"Worn, Unk Damage",Pedalcyclist
15758434,No,No,No Data,Austin Police Department,FALSE,No Data,No Data,171031532,Austin,No,No,Travis,0,0,0,0,1,Possible Injury,1813,1,1,2017,Thursday,Pedalcyclist,No Data,N/A,Driveway Access,30.4080846,Daylight,-97.69710696,One Motor Vehicle - Going Straight,No Data,One Vehicle Leaving Driveway,No Data,Entrance To Or Exit From Private Property Or Driveway,"250,000 Pop And Over",No,NONE,No Data,City Street,"Straight, Grade",Main/Proper Lane,On Roadway,No Data,-1,METRIC BLVD,NO DATA,Dry,Signal Light,Clear,Unknown If Worn,Pedalcyclist
15707038,No,No,No Data,Austin Police Department,TRUE,No Data,No Data,171041480,Austin,No,No,Travis,0,1,0,2,0,Incapacitating Injury,1753,1,0,2017,Friday,Pedalcyclist,No Data,OAK SPRINGS DR,Intersection,30.27356478,Daylight,-97.69790247,One Motor Vehicle - Going Straight,No Data,Not Applicable,No Data,Not Applicable,"250,000 Pop And Over",No,NONE,No Data,City Street,"Straight, Level",Main/Proper Lane,On Roadway,No Data,55,AIRPORT BLVD,1149,Dry,Signal Light,Clear,Not Worn,Pedalcyclist
15711468,No,No,No Data,Austin Police Department,TRUE,No Data,No Data,171080357,Austin,No,No,Travis,0,0,1,1,0,Non-Incapacitating Injury,757,1,0,2017,Tuesday,Pedalcyclist,No Data,E 12TH ST,Intersection,30.27893477,Daylight,-97.68705248,One Motor Vehicle - Turning Right,No Data,Not Applicable,No Data,Not Applicable,"250,000 Pop And Over",No,NONE,No Data,City Street,"Straight, Grade",Main/Proper Lane,On Roadway,No Data,30,SPRINGDALE RD,1201,Dry,Signal Light,Cloudy,"Worn, Not Damaged",Pedalcyclist
15711512,No,No,No Data,Austin Police Department,TRUE,No Data,No Data,171081295,Austin,No,No,Travis,0,0,0,1,1,Possible Injury,1731,1,0,2017,Tuesday,Pedalcyclist,No Data,MARATHON BLVD,Intersection Related,30.31402477,Daylight,-97.73875246,One Motor Vehicle - Going Straight,No Data,Not Applicable,No Data,Not Applicable,"250,000 Pop And Over",No,NONE,No Data,City Street,"Straight, Level",Main/Proper Lane,On Roadway,No Data,35,W 45TH ST,NO DATA,Dry,Stop Sign,Clear,"Worn, Not Damaged",Pedalcyclist