Crash ID,$1000 Damage to Any One Person's Property,Active School Zone Flag,Adjusted Average Daily Traffic Amount,Agency,At Intersection Flag,Average Daily Traffic Amount,Average Daily Traffic Year,Case ID,City,Construction Zone Flag,Construction Zone Workers Present Flag,County,Crash Death Count,Crash Incapacitating Injury Count,Crash Non-incapacitating Injury Count,Crash Not Injured Count,Crash Possible Injury Count,Crash Severity,Crash Time,Crash Total Injury Count,Crash Unknown Injury Count,Crash Year,Day of Week,First Harmful Event,Highway System,Intersecting Street Name,Intersection Related,Latitude,Light Condition,Longitude,Manner of Collision,Number of Lanes,Other Factor,Outside Shoulder Width on Divided Highway,Physical Feature 1,Population Group,Private Drive Flag,Property Damages,Right of Way Usual Width,Road Class,Roadway Alignment,Roadway Part,Roadway Relation,Roadway Type,Speed Limit,Street Name,Street Number,Surface Condition,Traffic Control Type,Weather Condition,Person Helmet,Person Type
15826121,Yes,No,No Data,Austin Police Department,FALSE,No Data,No Data,171610442,Austin,No,No,Travis,0,3,0,1,1,Incapacitating Injury,645,4,0,2017,Saturday,Pedalcyclist,No Data,N/A,Non Intersection,30.23924664,Daylight,-97.71926976,One Motor Vehicle - Going Straight,No Data,Attention Diverted From Driving,No Data,Not Applicable,"250,000 Pop And Over",No,NONE,No Data,City Street,"Straight, Level",Main/Proper Lane,On Roadway,No Data,35,S PLEASANT VALLEY RD,1399,Dry,None,Clear,Unknown If Worn,Pedalcyclist
15827854,Yes,No,No Data,Austin Police Department,FALSE,No Data,No Data,171631263,Austin,No,No,Travis,0,1,0,2,0,Incapacitating Injury,1645,1,0,2017,Monday,Pedalcyclist,No Data,N/A,Non Intersection,30.26258522,Daylight,-97.72225002,One Motor Vehicle - Going Straight,No Data,Swerved Or Veered-Avoiding Vehicle Stopped Or Moving Slowly In Traffic Lane,No Data,Not Applicable,"250,000 Pop And Over",No,NONE,No Data,City Street,"Straight, Level",Main/Proper Lane,Off Roadway,No Data,35,E 7TH ST,1883,Dry,Signal Light,Clear,Unknown If Worn,Pedalcyclist
15812496,No,No,No Data,Austin Police Department,TRUE,No Data,No Data,171640710,Austin,No,No,Travis,0,0,0,1,1,Possible Injury,1128,1,0,2017,Tuesday,Pedalcyclist,No Data,UNKNOWN,Intersection Related,30.27377478,Daylight,-97.76337246,One Motor Vehicle - Turning Left,No Data,Not Applicable,No Data,Not Applicable,"250,000 Pop And Over",No,NONE,No Data,City Street,"Straight, Level",Main/Proper Lane,On Roadway,No Data,35,W 5TH ST,1600,Dry,Marked Lanes,Clear,Not Worn,Pedalcyclist
15820582,No,No,No Data,Austin Police Department,FALSE,No Data,No Data,171651115,Austin,No,No,Travis,0,0,1,1,0,Non-Incapacitating Injury,1528,1,0,2017,Wednesday,Pedalcyclist,No Data,N/A,Non Intersection,30.26956473,Daylight,-97.72442785,One Motor Vehicle - Going Straight,No Data,Not Applicable,No Data,Not Applicable,"250,000 Pop And Over",No,NONE,No Data,City Street,"Straight, Level",Main/Proper Lane,On Roadway,No Data,-1,ANGELINA ST,1159,Dry,None,Clear,Not Worn,Pedalcyclist
15896055,No,No,No Data,Austin Police Department,TRUE,No Data,No Data,171651893,Austin,No,No,Travis,0,0,0,0,1,Possible Injury,2234,1,1,2017,Wednesday,Pedalcyclist,No Data,S LAMAR BLVD,Intersection,30.24823478,"Dark, Lighted",-97.77063246,One Motor Vehicle - Turning Right,No Data,Not Applicable,No Data,Not Applicable,"250,000 Pop And Over",No,NONE,No Data,City Street,"Straight, Level",Main/Proper Lane,On Roadway,No Data,35,KINNEY AVE,2399,Dry,Signal Light,Clear,Not Worn,Pedalcyclist
15847006,Yes,No,No Data,Austin Police Department,TRUE,No Data,No Data,171660051,Austin,No,No,Travis,0,1,0,0,3,Incapacitating Injury,48,4,0,2017,Thursday,Motor Vehicle In Transport,No Data,N LAMAR BLVD,Intersection,30.27155478,"Dark, Lighted",-97.75399246,Angle - Both Going Straight,No Data,Attention Diverted From Driving,No Data,Not Applicable,"250,000 Pop And Over",No,NONE,No Data,City Street,"Straight, Grade",Main/Proper Lane,On Roadway,No Data,-1,W 6TH ST,998,Dry,Signal Light,Clear,"Worn, Damaged",Pedalcyclist
15820621,No,No,No Data,Austin Police Department,FALSE,No Data,No Data,171671400,Austin,No,No,Travis,0,0,1,1,0,Non-Incapacitating Injury,1724,1,0,2017,Friday,Pedalcyclist,No Data,ROGGE LN,Intersection Related,30.30271193,Daylight,-97.67754779,One Motor Vehicle - Turning Right,No Data,Not Applicable,No Data,Not Applicable,"250,000 Pop And Over",No,NONE,No Data,City Street,"Straight, Level",Main/Proper Lane,On Roadway,No Data,25,REICHER DR,5702,Dry,Stop Sign,Clear,Not Worn,Pedalcyclist
15820672,No,No,148494,Austin Police Department,FALSE,148494,2014,171681689,Austin,No,No,Travis,0,0,0,1,1,Possible Injury,2207,1,0,2017,Saturday,Pedalcyclist,Interstate,E 6TH ST,Intersection Related,30.2656795,"Dark, Lighted",-97.73467612,One Motor Vehicle - Turning Left,6,Not Applicable,5,Not Applicable,"250,000 Pop And Over",No,NONE,300,Interstate,"Straight, Level",Service/Frontage Road,On Roadway,"4 Or More Lanes, Divided",-1,IH0035,NO DATA,Dry,Crosswalk,Clear,Not Worn,Pedalcyclist
15823135,Yes,No,No Data,Austin Police Department,FALSE,No Data,No Data,171700685,Austin,No,No,Travis,0,0,0,1,1,Possible Injury,1119,1,0,2017,Monday,Pedalcyclist,No Data,N/A,Non Intersection,No Data,Daylight,No Data,One Motor Vehicle - Going Straight,No Data,One Vehicle Leaving Driveway,No Data,In A Parking Lot,"250,000 Pop And Over",No,NONE,No Data,Non Trafficway,"Straight, Grade",Service/Frontage Road,Not Applicable,No Data,40,E WM CANNON DR,NO DATA,Dry,Marked Lanes,Cloudy,Not Worn,Pedalcyclist
15827861,No,No,106597,Austin Police Department,FALSE,106597,2014,171700444,Austin,No,No,Travis,0,0,2,1,0,Non-Incapacitating Injury,842,2,0,2017,Monday,Pedalcyclist,State Loop,RM2244,Intersection Related,30.2685281,Daylight,-97.77741548,One Motor Vehicle - Turning Right,8,Attention Diverted From Driving,6,Not Applicable,"250,000 Pop And Over",No,NONE,200,US & State Highways,"Straight, Hillcrest",Service/Frontage Road,On Roadway,"4 Or More Lanes, Divided",45,SL0001,NO DATA,Dry,Bike Lane,Clear,"Worn, Not Damaged",Pedalcyclist
15827861,No,No,106597,Austin Police Department,FALSE,106597,2014,171700444,Austin,No,No,Travis,0,0,2,1,0,Non-Incapacitating Injury,842,2,0,2017,Monday,Pedalcyclist,State Loop,RM2244,Intersection Related,30.2685281,Daylight,-97.77741548,One Motor Vehicle - Turning Right,8,Attention Diverted From Driving,6,Not Applicable,"250,000 Pop And Over",No,NONE,200,US & State Highways,"Straight, Hillcrest",Service/Frontage Road,On Roadway,"4 Or More Lanes, Divided",45,SL0001,NO DATA,Dry,Bike Lane,Clear,"Worn, Not Damaged",Pedalcyclist
15823139,Yes,No,29839,Austin Police Department,TRUE,29839,2014,171710329,Austin,No,No,Travis,0,0,1,1,0,Non-Incapacitating Injury,753,1,0,2017,Tuesday,Pedalcyclist,State Loop,FM0734,Intersection Related,30.35764657,Daylight,-97.7000886,One Motor Vehicle - Turning Left,4,Not Applicable,0,Not Applicable,"250,000 Pop And Over",No,NONE,125,US & State Highways,"Straight, Level",Main/Proper Lane,On Roadway,"4 Or More Lanes, Undivided",45,SL0275,8900,Dry,Signal Light,Clear,Not Worn,Pedalcyclist
15827869,Yes,No,No Data,Austin Police Department,TRUE,No Data,No Data,171711420,Austin,No,No,Travis,0,0,1,1,0,Non-Incapacitating Injury,1905,1,0,2017,Tuesday,Pedalcyclist,No Data,NUECES ST,Intersection,30.26684478,Daylight,-97.74946246,One Motor Vehicle - Going Straight,No Data,Not Applicable,No Data,Not Applicable,"250,000 Pop And Over",No,NONE,No Data,City Street,"Straight, Level",Main/Proper Lane,On Roadway,No Data,-1,W 3RD ST,798,Dry,Stop Sign,Clear,"Worn, Unk Damage",Pedalcyclist
15827961,No,No,No Data,Austin Police Department,TRUE,No Data,No Data,171731140,Austin,No,No,Travis,0,0,1,1,0,Non-Incapacitating Injury,1553,1,0,2017,Thursday,Pedalcyclist,No Data,CANTERBURY ST,Intersection Related,30.25151478,Daylight,-97.71339247,One Motor Vehicle - Going Straight,No Data,Not Applicable,No Data,Not Applicable,"250,000 Pop And Over",No,NONE,No Data,City Street,"Straight, Level",Other (Explain In Narrative),On Roadway,No Data,-1,PLEASANT VALLEY RD N,79,Dry,Marked Lanes,Clear,Not Worn,Pedalcyclist
15889853,No,No,No Data,Austin Police Department,TRUE,No Data,No Data,171770335,Austin,No,No,Travis,0,0,0,1,1,Possible Injury,717,1,0,2017,Monday,Pedalcyclist,No Data,CENTRE CREEK DR,Intersection Related,30.33692476,Daylight,-97.67600248,One Motor Vehicle - Other,No Data,Attention Diverted From Driving,No Data,Not Applicable,"250,000 Pop And Over",No,NONE,No Data,City Street,"Straight, Grade",Main/Proper Lane,On Roadway,No Data,40,CROSS PARK DR,NO DATA,Wet,Stop Sign,Rain,"Worn, Not Damaged",Pedalcyclist
15839701,No,No,No Data,Austin Police Department,FALSE,No Data,No Data,171791652,Austin,No,No,Travis,0,0,1,5,0,Non-Incapacitating Injury,1950,1,0,2017,Wednesday,Pedalcyclist,No Data,N/A,Non Intersection,No Data,Daylight,No Data,One Motor Vehicle - Going Straight,No Data,Attention Diverted From Driving,No Data,In A Parking Lot,"250,000 Pop And Over",Yes,NONE,No Data,Non Trafficway,"Straight, Level",Other (Explain In Narrative),Not Applicable,No Data,-1,BAYTHORN DR,NO DATA,Dry,Crosswalk,Clear,Unknown If Worn,Pedalcyclist
15851719,No,No,41709,Austin Police Department,FALSE,41709,2014,171811294,Austin,No,No,Travis,0,0,1,1,0,Non-Incapacitating Injury,1545,1,0,2017,Friday,Pedalcyclist,Ranch To Mkt,N/A,Driveway Access,30.40236613,Daylight,-97.85471224,One Motor Vehicle - Turning Left,4,One Vehicle Entering Driveway,8,Entrance To Or Exit From Private Property Or Driveway,"250,000 Pop And Over",No,DAMAGED BICYCLE,120,Farm To Market,"Straight, Level",Main/Proper Lane,On Roadway,"4 Or More Lanes, Undivided",55,RM0620,NO DATA,Dry,Marked Lanes,Clear,Unknown If Worn,Pedalcyclist
15843303,Yes,No,164391,Austin Police Department,TRUE,164391,2014,171830304,Austin,No,No,Travis,0,0,1,1,0,Non-Incapacitating Injury,307,1,0,2017,Sunday,Pedalcyclist,Interstate,E 12TH ST,Intersection,30.27167173,"Dark, Lighted",-97.73245068,One Motor Vehicle - Going Straight,8,Attention Diverted From Driving,10,Not Applicable,"250,000 Pop And Over",No,NONE,300,Interstate,"Straight, Grade",Service/Frontage Road,On Roadway,"4 Or More Lanes, Divided",55,IH0035,NO DATA,Dry,Signal Light,Clear,Not Worn,Pedalcyclist
15857029,No,No,No Data,Austin Police Department,FALSE,No Data,No Data,171840894,Austin,No,No,Travis,0,0,0,2,1,Possible Injury,1504,1,0,2017,Monday,Pedalcyclist,No Data,N/A,Driveway Access,30.24520672,Daylight,-97.75130214,One Motor Vehicle - Turning Left,No Data,One Vehicle Entering Driveway,No Data,Entrance To Or Exit From Private Property Or Driveway,"250,000 Pop And Over",No,NONE,No Data,City Street,"Straight, Level",Main/Proper Lane,On Roadway,No Data,35,CONGRESS AVE S,1893,Dry,Bike Lane,Clear,"Worn, Not Damaged",Pedalcyclist
15857036,No,No,No Data,Austin Police Department,TRUE,No Data,No Data,171881324,Austin,No,No,Travis,0,0,0,0,0,Unknown,1900,0,2,2017,Wednesday,Pedalcyclist,No Data,BRYN MAWR DR,Intersection,30.31293477,Unknown,-97.67180248,One Motor Vehicle - Going Straight,No Data,Not Applicable,No Data,Not Applicable,"250,000 Pop And Over",No,POSSIBLE TO BIKE,No Data,City Street,Unknown,Main/Proper Lane,On Roadway,No Data,-1,LOYOLA LN,3000,Unknown,None,Unknown,Unknown If Worn,Pedalcyclist
15852059,No,No,No Data,Austin Police Department,FALSE,No Data,No Data,171871263,Austin,No,No,Travis,0,0,1,4,0,Non-Incapacitating Injury,1717,1,0,2017,Thursday,Pedalcyclist,No Data,N/A,Driveway Access,30.36202476,Daylight,-97.70968247,One Motor Vehicle - Backing,No Data,One Vehicle Leaving Driveway,No Data,Entrance To Or Exit From Private Property Or Driveway,"250,000 Pop And Over",No,NONE,No Data,City Street,"Straight, Level",Main/Proper Lane,On Roadway,No Data,-1,PARKFIELD DR,8900,Dry,Bike Lane,Clear,Not Worn,Pedalcyclist
15866864,No,No,No Data,Austin Police Department,TRUE,No Data,No Data,171871221,Austin,No,No,Travis,0,0,1,1,0,Non-Incapacitating Injury,1658,1,0,2017,Thursday,Pedalcyclist,No Data,N/A,Driveway Access,30.27342478,Daylight,-97.72193247,One Motor Vehicle - Turning Right,No Data,One Vehicle Entering Driveway,No Data,Entrance To Or Exit From Private Property Or Driveway,"250,000 Pop And Over",No,NONE,No Data,City Street,"Straight, Level",Other (Explain In Narrative),Off Roadway,No Data,5,E 12TH ST,1701,Dry,Other (Explain In Narrative),Clear,Not Worn,Pedalcyclist
15852080,No,No,No Data,Austin Police Department,FALSE,No Data,No Data,171880750,Austin,No,No,Travis,0,0,0,1,1,Possible Injury,1114,1,0,2017,Friday,Pedalcyclist,No Data,N/A,Non Intersection,No Data,Daylight,No Data,One Motor Vehicle - Going Straight,No Data,One Vehicle Leaving Driveway,No Data,Private Drive Or Road,"250,000 Pop And Over",No,NONE,No Data,Non Trafficway,"Straight, Level",Main/Proper Lane,Not Applicable,No Data,35,W HOWARD LN,NO DATA,Dry,None,Clear,Not Worn,Pedalcyclist
15857184,Yes,No,130691,Austin Police Department,TRUE,130691,2014,171891127,Austin,No,No,Travis,0,0,1,3,0,Non-Incapacitating Injury,1630,1,0,2017,Saturday,Pedalcyclist,Interstate,MIDDLE LN,Intersection Related,30.35659386,Daylight,-97.68909455,One Motor Vehicle - Going Straight,6,Not Applicable,10,Not Applicable,"250,000 Pop And Over",No,NONE,300,Interstate,"Straight, Level",Main/Proper Lane,On Roadway,"4 Or More Lanes, Divided",25,IH0035,NO DATA,Dry,Stop Sign,Clear,Not Worn,Pedalcyclist
15861367,No,No,No Data,Austin Police Department,FALSE,No Data,No Data,171931283,Austin,No,No,Travis,0,0,1,1,0,Non-Incapacitating Injury,1803,1,0,2017,Wednesday,Pedalcyclist,No Data,N/A,Driveway Access,30.27156821,Daylight,-97.73696186,One Motor Vehicle - Turning Right,No Data,One Vehicle Entering Driveway,No Data,Entrance To Or Exit From Private Property Or Driveway,"250,000 Pop And Over",No,NONE,No Data,City Street,"Straight, Grade",Main/Proper Lane,Off Roadway,No Data,35,E 11TH ST,405,Dry,Bike Lane,Clear,"Worn, Not Damaged",Pedalcyclist
15866527,No,No,162940,Austin Police Department,FALSE,162940,2014,171950746,Austin,No,No,Travis,0,0,0,0,1,Possible Injury,940,1,1,2017,Friday,Pedalcyclist,Interstate,N/A,Driveway Access,30.24204869,Daylight,-97.73627288,One Motor Vehicle - Turning Right,6,One Vehicle Leaving Driveway,10,Entrance To Or Exit From Private Property Or Driveway,"250,000 Pop And Over",No,NONE,300,Interstate,"Straight, Level",Service/Frontage Road,On Roadway,"4 Or More Lanes, Divided",-1,IH0035,NO DATA,Unknown,None,Clear,"Worn, Unk Damage",Pedalcyclist
15866709,Yes,No,No Data,Austin Police Department,FALSE,No Data,No Data,171960562,Austin,No,No,Travis,0,0,1,1,0,Non-Incapacitating Injury,955,1,0,2017,Saturday,Pedalcyclist,No Data,N/A,Non Intersection,30.23756273,Daylight,-97.72033475,One Motor Vehicle - Going Straight,No Data,Not Applicable,No Data,Not Applicable,"250,000 Pop And Over",No,NONE,No Data,City Street,"Straight, Level",Main/Proper Lane,On Roadway,No Data,40,S PLEASANT VALLEY RD,1568,Dry,None,Cloudy,Not Worn,Pedalcyclist
15867064,No,No,No Data,Austin Police Department,FALSE,No Data,No Data,171961364,Austin,No,No,Travis,0,0,1,0,0,Non-Incapacitating Injury,1800,1,1,2017,Saturday,Pedalcyclist,No Data,N/A,Non Intersection,30.23438698,Daylight,-97.7225175,One Motor Vehicle - Going Straight,No Data,Attention Diverted From Driving,No Data,Not Applicable,"250,000 Pop And Over",No,NONE,No Data,City Street,"Straight, Level",Other (Explain In Narrative),On Roadway,No Data,35,S PLEASANT VALLEY RD,NO DATA,Wet,None,Clear,Not Worn,Pedalcyclist
15874475,No,No,No Data,Austin Police Department,FALSE,No Data,No Data,172010606,Austin,No,No,Travis,0,0,1,1,0,Non-Incapacitating Injury,1002,1,0,2017,Thursday,Pedalcyclist,No Data,N/A,Non Intersection,30.27486246,Daylight,-97.74646539,One Motor Vehicle - Turning Left,No Data,Attention Diverted From Driving,No Data,Alley,"250,000 Pop And Over",No,NONE,No Data,Other Roads,"Straight, Level",Main/Proper Lane,On Roadway,No Data,30,NUECES ST,1153,Dry,Center Stripe/Divider,Clear,"Worn, Not Damaged",Pedalcyclist
15878247,No,No,No Data,Austin Police Department,FALSE,No Data,No Data,172041475,Austin,No,No,Travis,0,0,1,1,0,Non-Incapacitating Injury,2108,1,0,2017,Sunday,Pedalcyclist,No Data,N/A,Non Intersection,No Data,"Dark, Lighted",No Data,One Motor Vehicle - Going Straight,No Data,Attention Diverted From Driving,No Data,In A Parking Lot,"250,000 Pop And Over",Yes,NONE,No Data,Non Trafficway,"Straight, Grade",Main/Proper Lane,Not Applicable,No Data,35,S LAMAR BLVD,NO DATA,Dry,None,Clear,Not Worn,Pedalcyclist
15890042,No,No,No Data,Austin Police Department,FALSE,No Data,No Data,172050586,Austin,No,No,Travis,0,0,1,0,0,Non-Incapacitating Injury,700,1,1,2017,Sunday,Pedalcyclist,No Data,N/A,Non Intersection,30.25454163,Daylight,-97.74784113,One Motor Vehicle - Going Straight,No Data,Swerved Or Veered-Reason Not Specified,No Data,Not Applicable,"250,000 Pop And Over",No,NONE,No Data,City Street,"Straight, Level",Main/Proper Lane,Off Roadway,No Data,35,CONGRESS AVE S,804,Dry,None,Clear,"Worn, Damaged",Pedalcyclist
15892188,No,No,124466,Austin Police Department,FALSE,124466,2014,172070320,Austin,No,No,Travis,0,0,0,0,1,Possible Injury,700,1,1,2017,Wednesday,Pedalcyclist,Interstate,N/A,Non Intersection,30.36126536,Daylight,-97.68613263,One Motor Vehicle - Going Straight,6,Attention Diverted From Driving,10,Not Applicable,"250,000 Pop And Over",No,NONE,300,Interstate,"Straight, Level",Service/Frontage Road,Off Roadway,"4 Or More Lanes, Divided",50,IH0035,NO DATA,Dry,Marked Lanes,Clear,Unknown If Worn,Pedalcyclist
15890352,Yes,No,No Data,Austin Police Department,FALSE,No Data,No Data,172090061,Austin,No,No,Travis,0,0,1,1,0,Non-Incapacitating Injury,50,1,0,2017,Friday,Pedalcyclist,No Data,N/A,Non Intersection,30.25673478,"Dark, Lighted",-97.75102246,One Motor Vehicle - Going Straight,No Data,Not Applicable,No Data,Not Applicable,"250,000 Pop And Over",No,NONE,No Data,City Street,"Straight, Level",Main/Proper Lane,On Roadway,No Data,-1,S 1ST ST,614,Dry,None,Clear,"Worn, Damaged",Pedalcyclist
15897786,Yes,No,No Data,Austin Police Department,TRUE,No Data,No Data,172131193,Austin,No,No,Travis,0,0,1,1,0,Non-Incapacitating Injury,1710,1,0,2017,Tuesday,Pedalcyclist,No Data,UNKNOWN,Intersection,30.2978966,Daylight,-97.70889191,One Motor Vehicle - Turning Right,No Data,Not Applicable,No Data,Not Applicable,"250,000 Pop And Over",No,MAGNA ELECTROSHOCK BICYCLE,No Data,City Street,"Straight, Level",Main/Proper Lane,On Roadway,No Data,40,UNKNOWN,NO DATA,Dry,Marked Lanes,Clear,Not Worn,Pedalcyclist
15906059,No,No,No Data,Austin Police Department,FALSE,No Data,No Data,172141368,Austin,No,No,Travis,0,1,0,1,0,Incapacitating Injury,1818,1,0,2017,Wednesday,Pedalcyclist,No Data,N/A,Driveway Access,30.18000264,Daylight,-97.77805612,One Motor Vehicle - Going Straight,No Data,One Vehicle Leaving Driveway,No Data,Entrance To Or Exit From Private Property Or Driveway,"250,000 Pop And Over",No,NONE,No Data,City Street,"Straight, Hillcrest",Service/Frontage Road,On Roadway,No Data,45,S I 35,7700,Dry,Center Stripe/Divider,Clear,Not Worn,Pedalcyclist
15909240,No,No,No Data,"Department Of Public Safety, State Of Texas",TRUE,No Data,No Data,,Austin,No,No,Travis,0,0,1,1,0,Non-Incapacitating Injury,1440,1,0,2017,Saturday,Pedalcyclist,No Data,COLORADO ST,Intersection,30.27910478,Daylight,-97.74014246,One Motor Vehicle - Going Straight,No Data,Not Applicable,No Data,Not Applicable,"250,000 Pop And Over",No,NONE,No Data,City Street,"Straight, Level",Main/Proper Lane,On Roadway,No Data,-1,W 17TH ST,200,Dry,Crosswalk,Clear,Not Worn,Pedalcyclist
15908213,Yes,No,No Data,Austin Police Department,TRUE,No Data,No Data,172200641,Austin,No,No,Travis,0,1,0,1,0,Incapacitating Injury,1034,1,0,2017,Tuesday,Pedalcyclist,No Data,S LAKESHORE BLVD,Intersection Related,30.24477478,Daylight,-97.73052247,One Motor Vehicle - Going Straight,No Data,Attention Diverted From Driving,No Data,Not Applicable,"250,000 Pop And Over",No,NONE,No Data,City Street,"Straight, Level",Main/Proper Lane,On Roadway,No Data,45,E RIVERSIDE DR,NO DATA,Dry,Signal Light With Red Light Running Camera,Clear,Not Worn,Pedalcyclist
15908295,Yes,No,No Data,Austin Police Department,FALSE,No Data,No Data,172210872,Austin,No,No,Travis,0,0,1,2,0,Non-Incapacitating Injury,1310,1,0,2017,Wednesday,Pedalcyclist,No Data,N/A,Non Intersection,30.28224478,Daylight,-97.74492246,One Motor Vehicle - Going Straight,No Data,Not Applicable,No Data,Not Applicable,"250,000 Pop And Over",No,NONE,No Data,City Street,"Curve, Level",Main/Proper Lane,On Roadway,No Data,-1,RIO GRANDE ST,1808,Dry,None,Clear,Unknown If Worn,Pedalcyclist
15978679,Yes,No,No Data,Austin Police Department,FALSE,No Data,No Data,172211332,Austin,No,No,Travis,0,0,1,1,0,Non-Incapacitating Injury,1806,1,0,2017,Wednesday,Pedalcyclist,No Data,UNKNOWN,Intersection,30.26604389,Daylight,-97.76878194,One Motor Vehicle - Turning Left,No Data,Not Applicable,No Data,Not Applicable,"250,000 Pop And Over",No,BICYCLE,No Data,City Street,"Straight, Level",Main/Proper Lane,On Roadway,No Data,5,BARTON SPRINGS RD,NO DATA,Dry,Bike Lane,Clear,"Worn, Damaged",Pedalcyclist
15908345,No,No,No Data,Austin Police Department,FALSE,No Data,No Data,172220479,Austin,No,No,Travis,0,0,1,1,0,Non-Incapacitating Injury,857,1,0,2017,Thursday,Pedalcyclist,No Data,N/A,Driveway Access,30.302625,Daylight,-97.73822965,One Motor Vehicle - Turning Right,No Data,One Vehicle Entering Driveway,No Data,Entrance To Or Exit From Private Property Or Driveway,"250,000 Pop And Over",No,NONE,No Data,City Street,"Straight, Level",Main/Proper Lane,On Roadway,No Data,35,GUADALUPE ST,3774,Dry,None,Cloudy,Not Worn,Pedalcyclist
15914295,No,No,No Data,Austin Police Department,FALSE,No Data,No Data,172230456,Austin,No,No,Travis,0,0,1,1,0,Non-Incapacitating Injury,813,1,0,2017,Friday,Pedalcyclist,No Data,N/A,Non Intersection,30.29383431,Daylight,-97.73528702,One Motor Vehicle - Turning Left,No Data,One Vehicle Forward From Parking,No Data,Not Applicable,"250,000 Pop And Over",No,NONE,No Data,City Street,"Straight, Level",Main/Proper Lane,On Roadway,No Data,30,SPEEDWAY,3091,Dry,Center Stripe/Divider,Clear,"Worn, Not Damaged",Pedalcyclist
15917080,No,No,25507,Austin Police Department,TRUE,25507,2014,172230696,Austin,No,No,Travis,0,0,1,1,0,Non-Incapacitating Injury,1049,1,0,2017,Friday,Pedalcyclist,Farm To Market,RAVENSCROFT DR,Intersection,30.15711407,Daylight,-97.83337637,One Motor Vehicle - Turning Right,2,Not Applicable,1,Not Applicable,"250,000 Pop And Over",No,NONE,100,Farm To Market,"Straight, Level",Main/Proper Lane,On Roadway,"2 Lane, 2 Way",55,FM2304,11215,Dry,Signal Light,Clear,Not Worn,Pedalcyclist
15917083,No,No,No Data,Austin Police Department,TRUE,No Data,No Data,172231250,Austin,No,No,Travis,0,0,0,0,1,Possible Injury,1635,1,1,2017,Friday,Pedalcyclist,No Data,W 3RD ST,Intersection,30.26593478,Daylight,-97.74624246,One Motor Vehicle - Turning Right,No Data,Not Applicable,No Data,Not Applicable,"250,000 Pop And Over",No,NONE,No Data,City Street,"Straight, Level",Main/Proper Lane,On Roadway,No Data,30,LAVACA ST,299,Dry,Signal Light,Clear,Not Worn,Pedalcyclist
15917192,No,No,27085,Austin Police Department,FALSE,27085,2014,172261120,Austin,No,No,Travis,0,0,1,1,0,Non-Incapacitating Injury,1637,1,0,2017,Monday,Pedalcyclist,Farm To Market,N/A,Driveway Access,30.18766033,Daylight,-97.81522601,One Motor Vehicle - Going Straight,4,One Vehicle Leaving Driveway,10,Entrance To Or Exit From Private Property Or Driveway,"250,000 Pop And Over",No,NONE,100,Farm To Market,"Straight, Level",Other (Explain In Narrative),On Roadway,"4 Or More Lanes, Undivided",35,FM2304,8436,Dry,None,Clear,Not Worn,Pedalcyclist
15925318,No,No,No Data,Austin Police Department,FALSE,No Data,No Data,172261398,Austin,No,No,Travis,0,0,1,1,0,Non-Incapacitating Injury,2005,1,0,2017,Monday,Pedalcyclist,No Data,N/A,Non Intersection,30.36265448,Daylight,-97.66859505,One Motor Vehicle - Going Straight,No Data,Not Applicable,No Data,Not Applicable,"250,000 Pop And Over",No,NONE,No Data,City Street,"Curve, Grade",Main/Proper Lane,On Roadway,No Data,55,DESSAU RD,NO DATA,Dry,None,Clear,"Worn, Unk Damage",Pedalcyclist
15925381,No,No,34215,Austin Police Department,TRUE,34215,2014,172301521,Austin,No,No,Travis,0,0,1,1,0,Non-Incapacitating Injury,1940,1,0,2017,Friday,Pedalcyclist,State Loop,N/A,Driveway Access,30.2472942,Daylight,-97.77523494,One Motor Vehicle - Turning Right,4,One Vehicle Entering Driveway,0,Entrance To Or Exit From Private Property Or Driveway,"250,000 Pop And Over",No,NONE,80,US & State Highways,"Straight, Hillcrest",Main/Proper Lane,Shoulder,"4 Or More Lanes, Undivided",35,SL0343,2299,Dry,Bike Lane,Clear,"Worn, Unk Damage",Pedalcyclist
15925390,No,No,No Data,Austin Police Department,TRUE,No Data,No Data,172301312,Austin,No,No,Travis,0,0,1,1,0,Non-Incapacitating Injury,1722,1,0,2017,Friday,Pedalcyclist,No Data,W 23RD ST,Intersection,30.28664478,Daylight,-97.74477246,One Motor Vehicle - Turning Left,No Data,Not Applicable,No Data,Not Applicable,"250,000 Pop And Over",No,NONE,No Data,City Street,"Straight, Level",Main/Proper Lane,On Roadway,No Data,-1,RIO GRANDE ST,2299,Dry,Bike Lane,Clear,"Worn, Not Damaged",Pedalcyclist
15929475,Yes,No,No Data,Austin Police Department,FALSE,No Data,No Data,172301204,Austin,No,No,Travis,0,0,1,1,0,Non-Incapacitating Injury,1600,1,0,2017,Friday,Pedalcyclist,No Data,N/A,Non Intersection,30.27701,Daylight,-97.74333809,One Motor Vehicle - Going Straight,No Data,Not Applicable,No Data,Alley,"250,000 Pop And Over",No,NONE,No Data,City Street,"Straight, Grade",Main/Proper Lane,On Roadway,No Data,-1,GUADALUPE ST,1408,Dry,Marked Lanes,Clear,Not Worn,Pedalcyclist