Crash ID,$1000 Damage to Any One Person's Property,Active School Zone Flag,Adjusted Average Daily Traffic Amount,Agency,At Intersection Flag,Average Daily Traffic Amount,Average Daily Traffic Year,Case ID,City,Construction Zone Flag,Construction Zone Workers Present Flag,County,Crash Death Count,Crash Incapacitating Injury Count,Crash Non-incapacitating Injury Count,Crash Not Injured Count,Crash Possible Injury Count,Crash Severity,Crash Time,Crash Total Injury Count,Crash Unknown Injury Count,Crash Year,Day of Week,First Harmful Event,Highway System,Intersecting Street Name,Intersection Related,Latitude,Light Condition,Longitude,Manner of Collision,Number of Lanes,Other Factor,Outside Shoulder Width on Divided Highway,Physical Feature 1,Population Group,Private Drive Flag,Property Damages,Right of Way Usual Width,Road Class,Roadway Alignment,Roadway Part,Roadway Relation,Roadway Type,Speed Limit,Street Name,Street Number,Surface Condition,Traffic Control Type,Weather Condition,Person Helmet,Person Type
16009543,Yes,No,No Data,Austin Police Department,TRUE,No Data,No Data,172791782,Austin,No,No,Travis,0,1,0,1,0,Incapacitating Injury,2127,1,0,2017,Friday,Pedalcyclist,No Data,N/A,Non Intersection,30.25436338,"Dark, Lighted",-97.75252266,One Motor Vehicle - Going Straight,No Data,Not Applicable,No Data,Not Applicable,"250,000 Pop And Over",No,NONE,No Data,City Street,"Straight, Grade",Main/Proper Lane,On Roadway,No Data,35,S 1ST ST,917,Dry,Center Stripe/Divider,Clear,Not Worn,Pedalcyclist
16015427,Yes,No,No Data,Austin Police Department,TRUE,No Data,No Data,172850047,Austin,No,No,Travis,0,0,1,1,0,Non-Incapacitating Injury,2200,1,0,2017,Saturday,Pedalcyclist,No Data,CROSSING PL,Intersection Related,30.23159479,"Dark, Lighted",-97.71753247,One Motor Vehicle - Going Straight,No Data,Not Applicable,No Data,Not Applicable,"250,000 Pop And Over",No,BICYCLE,No Data,City Street,"Straight, Grade",Main/Proper Lane,On Roadway,No Data,-1,E RIVERSIDE DR,NO DATA,Dry,Crosswalk,Clear,Unknown If Worn,Pedalcyclist
16026958,No,No,No Data,Austin Police Department,FALSE,No Data,No Data,172821270,Austin,No,No,Travis,0,0,1,1,0,Non-Incapacitating Injury,1733,1,0,2017,Monday,Pedalcyclist,No Data,N/A,Non Intersection,30.30704085,Daylight,-97.69694833,One Motor Vehicle - Going Straight,No Data,Not Applicable,No Data,Not Applicable,"250,000 Pop And Over",No,NONE,No Data,City Street,"Straight, Level",Main/Proper Lane,On Roadway,No Data,30,WESTMOOR DR,1694,Dry,None,Clear,"Worn, Unk Damage",Pedalcyclist
16015943,No,No,No Data,Austin Police Department,FALSE,No Data,No Data,172841025,Austin,No,No,Travis,0,0,1,1,0,Non-Incapacitating Injury,1511,1,0,2017,Wednesday,Pedalcyclist,No Data,N/A,Non Intersection,30.20736173,Daylight,-97.83780297,One Motor Vehicle - Going Straight,No Data,Attention Diverted From Driving,No Data,Not Applicable,"250,000 Pop And Over",No,NONE,No Data,City Street,"Straight, Level",Main/Proper Lane,On Roadway,No Data,30,CROFTWOOD DR,7725,Dry,Other (Explain In Narrative),Clear,"Worn, Damaged",Pedalcyclist
16028889,No,No,30932,Austin Police Department,TRUE,30932,2014,172850436,Austin,No,No,Travis,0,0,0,2,0,Not Injured,813,0,0,2017,Thursday,Pedalcyclist,State Loop,FM0734,Intersection,30.35333854,Daylight,-97.70561214,One Motor Vehicle - Turning Left,4,Not Applicable,8,Not Applicable,"250,000 Pop And Over",No,NONE,100,US & State Highways,"Straight, Level",Main/Proper Lane,On Roadway,"4 Or More Lanes, Undivided",40,SL0275,8417,Dry,Crosswalk,Clear,Not Worn,Pedalcyclist
16027051,No,No,No Data,Austin Police Department,FALSE,No Data,No Data,172891250,Austin,No,No,Travis,0,0,1,1,0,Non-Incapacitating Injury,1750,1,0,2017,Monday,Pedalcyclist,No Data,N/A,Driveway Access,30.29591212,Daylight,-97.74248572,One Motor Vehicle - Turning Right,No Data,One Vehicle Entering Driveway,No Data,Entrance To Or Exit From Private Property Or Driveway,"250,000 Pop And Over",No,NONE,No Data,City Street,"Straight, Level",Main/Proper Lane,Off Roadway,No Data,35,GUADALUPE ST,2915,Dry,Bike Lane,Clear,"Worn, Unk Damage",Pedalcyclist
16027089,No,No,No Data,Austin Police Department,TRUE,No Data,No Data,172900392,Austin,No,No,Travis,0,0,1,1,0,Non-Incapacitating Injury,811,1,0,2017,Tuesday,Pedalcyclist,No Data,WOODLAWN BLVD,Intersection,30.28352478,Daylight,-97.76034246,One Motor Vehicle - Turning Left,No Data,Not Applicable,No Data,Not Applicable,"250,000 Pop And Over",No,NONE,No Data,City Street,"Straight, Level",Main/Proper Lane,On Roadway,No Data,-1,ENFIELD RD,1700,Dry,Marked Lanes,Clear,Unknown If Worn,Pedalcyclist
16028945,Yes,No,No Data,Austin Police Department,TRUE,No Data,No Data,172901330,Austin,No,No,Travis,0,0,1,1,0,Non-Incapacitating Injury,1829,1,0,2017,Tuesday,Pedalcyclist,No Data,E MARTIN LUTHER KING JR BLVD,Intersection,30.28043478,Dusk,-97.71727247,One Motor Vehicle - Turning Left,No Data,Not Applicable,No Data,Not Applicable,"250,000 Pop And Over",No,NONE,No Data,City Street,"Straight, Grade",Main/Proper Lane,On Roadway,No Data,-1,CHESTNUT AVE,1901,Dry,Marked Lanes,Clear,"Worn, Not Damaged",Pedalcyclist
16027144,Yes,No,No Data,Austin Police Department,FALSE,No Data,No Data,172910407,Austin,No,No,Travis,0,0,1,1,0,Non-Incapacitating Injury,753,1,0,2017,Wednesday,Pedalcyclist,No Data,N/A,Driveway Access,30.23561466,Daylight,-97.75626763,One Motor Vehicle - Turning Left,No Data,One Vehicle Entering Driveway,No Data,Entrance To Or Exit From Private Property Or Driveway,"250,000 Pop And Over",No,NONE,No Data,City Street,"Straight, Level",Main/Proper Lane,On Roadway,No Data,-1,CONGRESS AVE S,2687,Dry,Bike Lane,Clear,"Worn, Damaged",Pedalcyclist
16065877,Yes,No,No Data,Austin Police Department,FALSE,No Data,No Data,172911303,Austin,No,No,Travis,0,0,0,2,0,Not Injured,1715,0,0,2017,Wednesday,Pedalcyclist,No Data,N/A,Driveway Access,30.24075473,Daylight,-97.75269247,One Motor Vehicle - Turning Left,No Data,One Vehicle Entering Driveway,No Data,Entrance To Or Exit From Private Property Or Driveway,"250,000 Pop And Over",No,NONE,No Data,City Street,"Straight, Level",Main/Proper Lane,Off Roadway,No Data,35,CONGRESS AVE S,2300,Dry,None,Clear,"Worn, Not Damaged",Pedalcyclist
16035239,No,No,No Data,Austin Police Department,FALSE,No Data,No Data,172931428,Austin,No,No,Travis,0,0,1,1,0,Non-Incapacitating Injury,1804,1,0,2017,Friday,Pedalcyclist,No Data,N/A,Non Intersection,No Data,Daylight,No Data,One Motor Vehicle - Going Straight,No Data,One Vehicle Leaving Driveway,No Data,Private Drive Or Road,"250,000 Pop And Over",No,NONE,No Data,Non Trafficway,"Straight, Level",Main/Proper Lane,Not Applicable,No Data,-1,S S CONGRESS AVE AVE,NO DATA,Dry,None,Clear,Not Worn,Pedalcyclist
16042650,No,No,No Data,Austin Police Department,FALSE,No Data,No Data,172971099,Austin,No,No,Travis,0,0,1,2,0,Non-Incapacitating Injury,1525,1,0,2017,Tuesday,Pedalcyclist,No Data,N/A,Non Intersection,30.28782184,Daylight,-97.74157246,One Motor Vehicle - Going Straight,No Data,Not Applicable,No Data,Not Applicable,"250,000 Pop And Over",No,NONE,No Data,City Street,"Straight, Level",Main/Proper Lane,On Roadway,No Data,30,GUADALUPE ST,2403,Dry,Marked Lanes,Clear,"Worn, Unk Damage",Pedalcyclist
16047681,No,No,No Data,University Of Texas At Austin Police Department,FALSE,No Data,No Data,17-13308,Austin,No,No,Travis,0,0,1,1,0,Non-Incapacitating Injury,114,1,0,2017,Wednesday,Pedalcyclist,No Data,N/A,Non Intersection,30.28357478,"Dark, Lighted",-97.73899246,One Motor Vehicle - Turning Left,No Data,Attention Diverted From Driving,No Data,Not Applicable,"250,000 Pop And Over",No,NONE,No Data,City Street,"Straight, Grade",Main/Proper Lane,On Roadway,No Data,15,W 21ST ST,100,Dry,None,Clear,Not Worn,Pedalcyclist
16044942,No,No,No Data,Austin Police Department,TRUE,No Data,No Data,172991110,Austin,No,No,Travis,0,0,1,1,0,Non-Incapacitating Injury,1611,1,0,2017,Thursday,Pedalcyclist,No Data,UNKNOWN,Intersection Related,30.28090478,Daylight,-97.74305246,One Motor Vehicle - Going Straight,No Data,Not Applicable,No Data,Not Applicable,"250,000 Pop And Over",No,NONE,No Data,City Street,"Straight, Level",Main/Proper Lane,On Roadway,No Data,-1,SAN ANTONIO ST,1800,Dry,Stop Sign,Clear,Not Worn,Pedalcyclist
16052898,No,No,No Data,Austin Police Department,FALSE,No Data,No Data,172991662,Austin,No,No,Travis,0,0,0,2,0,Not Injured,2120,0,0,2017,Thursday,Pedalcyclist,No Data,N/A,Non Intersection,30.27306612,"Dark, Not Lighted",-97.74603787,One Motor Vehicle - Turning Left,No Data,Not Applicable,No Data,Parking Area Within Right Of Way,"250,000 Pop And Over",No,NONE,No Data,City Street,"Straight, Hillcrest",Main/Proper Lane,On Roadway,No Data,25,W 10TH ST,507,Dry,None,Clear,"Worn, Not Damaged",Pedalcyclist
16052916,No,No,No Data,Austin Police Department,TRUE,No Data,No Data,173000654,Austin,No,No,Travis,0,0,1,1,0,Non-Incapacitating Injury,953,1,0,2017,Friday,Pedalcyclist,No Data,BOULDIN AVE,Intersection Related,30.25954478,Daylight,-97.75347246,One Motor Vehicle - Turning Right,No Data,Not Applicable,No Data,Not Applicable,"250,000 Pop And Over",No,NONE,No Data,City Street,"Straight, Level",Main/Proper Lane,On Roadway,No Data,35,BARTON SPRINGS RD,NO DATA,Dry,Crosswalk,Clear,Not Worn,Pedalcyclist
16053317,No,No,No Data,Austin Police Department,TRUE,No Data,No Data,173021435,Austin,No,No,Travis,0,0,1,1,0,Non-Incapacitating Injury,2010,1,0,2017,Sunday,Pedalcyclist,No Data,TAHOE TRL,Intersection Related,30.22466479,"Dark, Not Lighted",-97.80447245,One Motor Vehicle - Turning Right,No Data,Not Applicable,No Data,Not Applicable,"250,000 Pop And Over",No,NONE,No Data,City Street,"Straight, Grade",Main/Proper Lane,On Roadway,No Data,35,WEST GATE BLVD,5205,Dry,None,Clear,Not Worn,Pedalcyclist
16053324,No,No,No Data,Austin Police Department,TRUE,No Data,No Data,173040528,Austin,No,No,Travis,0,0,1,0,0,Non-Incapacitating Injury,1712,1,1,2017,Sunday,Pedalcyclist,No Data,PECOS ST,Intersection Related,30.31353477,Daylight,-97.76714245,One Motor Vehicle - Turning Left,No Data,Vision Obstructed By Headlight Or Sun Glare,No Data,Not Applicable,"250,000 Pop And Over",No,NONE,No Data,City Street,"Straight, Level",Main/Proper Lane,On Roadway,No Data,-1,W 35TH ST,3100,Dry,Center Stripe/Divider,Clear,"Worn, Unk Damage",Pedalcyclist
16051566,Yes,No,No Data,Austin Police Department,TRUE,No Data,No Data,173040400,Austin,No,No,Travis,0,0,1,1,0,Non-Incapacitating Injury,832,1,0,2017,Tuesday,Pedalcyclist,No Data,WOOTEN PARK DR,Intersection,30.35247476,Daylight,-97.72321246,One Motor Vehicle - Going Straight,No Data,Not Applicable,No Data,Not Applicable,"250,000 Pop And Over",No,NONE,No Data,City Street,"Straight, Level",Main/Proper Lane,On Roadway,No Data,35,W ANDERSON LN,1700,Dry,Bike Lane,Clear,"Worn, Not Damaged",Pedalcyclist
16054176,Yes,No,No Data,Austin Police Department,FALSE,No Data,No Data,173041426,Austin,No,No,Travis,0,1,0,1,0,Incapacitating Injury,2036,1,0,2017,Tuesday,Pedalcyclist,No Data,N/A,Non Intersection,30.24271508,"Dark, Lighted",-97.71707976,One Motor Vehicle - Going Straight,No Data,Attention Diverted From Driving,No Data,Not Applicable,"250,000 Pop And Over",No,NONE,No Data,City Street,"Straight, Level",Main/Proper Lane,On Roadway,No Data,40,S PLEASANT VALLEY RD,978,Wet,None,Rain,Not Worn,Pedalcyclist
16065339,Yes,No,34390,Austin Police Department,FALSE,34390,2014,173071170,Austin,No,No,Travis,0,0,1,0,0,Non-Incapacitating Injury,1552,1,1,2017,Friday,Pedalcyclist,Farm To Market,N/A,Driveway Access,30.39431231,Daylight,-97.72073535,One Motor Vehicle - Turning Right,4,One Vehicle Leaving Driveway,0,Entrance To Or Exit From Private Property Or Driveway,"250,000 Pop And Over",No,NONE,120,Farm To Market,"Straight, Level",Main/Proper Lane,On Roadway,"4 Or More Lanes, Undivided",-1,FM1325,10914,Dry,Marked Lanes,Clear,Not Worn,Pedalcyclist
16068871,Yes,No,34215,Austin Police Department,TRUE,34215,2014,173071652,Austin,No,No,Travis,0,0,1,2,0,Non-Incapacitating Injury,2005,1,0,2017,Friday,Pedalcyclist,State Loop,SL0360,Intersection,30.24843037,"Dark, Lighted",-97.76999729,One Motor Vehicle - Turning Left,4,Not Applicable,0,Not Applicable,"250,000 Pop And Over",No,NONE,80,US & State Highways,"Straight, Level",Main/Proper Lane,On Roadway,"4 Or More Lanes, Undivided",40,SL0343,2057,Dry,Signal Light,Clear,Not Worn,Pedalcyclist
16065689,No,No,No Data,Austin Police Department,FALSE,No Data,No Data,173091781,Austin,No,No,Travis,0,0,1,0,0,Non-Incapacitating Injury,2325,1,1,2017,Sunday,Pedalcyclist,No Data,N/A,Driveway Access,30.22428479,"Dark, Lighted",-97.76311246,One Motor Vehicle - Turning Left,No Data,One Vehicle Leaving Driveway,No Data,Entrance To Or Exit From Private Property Or Driveway,"250,000 Pop And Over",No,NONE,No Data,City Street,"Straight, Level",Main/Proper Lane,On Roadway,No Data,35,S CONGRESS AVE,3900,Dry,Marked Lanes,Clear,Not Worn,Pedalcyclist
16065704,No,No,33647,Austin Police Department,FALSE,33647,2014,173100717,Austin,No,No,Travis,0,0,1,1,0,Non-Incapacitating Injury,1136,1,0,2017,Monday,Pedalcyclist,State Loop,N/A,Non Intersection,30.25377808,Daylight,-97.76289914,One Motor Vehicle - Going Straight,4,Not Applicable,0,Not Applicable,"250,000 Pop And Over",No,NONE,80,US & State Highways,"Straight, Grade",Main/Proper Lane,On Roadway,"4 Or More Lanes, Undivided",35,SL0343,1284,Dry,Marked Lanes,Clear,Not Worn,Pedalcyclist
16065751,Yes,No,No Data,Austin Police Department,FALSE,No Data,No Data,173101758,Austin,No,No,Travis,0,0,0,1,1,Possible Injury,2213,1,0,2017,Monday,Pedalcyclist,No Data,N/A,Driveway Access,30.25584824,"Dark, Lighted",-97.74736199,One Motor Vehicle - Turning Left,No Data,One Vehicle Entering Driveway,No Data,Entrance To Or Exit From Private Property Or Driveway,"250,000 Pop And Over",No,NONE,No Data,City Street,"Straight, Grade",Main/Proper Lane,On Roadway,No Data,30,CONGRESS AVE S,599,Dry,None,Clear,Not Worn,Pedalcyclist
16068932,No,No,No Data,Austin Police Department,TRUE,No Data,No Data,173110951,Austin,No,No,Travis,0,0,0,2,0,Not Injured,1443,0,0,2017,Tuesday,Pedalcyclist,No Data,BRIARCLIFF BLVD,Intersection Related,30.31726477,Daylight,-97.69963247,One Motor Vehicle - Going Straight,No Data,Not Applicable,No Data,Not Applicable,"250,000 Pop And Over",No,NONE,No Data,City Street,"Straight, Level",Main/Proper Lane,On Roadway,No Data,35,CAMERON RD,5999,Dry,Signal Light,Clear,Not Worn,Pedalcyclist
16078066,No,No,No Data,Austin Police Department,TRUE,No Data,No Data,173141397,Austin,No,No,Travis,0,0,1,1,0,Non-Incapacitating Injury,1827,1,0,2017,Friday,Pedalcyclist,No Data,E RIVERSIDE DR,Intersection Related,30.22944479,"Dark, Lighted",-97.71265247,One Motor Vehicle - Turning Right,No Data,Not Applicable,No Data,Not Applicable,"250,000 Pop And Over",No,NONE,No Data,City Street,"Straight, Level",Main/Proper Lane,On Roadway,No Data,30,FARO DR,2001,Dry,Signal Light,Clear,Not Worn,Pedalcyclist
16083484,No,No,No Data,Austin Police Department,FALSE,No Data,No Data,173171314,Austin,No,No,Travis,0,0,1,1,0,Non-Incapacitating Injury,1801,1,0,2017,Monday,Pedalcyclist,No Data,N/A,Driveway Access,30.26436445,"Dark, Lighted",-97.69633174,One Motor Vehicle - Turning Left,No Data,One Vehicle Entering Driveway,No Data,Entrance To Or Exit From Private Property Or Driveway,"250,000 Pop And Over",No,NONE,No Data,City Street,"Straight, Level",Main/Proper Lane,On Roadway,No Data,45,SPRINGDALE RD,961,Dry,None,Clear,Not Worn,Pedalcyclist
16086848,Yes,No,No Data,Austin Police Department,FALSE,No Data,No Data,173181514,Austin,No,No,Travis,0,0,0,1,1,Possible Injury,2106,1,0,2017,Tuesday,Pedalcyclist,No Data,N/A,Non Intersection,30.26301215,"Dark, Lighted",-97.72645465,One Motor Vehicle - Going Straight,No Data,Attention Diverted From Driving,No Data,Not Applicable,"250,000 Pop And Over",No,NONE,No Data,City Street,"Straight, Level",Main/Proper Lane,On Roadway,No Data,-1,E 6TH ST,1603,Dry,Marked Lanes,Clear,Not Worn,Pedalcyclist
16094350,No,No,No Data,Austin Police Department,TRUE,No Data,No Data,173181168,Austin,No,No,Travis,0,0,1,2,0,Non-Incapacitating Injury,1706,1,0,2017,Tuesday,Pedalcyclist,No Data,JACARANDA DR,Intersection Related,30.19517479,Daylight,-97.75550246,One Motor Vehicle - Going Straight,No Data,Attention Diverted From Driving,No Data,Not Applicable,"250,000 Pop And Over",No,NONE,No Data,City Street,"Straight, Level",Main/Proper Lane,On Roadway,No Data,30,LEMON DR,2198,Dry,Crosswalk,Clear,Not Worn,Pedalcyclist
16084481,Yes,No,No Data,Austin Police Department,FALSE,No Data,No Data,173190358,Austin,No,No,Travis,0,0,1,1,0,Non-Incapacitating Injury,755,1,0,2017,Wednesday,Pedalcyclist,No Data,N/A,Driveway Access,30.25650204,Daylight,-97.74712414,One Motor Vehicle - Turning Right,No Data,One Vehicle Entering Driveway,No Data,Entrance To Or Exit From Private Property Or Driveway,"250,000 Pop And Over",No,NONE,No Data,City Street,"Straight, Grade",Main/Proper Lane,On Roadway,No Data,-1,CONGRESS AVE S,510,Dry,Marked Lanes,Cloudy,"Worn, Unk Damage",Pedalcyclist
16094027,No,No,No Data,Austin Police Department,TRUE,No Data,No Data,173211420,Austin,No,No,Travis,0,0,0,0,1,Possible Injury,1756,1,1,2017,Friday,Pedalcyclist,No Data,SPENCER LN,Intersection,30.25271478,Dusk,-97.69987247,One Motor Vehicle - Turning Right,No Data,Not Applicable,No Data,Not Applicable,"250,000 Pop And Over",No,BICYCLE,No Data,City Street,"Straight, Level",Main/Proper Lane,On Roadway,No Data,35,E 5TH ST,4998,Dry,None,Clear,Not Worn,Pedalcyclist
16094097,No,No,No Data,Austin Police Department,TRUE,No Data,No Data,173231233,Austin,No,No,Travis,0,0,1,0,0,Non-Incapacitating Injury,1810,1,1,2017,Sunday,Pedalcyclist,No Data,BARTON SPRINGS RD,Intersection,30.26032478,"Dark, Lighted",-97.75569246,One Motor Vehicle - Turning Left,No Data,Not Applicable,No Data,Not Applicable,"250,000 Pop And Over",No,NONE,No Data,City Street,"Straight, Level",Main/Proper Lane,On Roadway,No Data,30,DAWSON RD,499,Dry,Signal Light,Clear,Not Worn,Pedalcyclist
16106216,No,No,29839,Austin Police Department,TRUE,29839,2014,173251460,Austin,No,No,Travis,0,0,1,0,0,Non-Incapacitating Injury,2038,1,1,2017,Tuesday,Pedalcyclist,State Loop,FM0734,Intersection Related,30.36109981,"Dark, Lighted",-97.69810232,One Motor Vehicle - Going Straight,4,Attention Diverted From Driving,0,Not Applicable,"250,000 Pop And Over",No,NONE,125,US & State Highways,"Straight, Level",Main/Proper Lane,On Roadway,"4 Or More Lanes, Undivided",-1,SL0275,794,Dry,Stop Sign,Clear,Not Worn,Pedalcyclist
16106402,No,No,No Data,Austin Police Department,TRUE,No Data,No Data,173281163,Austin,No,No,Travis,0,0,0,0,1,Possible Injury,1935,1,1,2017,Friday,Pedalcyclist,No Data,UNKNOWN,Intersection,30.23125479,"Dark, Not Lighted",-97.72531247,One Motor Vehicle - Turning Right,No Data,Not Applicable,No Data,Not Applicable,"250,000 Pop And Over",No,BLUE BICYCLE,No Data,City Street,"Straight, Level",Main/Proper Lane,On Roadway,No Data,-1,S PLEASANT VALLEY RD,2211,Dry,None,Clear,Not Worn,Pedalcyclist
16111494,Yes,No,No Data,Austin Police Department,TRUE,No Data,No Data,173280443,Austin,No,No,Travis,0,0,1,1,0,Non-Incapacitating Injury,1039,1,0,2017,Friday,Pedalcyclist,No Data,MONROE ST W,Intersection Related,30.24796478,Daylight,-97.75027246,One Motor Vehicle - Turning Left,No Data,Not Applicable,No Data,Not Applicable,"250,000 Pop And Over",No,NONE,No Data,City Street,"Straight, Level",Main/Proper Lane,On Roadway,No Data,35,CONGRESS AVE S,1599,Dry,Signal Light,Clear,"Worn, Not Damaged",Pedalcyclist
16111500,No,No,No Data,Austin Police Department,TRUE,No Data,No Data,173291348,Austin,No,No,Travis,0,0,1,0,0,Non-Incapacitating Injury,2028,1,1,2017,Saturday,Pedalcyclist,No Data,UNKNOWN,Intersection,30.27309624,"Dark, Lighted",-97.72380647,One Motor Vehicle - Going Straight,No Data,Not Applicable,No Data,Not Applicable,"250,000 Pop And Over",No,NONE,No Data,City Street,"Straight, Level",Main/Proper Lane,On Roadway,No Data,35,COMAL ST,1199,Dry,Crosswalk,Clear,Not Worn,Pedalcyclist
16111839,Yes,No,No Data,Austin Police Department,TRUE,No Data,No Data,173320307,Austin,No,No,Travis,0,0,1,1,0,Non-Incapacitating Injury,653,1,0,2017,Tuesday,Pedalcyclist,No Data,DUVAL RD,Intersection,30.41724475,"Dark, Lighted",-97.75004245,One Motor Vehicle - Turning Left,No Data,Attention Diverted From Driving,No Data,Not Applicable,"250,000 Pop And Over",No,NONE,No Data,City Street,"Straight, Level",Main/Proper Lane,On Roadway,No Data,40,JOLLYVILLE RD,11615,Dry,Signal Light,Clear,"Worn, Damaged",Pedalcyclist
16115971,Yes,No,No Data,Austin Police Department,TRUE,No Data,No Data,173340332,Austin,No,No,Travis,0,1,0,1,0,Incapacitating Injury,748,1,0,2017,Thursday,Pedalcyclist,No Data,S LAKESHORE BLVD,Intersection Related,30.24247478,Daylight,-97.71723247,One Motor Vehicle - Going Straight,No Data,Not Applicable,No Data,Not Applicable,"250,000 Pop And Over",No,NONE,No Data,City Street,"Straight, Level",Main/Proper Lane,On Roadway,No Data,35,S PLEASANT VALLEY RD,1009,Dry,Signal Light,Clear,Not Worn,Pedalcyclist
16142780,Yes,No,No Data,Austin Police Department,TRUE,No Data,No Data,173341240,Austin,No,No,Travis,0,0,0,1,1,Possible Injury,1732,1,0,2017,Thursday,Pedalcyclist,No Data,CAMACHO ST,Intersection Related,30.29563477,Dusk,-97.70025247,One Motor Vehicle - Turning Left,No Data,Not Applicable,No Data,Not Applicable,"250,000 Pop And Over",No,NONE,No Data,City Street,"Straight, Level",Main/Proper Lane,On Roadway,No Data,-1,BERKMAN DR,4301,Dry,None,Clear,"Worn, Not Damaged",Pedalcyclist
16119769,No,No,29304,Austin Police Department,TRUE,29304,2014,173351366,Austin,No,No,Travis,0,0,0,2,1,Possible Injury,1904,1,0,2017,Friday,Pedalcyclist,State Loop,SAN ANTONIO ST,Intersection Related,30.26468702,"Dark, Not Lighted",-97.74910901,One Motor Vehicle - Turning Left,4,Not Applicable,7,Not Applicable,"250,000 Pop And Over",No,NONE,74,US & State Highways,"Straight, Level",Main/Proper Lane,On Roadway,"4 Or More Lanes, Undivided",35,SL0343,500,Dry,None,Clear,Not Worn,Pedalcyclist
16119848,No,No,No Data,Austin Police Department,TRUE,No Data,No Data,173361317,Austin,No,No,Travis,0,1,0,2,0,Incapacitating Injury,1930,1,0,2017,Saturday,Pedalcyclist,No Data,W WILLIAM CANNON DR,Intersection Related,30.21373479,"Dark, Lighted",-97.83046244,One Motor Vehicle - Going Straight,No Data,Not Applicable,No Data,Not Applicable,"250,000 Pop And Over",No,NONE,No Data,City Street,"Straight, Level",Main/Proper Lane,On Roadway,No Data,45,BRODIE LN,NO DATA,Dry,Signal Light,Clear,Not Worn,Pedalcyclist
16129829,No,No,No Data,University Of Texas At Austin Police Department,FALSE,No Data,No Data,1715264,Austin,No,No,Travis,0,0,1,1,0,Non-Incapacitating Injury,1530,1,0,2017,Monday,Pedalcyclist,No Data,N/A,Non Intersection,30.28449878,Daylight,-97.73385173,One Motor Vehicle - Turning Right,No Data,Not Applicable,No Data,Parking Area Within Right Of Way,"250,000 Pop And Over",No,NONE,No Data,City Street,"Straight, Level",Main/Proper Lane,On Roadway,No Data,15,SAN JACINTO BLVD,2200,Dry,Marked Lanes,Clear,Not Worn,Pedalcyclist
16127795,No,No,No Data,Austin Police Department,TRUE,No Data,No Data,173390874,Austin,No,No,Travis,0,0,1,1,0,Non-Incapacitating Injury,1254,1,0,2017,Tuesday,Pedalcyclist,No Data,W NORTH LOOP BLVD,Intersection Related,30.32582477,Daylight,-97.73962246,One Motor Vehicle - Going Straight,No Data,Attention Diverted From Driving,No Data,Not Applicable,"250,000 Pop And Over",No,NONE,No Data,City Street,"Straight, Level",Main/Proper Lane,On Roadway,No Data,40,BURNET RD,5299,Dry,Signal Light,Cloudy,Not Worn,Pedalcyclist
16127806,No,No,No Data,Austin Police Department,TRUE,No Data,No Data,173391603,Austin,No,No,Travis,0,0,1,1,0,Non-Incapacitating Injury,2048,1,0,2017,Tuesday,Pedalcyclist,No Data,N/A,Non Intersection,30.25468478,"Dark, Lighted",-97.71770247,One Motor Vehicle - Going Straight,No Data,Not Applicable,No Data,Not Applicable,"250,000 Pop And Over",No,NONE,No Data,City Street,"Straight, Level",Main/Proper Lane,On Roadway,No Data,-1,CESAR CHAVEZ ST E,2400,Dry,Center Stripe/Divider,Clear,Not Worn,Pedalcyclist
16128020,No,No,No Data,Austin Police Department,TRUE,No Data,No Data,173410323,Austin,No,No,Travis,0,0,0,2,0,Not Injured,737,0,0,2017,Thursday,Pedalcyclist,No Data,S 1ST ST,Intersection Related,30.20053479,Daylight,-97.78564246,One Motor Vehicle - Going Straight,No Data,Not Applicable,No Data,Not Applicable,"250,000 Pop And Over",No,NONE,No Data,City Street,"Straight, Grade",Main/Proper Lane,On Roadway,No Data,30,EBERHART LN,698,Wet,Signal Light,Rain,Not Worn,Pedalcyclist
16133720,Yes,No,No Data,Austin Police Department,TRUE,No Data,No Data,173420819,Austin,No,No,Travis,0,0,1,1,0,Non-Incapacitating Injury,930,1,0,2017,Friday,Pedalcyclist,No Data,BECKWOOD DR,Intersection,30.44069475,Daylight,-97.82554243,One Motor Vehicle - Going Straight,No Data,Attention Diverted From Driving,No Data,Not Applicable,"250,000 Pop And Over",No,NONE,No Data,City Street,"Straight, Grade",Main/Proper Lane,On Roadway,No Data,-1,BOULDER LN,11400,Dry,Stop Sign,Clear,"Worn, Unk Damage",Pedalcyclist
16133755,Yes,No,No Data,Austin Police Department,TRUE,No Data,No Data,173421282,Austin,No,No,Travis,0,0,0,3,0,Not Injured,1802,0,0,2017,Friday,Motor Vehicle In Transport,No Data,UNKNOWN,Intersection,30.41159081,"Dark, Lighted",-97.72204571,Opposite Direction - One Straight-One Left Turn,No Data,One Vehicle Entering Driveway,No Data,Entrance To Or Exit From Private Property Or Driveway,"250,000 Pop And Over",No,NONE,No Data,City Street,"Straight, Level",Main/Proper Lane,On Roadway,No Data,35,DUVAL RD,NO DATA,Dry,Marked Lanes,Clear,Not Worn,Pedalcyclist